video,frame,timestamp,x_cm,y_cm,robot_yaw,interpolated
Camo 录像 2026-01-27 01-08-33,0,0.0,61.0,61.0,90.0,0.0
Camo 录像 2026-01-27 01-08-33,1,0.03333333333333333,60.98065,61.07122,90.06,0.0
Camo 录像 2026-01-27 01-08-33,2,0.06666666666666667,60.944557,61.136177,89.25,0.0
Camo 录像 2026-01-27 01-08-33,3,0.1,60.86618,61.209145,88.70999999999998,0.0
Camo 录像 2026-01-27 01-08-33,4,0.13333333333333333,60.769646,61.286552,87.97000000000003,0.0
Camo 录像 2026-01-27 01-08-33,5,0.16666666666666666,60.652916,61.350037,87.27999999999997,0.0
Camo 录像 2026-01-27 01-08-33,6,0.2,60.460968,61.404167,86.13,0.0
Camo 录像 2026-01-27 01-08-33,7,0.23333333333333334,60.21642,61.425682,84.72000000000003,0.0
Camo 录像 2026-01-27 01-08-33,8,0.26666666666666666,59.921005,61.431404,84.19,0.0
Camo 录像 2026-01-27 01-08-33,9,0.3,59.60764,61.413445,83.34000000000003,0.0
Camo 录像 2026-01-27 01-08-33,10,0.3333333333333333,59.29119,61.366898,82.38999999999999,0.0
Camo 录像 2026-01-27 01-08-33,11,0.36666666666666664,58.97642,61.288216,82.25,0.0
Camo 录像 2026-01-27 01-08-33,12,0.4,58.703495,61.205544,82.57999999999998,0.0
Camo 录像 2026-01-27 01-08-33,13,0.43333333333333335,58.48167,61.106728,83.49000000000001,0.0
Camo 录像 2026-01-27 01-08-33,14,0.4666666666666667,58.295887,61.02272,84.74000000000001,0.0
Camo 录像 2026-01-27 01-08-33,15,0.5,58.186604,60.94056,86.38,0.0
Camo 录像 2026-01-27 01-08-33,16,0.5333333333333333,58.145744,60.89437,88.75999999999999,0.0
Camo 录像 2026-01-27 01-08-33,17,0.5666666666666667,58.20815,60.879883,92.63999999999999,0.0
Camo 录像 2026-01-27 01-08-33,18,0.6,58.33712,60.94484,96.20999999999998,0.0
Camo 录像 2026-01-27 01-08-33,19,0.6333333333333333,58.473694,61.08438,99.60000000000002,0.0
Camo 录像 2026-01-27 01-08-33,20,0.6666666666666666,58.793156,61.36892,103.94,0.0
Camo 录像 2026-01-27 01-08-33,21,0.7,59.185184,61.775963,109.31,0.0
Camo 录像 2026-01-27 01-08-33,22,0.7333333333333333,59.72005,62.20301,114.89999999999998,0.0
Camo 录像 2026-01-27 01-08-33,23,0.7666666666666667,60.32125,62.63584,120.30000000000001,0.0
Camo 录像 2026-01-27 01-08-33,24,0.8,60.9723,63.061928,125.75,0.0
Camo 录像 2026-01-27 01-08-33,25,0.8333333333333334,61.62533,63.463226,129.73000000000002,0.0
Camo 录像 2026-01-27 01-08-33,26,0.8666666666666667,62.32008,63.814384,133.81,0.0
Camo 录像 2026-01-27 01-08-33,27,0.9,63.004696,64.16392,137.01,0.0
Camo 录像 2026-01-27 01-08-33,28,0.9333333333333333,63.696968,64.50191,139.54000000000002,0.0
Camo 录像 2026-01-27 01-08-33,29,0.9666666666666667,64.3689,64.82527,141.23000000000002,0.0
Camo 录像 2026-01-27 01-08-33,30,1.0,64.99328,65.117516,142.38,0.0
Camo 录像 2026-01-27 01-08-33,31,1.0333333333333334,65.61537,65.480194,142.54000000000002,0.0
Camo 录像 2026-01-27 01-08-33,32,1.0666666666666667,66.125595,65.73516,142.57999999999998,0.0
Camo 录像 2026-01-27 01-08-33,33,1.1,66.69005,66.04024,142.07,0.0
Camo 录像 2026-01-27 01-08-33,34,1.1333333333333333,67.15196,66.3469,141.18,0.0
Camo 录像 2026-01-27 01-08-33,35,1.1666666666666667,67.611786,66.69462,139.58999999999997,0.0
Camo 录像 2026-01-27 01-08-33,36,1.2,68.05603,67.08036,137.5,0.0
Camo 录像 2026-01-27 01-08-33,37,1.2333333333333334,68.43681,67.49453,135.16000000000003,0.0
Camo 录像 2026-01-27 01-08-33,38,1.2666666666666666,68.68837,67.90897,131.82999999999998,0.0
Camo 录像 2026-01-27 01-08-33,39,1.3,68.976166,68.41009,128.7,0.0
Camo 录像 2026-01-27 01-08-33,40,1.3333333333333333,69.28798,68.96009,125.48000000000002,0.0
Camo 录像 2026-01-27 01-08-33,41,1.3666666666666667,69.49257,69.49845,121.32999999999998,0.0
Camo 录像 2026-01-27 01-08-33,42,1.4,69.59657,70.08249,117.84000000000003,0.0
Camo 录像 2026-01-27 01-08-33,43,1.4333333333333333,69.6617,70.74334,112.97000000000003,0.0
Camo 录像 2026-01-27 01-08-33,44,1.4666666666666666,69.581375,71.46374,108.44999999999999,0.0
Camo 录像 2026-01-27 01-08-33,45,1.5,69.46738,72.21898,103.18400000000003,1.0
Camo 录像 2026-01-27 01-08-33,46,1.5333333333333334,69.31743,72.9989,97.68099999999998,1.0
Camo 录像 2026-01-27 01-08-33,47,1.5666666666666667,69.12932,73.79333,92.44999999999999,0.0
Camo 录像 2026-01-27 01-08-33,48,1.6,68.90077,74.592094,88.0,0.0
Camo 录像 2026-01-27 01-08-33,49,1.6333333333333333,68.51216,75.2063,83.11000000000001,0.0
Camo 录像 2026-01-27 01-08-33,50,1.6666666666666667,68.22719,75.98698,78.07,0.0
Camo 录像 2026-01-27 01-08-33,51,1.7,67.84776,76.657295,74.48000000000002,0.0
Camo 录像 2026-01-27 01-08-33,52,1.7333333333333334,67.42485,77.30362,70.34,0.0
Camo 录像 2026-01-27 01-08-33,53,1.7666666666666666,66.87651,77.75298,65.32999999999998,0.0
Camo 录像 2026-01-27 01-08-33,54,1.8,66.41858,78.435,62.56,0.0
Camo 录像 2026-01-27 01-08-33,55,1.8333333333333333,65.87569,78.973976,59.579999999999984,0.0
Camo 录像 2026-01-27 01-08-33,56,1.8666666666666667,65.34187,79.57276,56.120000000000005,0.0
Camo 录像 2026-01-27 01-08-33,57,1.9,64.74768,79.981575,54.24000000000001,0.0
Camo 录像 2026-01-27 01-08-33,58,1.9333333333333333,64.15518,80.30819,50.93000000000001,0.0
Camo 录像 2026-01-27 01-08-33,59,1.9666666666666666,63.577145,80.76562,49.81999999999999,0.0
Camo 录像 2026-01-27 01-08-33,60,2.0,63.039417,81.25356,49.379999999999995,0.0
Camo 录像 2026-01-27 01-08-33,61,2.033333333333333,62.478462,81.64065,48.76999999999998,0.0
Camo 录像 2026-01-27 01-08-33,62,2.066666666666667,61.926617,82.03714,49.22999999999999,0.0
Camo 录像 2026-01-27 01-08-33,63,2.1,61.416965,82.47418,48.74000000000001,0.0
Camo 录像 2026-01-27 01-08-33,64,2.1333333333333333,60.92761,82.94286,49.78999999999999,0.0
Camo 录像 2026-01-27 01-08-33,65,2.1666666666666665,60.472782,83.251114,51.53999999999999,0.0
Camo 录像 2026-01-27 01-08-33,66,2.2,60.085144,83.63728,51.75999999999999,0.0
Camo 录像 2026-01-27 01-08-33,67,2.2333333333333334,59.792034,84.28788,54.920000000000016,0.0
Camo 录像 2026-01-27 01-08-33,68,2.2666666666666666,59.576588,84.860565,57.879999999999995,0.0
Camo 录像 2026-01-27 01-08-33,69,2.3,59.381687,85.41439,61.72999999999999,0.0
Camo 录像 2026-01-27 01-08-33,70,2.3333333333333335,59.29627,85.88374,64.22999999999999,0.0
Camo 录像 2026-01-27 01-08-33,71,2.3666666666666667,59.24539,86.5985,69.17000000000002,0.0
Camo 录像 2026-01-27 01-08-33,72,2.4,59.224026,87.00695,71.61000000000001,0.0
Camo 录像 2026-01-27 01-08-33,73,2.433333333333333,59.234684,87.79847,77.65999999999997,0.0
Camo 录像 2026-01-27 01-08-33,74,2.466666666666667,59.28696,88.567375,80.75,0.0
Camo 录像 2026-01-27 01-08-33,75,2.5,59.384506,89.2363,85.26999999999998,0.0
Camo 录像 2026-01-27 01-08-33,76,2.533333333333333,59.501198,89.94116,91.14999999999998,0.0
Camo 录像 2026-01-27 01-08-33,77,2.566666666666667,59.685745,90.75086,95.17000000000002,0.0
Camo 录像 2026-01-27 01-08-33,78,2.6,59.88402,91.56153,99.50999999999999,0.0
Camo 录像 2026-01-27 01-08-33,79,2.6333333333333333,60.116962,91.99549,103.62,0.0
Camo 录像 2026-01-27 01-08-33,80,2.6666666666666665,60.414593,92.8243,108.64999999999998,0.0
Camo 录像 2026-01-27 01-08-33,81,2.7,60.7714,93.48823,113.36000000000001,0.0
Camo 录像 2026-01-27 01-08-33,82,2.7333333333333334,61.16094,94.15321,117.17000000000002,0.0
Camo 录像 2026-01-27 01-08-33,83,2.7666666666666666,61.59586,94.67814,120.92000000000002,0.0
Camo 录像 2026-01-27 01-08-33,84,2.8,62.08726,95.26262,124.18,0.0
Camo 录像 2026-01-27 01-08-33,85,2.8333333333333335,62.575443,95.54445,127.32,0.0
Camo 录像 2026-01-27 01-08-33,86,2.8666666666666667,63.15323,96.437706,130.18,0.0
Camo 录像 2026-01-27 01-08-33,87,2.9,63.721817,96.78966,132.26999999999998,0.0
Camo 录像 2026-01-27 01-08-33,88,2.933333333333333,64.238174,96.84812,135.18,0.0
Camo 录像 2026-01-27 01-08-33,89,2.966666666666667,64.838394,97.55165,134.76,0.0
Camo 录像 2026-01-27 01-08-33,90,3.0,65.44313,98.43641,137.24,0.0
Camo 录像 2026-01-27 01-08-33,91,3.033333333333333,65.985794,98.89323,137.24,0.0
Camo 录像 2026-01-27 01-08-33,92,3.066666666666667,66.53067,99.382095,137.18,0.0
Camo 录像 2026-01-27 01-08-33,93,3.1,67.04663,99.865685,135.99,0.0
Camo 录像 2026-01-27 01-08-33,94,3.1333333333333333,67.447205,99.852875,133.99,0.0
Camo 录像 2026-01-27 01-08-33,95,3.1666666666666665,67.900085,100.312675,132.82,0.0
Camo 录像 2026-01-27 01-08-33,96,3.2,68.35251,100.89227,130.32,0.0
Camo 录像 2026-01-27 01-08-33,97,3.2333333333333334,68.788086,101.66957,130.74,0.0
Camo 录像 2026-01-27 01-08-33,98,3.2666666666666666,69.14159,102.27719,127.14999999999998,0.0
Camo 录像 2026-01-27 01-08-33,99,3.3,69.47415,103.039734,122.98000000000002,0.0
Camo 录像 2026-01-27 01-08-33,100,3.3333333333333335,69.59425,103.2929,120.48000000000002,0.0
Camo 录像 2026-01-27 01-08-33,101,3.3666666666666667,69.797134,104.07364,117.20999999999998,0.0
Camo 录像 2026-01-27 01-08-33,102,3.4,69.97467,105.037575,112.88999999999999,0.0
Camo 录像 2026-01-27 01-08-33,103,3.433333333333333,70.01689,105.89132,108.70999999999998,0.0
Camo 录像 2026-01-27 01-08-33,104,3.466666666666667,69.91475,106.50172,105.31,0.0
Camo 录像 2026-01-27 01-08-33,105,3.5,69.73341,107.02748,99.07999999999998,0.0
Camo 录像 2026-01-27 01-08-33,106,3.533333333333333,69.563995,107.92336,94.11000000000001,0.0
Camo 录像 2026-01-27 01-08-33,107,3.566666666666667,69.40341,109.12217,91.68,0.0
Camo 录像 2026-01-27 01-08-33,108,3.6,69.00227,109.4172,84.37,0.0
Camo 录像 2026-01-27 01-08-33,109,3.6333333333333333,68.783646,110.889534,82.02999999999997,0.0
Camo 录像 2026-01-27 01-08-33,110,3.6666666666666665,68.2675,110.96556,74.0,0.0
Camo 录像 2026-01-27 01-08-33,111,3.7,67.896484,112.06953,70.32,0.0
Camo 录像 2026-01-27 01-08-33,112,3.7333333333333334,67.35414,112.33881,65.98000000000002,0.0
Camo 录像 2026-01-27 01-08-33,113,3.7666666666666666,66.84328,113.09125,61.50999999999999,0.0
Camo 录像 2026-01-27 01-08-33,114,3.8,66.33394,113.91867,58.28,0.0
Camo 录像 2026-01-27 01-08-33,115,3.8333333333333335,65.70616,114.19944,55.139999999999986,0.0
Camo 录像 2026-01-27 01-08-33,116,3.8666666666666667,65.069275,114.45542,52.26999999999998,0.0
Camo 录像 2026-01-27 01-08-33,117,3.9,64.44797,114.9556,50.30000000000001,0.0
Camo 录像 2026-01-27 01-08-33,118,3.933333333333333,63.795815,115.50909,53.31999999999999,0.0
Camo 录像 2026-01-27 01-08-33,119,3.966666666666667,63.187904,116.01276,52.18000000000001,0.0
Camo 录像 2026-01-27 01-10-21,0,0.0,61.0,61.0,90.0,0.0
Camo 录像 2026-01-27 01-10-21,1,0.03333333333333333,60.98489,60.996647,89.99000000000001,0.0
Camo 录像 2026-01-27 01-10-21,2,0.06666666666666667,60.943237,60.99024,89.38999999999999,0.0
Camo 录像 2026-01-27 01-10-21,3,0.1,60.835262,60.986122,88.63999999999999,0.0
Camo 录像 2026-01-27 01-10-21,4,0.13333333333333333,60.70607,60.983433,87.86000000000001,0.0
Camo 录像 2026-01-27 01-10-21,5,0.16666666666666666,60.530846,60.968517,86.93,0.0
Camo 录像 2026-01-27 01-10-21,6,0.2,60.305443,60.944324,86.04000000000002,0.0
Camo 录像 2026-01-27 01-10-21,7,0.23333333333333334,60.021416,60.913235,84.94999999999999,0.0
Camo 录像 2026-01-27 01-10-21,8,0.26666666666666666,59.70337,60.803097,84.19999999999999,0.0
Camo 录像 2026-01-27 01-10-21,9,0.3,59.391254,60.728558,83.57,0.0
Camo 录像 2026-01-27 01-10-21,10,0.3333333333333333,59.074314,60.61061,83.00999999999999,0.0
Camo 录像 2026-01-27 01-10-21,11,0.36666666666666664,58.760643,60.469112,83.0,0.0
Camo 录像 2026-01-27 01-10-21,12,0.4,58.491177,60.337353,83.72000000000003,0.0
Camo 录像 2026-01-27 01-10-21,13,0.43333333333333335,58.270645,60.201267,84.67000000000002,0.0
Camo 录像 2026-01-27 01-10-21,14,0.4666666666666667,58.0681,60.041374,85.65999999999997,0.0
Camo 录像 2026-01-27 01-10-21,15,0.5,57.99779,59.970917,87.94999999999999,0.0
Camo 录像 2026-01-27 01-10-21,16,0.5333333333333333,57.946945,59.829502,91.15999999999997,0.0
Camo 录像 2026-01-27 01-10-21,17,0.5666666666666667,58.051884,59.808144,94.80000000000001,0.0
Camo 录像 2026-01-27 01-10-21,18,0.6,58.1517,59.84039,98.24000000000001,0.0
Camo 录像 2026-01-27 01-10-21,19,0.6333333333333333,58.36326,60.077408,101.63999999999999,0.0
Camo 录像 2026-01-27 01-10-21,20,0.6666666666666666,58.719017,60.360638,107.26999999999998,0.0
Camo 录像 2026-01-27 01-10-21,21,0.7,59.177383,60.764744,112.52999999999997,0.0
Camo 录像 2026-01-27 01-10-21,22,0.7333333333333333,59.73821,61.198895,117.90999999999997,0.0
Camo 录像 2026-01-27 01-10-21,23,0.7666666666666667,60.339466,61.629284,123.65999999999997,0.0
Camo 录像 2026-01-27 01-10-21,24,0.8,60.96917,62.063095,128.02999999999997,0.0
Camo 录像 2026-01-27 01-10-21,25,0.8333333333333334,61.628506,62.478813,132.33000000000004,0.0
Camo 录像 2026-01-27 01-10-21,26,0.8666666666666667,62.289085,62.842655,135.97000000000003,0.0
Camo 录像 2026-01-27 01-10-21,27,0.9,62.95008,63.244034,138.12,0.0
Camo 录像 2026-01-27 01-10-21,28,0.9333333333333333,63.662983,63.608692,141.01,0.0
Camo 录像 2026-01-27 01-10-21,29,0.9666666666666667,64.34395,63.968716,142.39999999999998,0.0
Camo 录像 2026-01-27 01-10-21,30,1.0,65.001526,64.32295,143.02999999999997,0.0
Camo 录像 2026-01-27 01-10-21,31,1.0333333333333334,65.56374,64.68085,143.23000000000002,0.0
Camo 录像 2026-01-27 01-10-21,32,1.0666666666666667,66.12039,64.98615,143.18,0.0
Camo 录像 2026-01-27 01-10-21,33,1.1,66.631874,65.33336,142.38,0.0
Camo 录像 2026-01-27 01-10-21,34,1.1333333333333333,67.07442,65.688,141.28999999999996,0.0
Camo 录像 2026-01-27 01-10-21,35,1.1666666666666667,67.569954,66.071884,139.51,0.0
Camo 录像 2026-01-27 01-10-21,36,1.2,67.96768,66.49538,137.43,0.0
Camo 录像 2026-01-27 01-10-21,37,1.2333333333333334,68.36803,66.97945,134.8,0.0
Camo 录像 2026-01-27 01-10-21,38,1.2666666666666666,68.64206,67.47983,131.34000000000003,0.0
Camo 录像 2026-01-27 01-10-21,39,1.3,68.976685,68.028534,128.59000000000003,0.0
Camo 录像 2026-01-27 01-10-21,40,1.3333333333333333,69.24087,68.59024,124.34000000000003,0.0
Camo 录像 2026-01-27 01-10-21,41,1.3666666666666667,69.419174,69.17479,120.75,0.0
Camo 录像 2026-01-27 01-10-21,42,1.4,69.53803,69.818665,116.62,0.0
Camo 录像 2026-01-27 01-10-21,43,1.4333333333333333,69.58392,70.54204,112.05000000000001,0.0
Camo 录像 2026-01-27 01-10-21,44,1.4666666666666666,69.552505,71.311966,107.15199999999999,1.0
Camo 录像 2026-01-27 01-10-21,45,1.5,69.459206,72.11125,102.00799999999998,1.0
Camo 录像 2026-01-27 01-10-21,46,1.5333333333333334,69.31942,72.92273,96.69999999999999,0.0
Camo 录像 2026-01-27 01-10-21,47,1.5666666666666667,69.14859,73.7292,91.31,0.0
Camo 录像 2026-01-27 01-10-21,48,1.6,68.92331,74.5824,87.26999999999998,0.0
Camo 录像 2026-01-27 01-10-21,49,1.6333333333333333,68.67246,75.35582,82.11000000000001,0.0
Camo 录像 2026-01-27 01-10-21,50,1.6666666666666667,68.359665,76.111694,77.5,0.0
Camo 录像 2026-01-27 01-10-21,51,1.7,67.98204,76.754395,73.24000000000001,0.0
Camo 录像 2026-01-27 01-10-21,52,1.7333333333333334,67.61757,77.446915,68.88999999999999,0.0
Camo 录像 2026-01-27 01-10-21,53,1.7666666666666666,67.16698,78.051605,65.21000000000001,0.0
Camo 录像 2026-01-27 01-10-21,54,1.8,66.707664,78.66325,62.16,0.0
Camo 录像 2026-01-27 01-10-21,55,1.8333333333333333,66.212616,79.22197,58.97,0.0
Camo 录像 2026-01-27 01-10-21,56,1.8666666666666667,65.69408,79.79118,56.25,0.0
Camo 录像 2026-01-27 01-10-21,57,1.9,65.08567,80.1606,54.55000000000001,0.0
Camo 录像 2026-01-27 01-10-21,58,1.9333333333333333,64.494514,80.61453,51.870000000000005,0.0
Camo 录像 2026-01-27 01-10-21,59,1.9666666666666666,63.916824,81.13254,51.48000000000002,0.0
Camo 录像 2026-01-27 01-10-21,60,2.0,63.32594,81.61972,50.21000000000001,0.0
Camo 录像 2026-01-27 01-10-21,61,2.033333333333333,62.746037,82.127594,49.81999999999999,0.0
Camo 录像 2026-01-27 01-10-21,62,2.066666666666667,62.16825,82.59657,50.129999999999995,0.0
Camo 录像 2026-01-27 01-10-21,63,2.1,61.633324,83.06871,50.610000000000014,0.0
Camo 录像 2026-01-27 01-10-21,64,2.1333333333333333,61.140606,83.38759,50.77000000000001,0.0
Camo 录像 2026-01-27 01-10-21,65,2.1666666666666665,60.691765,83.98627,53.47,0.0
Camo 录像 2026-01-27 01-10-21,66,2.2,60.32045,84.423004,55.41,0.0
Camo 录像 2026-01-27 01-10-21,67,2.2333333333333334,60.06095,85.00598,57.5,0.0
Camo 录像 2026-01-27 01-10-21,68,2.2666666666666666,59.83224,85.54927,60.81999999999999,0.0
Camo 录像 2026-01-27 01-10-21,69,2.3,59.65594,85.98421,64.75999999999999,0.0
Camo 录像 2026-01-27 01-10-21,70,2.3333333333333335,59.544235,86.5679,68.13999999999999,0.0
Camo 录像 2026-01-27 01-10-21,71,2.3666666666666667,59.46582,87.13733,71.9,0.0
Camo 录像 2026-01-27 01-10-21,72,2.4,59.42799,87.711075,74.98000000000002,0.0
Camo 录像 2026-01-27 01-10-21,73,2.433333333333333,59.43948,88.14928,79.38,0.0
Camo 录像 2026-01-27 01-10-21,74,2.466666666666667,59.510574,88.94435,83.79000000000002,0.0
Camo 录像 2026-01-27 01-10-21,75,2.5,59.61152,89.762054,88.61000000000001,0.0
Camo 录像 2026-01-27 01-10-21,76,2.533333333333333,59.742645,90.62863,93.46000000000004,0.0
Camo 录像 2026-01-27 01-10-21,77,2.566666666666667,59.958492,91.31473,99.49000000000001,0.0
Camo 录像 2026-01-27 01-10-21,78,2.6,60.221245,92.15022,103.65999999999997,0.0
Camo 录像 2026-01-27 01-10-21,79,2.6333333333333333,60.504795,92.64685,107.19,0.0
Camo 录像 2026-01-27 01-10-21,80,2.6666666666666665,60.85951,93.59631,112.71000000000004,0.0
Camo 录像 2026-01-27 01-10-21,81,2.7,61.253265,94.19408,116.75999999999999,0.0
Camo 录像 2026-01-27 01-10-21,82,2.7333333333333334,61.69196,94.52478,120.97000000000003,0.0
Camo 录像 2026-01-27 01-10-21,83,2.7666666666666666,62.181046,95.45216,124.32999999999998,0.0
Camo 录像 2026-01-27 01-10-21,84,2.8,62.69719,95.839874,127.57,0.0
Camo 录像 2026-01-27 01-10-21,85,2.8333333333333335,63.236473,96.28836,131.58000000000004,0.0
Camo 录像 2026-01-27 01-10-21,86,2.8666666666666667,63.80993,96.97676,133.91999999999996,0.0
Camo 录像 2026-01-27 01-10-21,87,2.9,64.38954,97.29314,136.51999999999998,0.0
Camo 录像 2026-01-27 01-10-21,88,2.933333333333333,64.972275,97.834915,136.96000000000004,0.0
Camo 录像 2026-01-27 01-10-21,89,2.966666666666667,65.54135,98.35942,138.76,0.0
Camo 录像 2026-01-27 01-10-21,90,3.0,66.055115,98.48604,137.85000000000002,0.0
Camo 录像 2026-01-27 01-10-21,91,3.033333333333333,66.56176,98.796906,140.09000000000003,0.0
Camo 录像 2026-01-27 01-10-21,92,3.066666666666667,67.19241,99.77365,137.76999999999998,0.0
Camo 录像 2026-01-27 01-10-21,93,3.1,67.67848,100.16504,137.25,0.0
Camo 录像 2026-01-27 01-10-21,94,3.1333333333333333,68.18756,100.65439,137.08000000000004,0.0
Camo 录像 2026-01-27 01-10-21,95,3.1666666666666665,68.68331,101.24388,135.19,0.0
Camo 录像 2026-01-27 01-10-21,96,3.2,69.03717,101.46214,133.38,0.0
Camo 录像 2026-01-27 01-10-21,97,3.2333333333333334,69.44258,102.15744,130.88,0.0
Camo 录像 2026-01-27 01-10-21,98,3.2666666666666666,69.74644,102.66687,127.75999999999999,0.0
Camo 录像 2026-01-27 01-10-21,99,3.3,70.08427,103.69255,124.71000000000004,0.0
Camo 录像 2026-01-27 01-10-21,100,3.3333333333333335,70.1918,103.99689,120.06,0.0
Camo 录像 2026-01-27 01-10-21,101,3.3666666666666667,70.49264,105.22395,117.17000000000002,0.0
Camo 录像 2026-01-27 01-10-21,102,3.4,70.58903,105.92015,113.71000000000004,0.0
Camo 录像 2026-01-27 01-10-21,103,3.433333333333333,70.53178,106.34898,109.49000000000001,0.0
Camo 录像 2026-01-27 01-10-21,104,3.466666666666667,70.52514,107.27646,105.69999999999999,0.0
Camo 录像 2026-01-27 01-10-21,105,3.5,70.42929,108.05965,101.92000000000002,0.0
Camo 录像 2026-01-27 01-10-21,106,3.533333333333333,70.34873,109.18439,95.90999999999997,0.0
Camo 录像 2026-01-27 01-10-21,107,3.566666666666667,70.190155,110.1889,91.13,0.0
Camo 录像 2026-01-27 01-10-21,108,3.6,69.96544,111.133865,86.63999999999999,0.0
Camo 录像 2026-01-27 01-10-21,109,3.6333333333333333,69.56339,111.32672,78.94999999999999,0.0
Camo 录像 2026-01-27 01-10-21,110,3.6666666666666665,69.2855,112.44971,74.04000000000002,0.0
Camo 录像 2026-01-27 01-10-21,111,3.7,68.862206,113.129486,70.75,0.0
Camo 录像 2026-01-27 01-10-21,112,3.7333333333333334,68.41312,113.8956,70.81,0.0
Camo 录像 2026-01-27 01-10-21,113,3.7666666666666666,67.912254,114.35547,62.03,0.0
Camo 录像 2026-01-27 01-10-21,114,3.8,67.342445,114.866516,58.72,0.0
Camo 录像 2026-01-27 01-10-21,115,3.8333333333333335,66.808014,115.658585,55.75999999999999,0.0
Camo 录像 2026-01-27 01-10-21,116,3.8666666666666667,66.232925,116.22885,53.28,0.0
Camo 录像 2026-01-27 01-10-21,117,3.9,65.63272,116.798416,55.94,0.0
Camo 录像 2026-01-27 01-10-21,118,3.933333333333333,65.00543,117.14548,54.650000000000006,0.0
Camo 录像 2026-01-27 01-10-21,119,3.966666666666667,64.53664,117.844666,48.670000000000016,0.0
Camo 录像 2026-01-27 01-11-15,0,0.0,61.0,61.0,90.0,0.0
Camo 录像 2026-01-27 01-11-15,1,0.03333333333333333,60.99297,61.04855,89.75,0.0
Camo 录像 2026-01-27 01-11-15,2,0.06666666666666667,60.976692,61.064144,89.25999999999999,0.0
Camo 录像 2026-01-27 01-11-15,3,0.1,60.89377,61.097477,88.47000000000003,0.0
Camo 录像 2026-01-27 01-11-15,4,0.13333333333333333,60.768074,61.151073,87.63999999999999,0.0
Camo 录像 2026-01-27 01-11-15,5,0.16666666666666666,60.62047,61.156845,86.77999999999997,0.0
Camo 录像 2026-01-27 01-11-15,6,0.2,60.39607,61.17366,85.94,0.0
Camo 录像 2026-01-27 01-11-15,7,0.23333333333333334,60.126045,61.192265,85.45999999999998,0.0
Camo 录像 2026-01-27 01-11-15,8,0.26666666666666666,59.840664,61.125515,84.69,0.0
Camo 录像 2026-01-27 01-11-15,9,0.3,59.533005,61.08006,84.0,0.0
Camo 录像 2026-01-27 01-11-15,10,0.3333333333333333,59.22732,60.988895,83.63,0.0
Camo 录像 2026-01-27 01-11-15,11,0.36666666666666664,58.96252,60.883736,84.0,0.0
Camo 录像 2026-01-27 01-11-15,12,0.4,58.7445,60.803688,84.75,0.0
Camo 录像 2026-01-27 01-11-15,13,0.43333333333333335,58.55207,60.68672,86.17000000000002,0.0
Camo 录像 2026-01-27 01-11-15,14,0.4666666666666667,58.4369,60.565105,87.95999999999998,0.0
Camo 录像 2026-01-27 01-11-15,15,0.5,58.403008,60.480907,90.63999999999999,0.0
Camo 录像 2026-01-27 01-11-15,16,0.5333333333333333,58.46046,60.422386,94.03999999999996,0.0
Camo 录像 2026-01-27 01-11-15,17,0.5666666666666667,58.608864,60.445873,98.0,0.0
Camo 录像 2026-01-27 01-11-15,18,0.6,58.76508,60.5434,101.49000000000001,0.0
Camo 录像 2026-01-27 01-11-15,19,0.6333333333333333,59.109,60.786583,106.13,0.0
Camo 录像 2026-01-27 01-11-15,20,0.6666666666666666,59.566875,61.13965,111.13,0.0
Camo 录像 2026-01-27 01-11-15,21,0.7,60.175472,61.486176,117.07,0.0
Camo 录像 2026-01-27 01-11-15,22,0.7333333333333333,60.808502,61.89511,121.70999999999998,0.0
Camo 录像 2026-01-27 01-11-15,23,0.7666666666666667,61.51229,62.236717,127.18,0.0
Camo 录像 2026-01-27 01-11-15,24,0.8,62.211327,62.558723,131.56,0.0
Camo 录像 2026-01-27 01-11-15,25,0.8333333333333334,62.922516,62.829674,135.76999999999998,0.0
Camo 录像 2026-01-27 01-11-15,26,0.8666666666666667,63.61626,63.113132,139.23000000000002,0.0
Camo 录像 2026-01-27 01-11-15,27,0.9,64.34755,63.368565,141.76,0.0
Camo 录像 2026-01-27 01-11-15,28,0.9333333333333333,65.060684,63.63444,143.28999999999996,0.0
Camo 录像 2026-01-27 01-11-15,29,0.9666666666666667,65.76691,63.879337,144.46000000000004,0.0
Camo 录像 2026-01-27 01-11-15,30,1.0,66.4178,64.147064,144.75,0.0
Camo 录像 2026-01-27 01-11-15,31,1.0333333333333334,66.96672,64.40137,144.48000000000002,0.0
Camo 录像 2026-01-27 01-11-15,32,1.0666666666666667,67.60591,64.62758,144.04999999999995,0.0
Camo 录像 2026-01-27 01-11-15,33,1.1,68.11911,64.888855,142.88,0.0
Camo 录像 2026-01-27 01-11-15,34,1.1333333333333333,68.64383,65.1883,141.77999999999997,0.0
Camo 录像 2026-01-27 01-11-15,35,1.1666666666666667,69.158966,65.53891,139.86,0.0
Camo 录像 2026-01-27 01-11-15,36,1.2,69.53819,65.93996,137.01,0.0
Camo 录像 2026-01-27 01-11-15,37,1.2333333333333334,69.93526,66.37421,134.07,0.0
Camo 录像 2026-01-27 01-11-15,38,1.2666666666666666,70.22534,66.86037,130.76,0.0
Camo 录像 2026-01-27 01-11-15,39,1.3,70.61824,67.35744,127.0,0.0
Camo 录像 2026-01-27 01-11-15,40,1.3333333333333333,70.734436,67.84871,123.51999999999998,0.0
Camo 录像 2026-01-27 01-11-15,41,1.3666666666666667,71.02574,68.42511,119.37,0.0
Camo 录像 2026-01-27 01-11-15,42,1.4,71.12218,69.05702,115.38999999999999,0.0
Camo 录像 2026-01-27 01-11-15,43,1.4333333333333333,71.125595,69.77574,109.86000000000001,0.0
Camo 录像 2026-01-27 01-11-15,44,1.4666666666666666,71.103134,70.52788,104.51999999999998,0.0
Camo 录像 2026-01-27 01-11-15,45,1.5,71.02278,71.34677,99.53800000000001,1.0
Camo 录像 2026-01-27 01-11-15,46,1.5333333333333334,70.89343,72.192245,94.637,1.0
Camo 录像 2026-01-27 01-11-15,47,1.5666666666666667,70.72389,73.024124,89.53999999999996,0.0
Camo 录像 2026-01-27 01-11-15,48,1.6,70.52307,73.802216,83.97000000000003,0.0
Camo 录像 2026-01-27 01-11-15,49,1.6333333333333333,70.32016,74.594986,79.81,0.0
Camo 录像 2026-01-27 01-11-15,50,1.6666666666666667,70.08891,75.38359,75.26999999999998,0.0
Camo 录像 2026-01-27 01-11-15,51,1.7,69.7113,76.04895,71.12,0.0
Camo 录像 2026-01-27 01-11-15,52,1.7333333333333334,69.26965,76.679886,66.80000000000001,0.0
Camo 录像 2026-01-27 01-11-15,53,1.7666666666666666,68.84279,77.3042,63.639999999999986,0.0
Camo 录像 2026-01-27 01-11-15,54,1.8,68.33562,77.87201,60.53,0.0
Camo 录像 2026-01-27 01-11-15,55,1.8333333333333333,67.82292,78.435425,57.66999999999999,0.0
Camo 录像 2026-01-27 01-11-15,56,1.8666666666666667,67.32095,79.05556,55.19999999999999,0.0
Camo 录像 2026-01-27 01-11-15,57,1.9,66.73436,79.54666,52.99000000000001,0.0
Camo 录像 2026-01-27 01-11-15,58,1.9333333333333333,66.17102,80.11865,51.53,0.0
Camo 录像 2026-01-27 01-11-15,59,1.9666666666666666,65.52257,80.49881,49.78,0.0
Camo 录像 2026-01-27 01-11-15,60,2.0,65.001175,81.11836,49.47999999999999,0.0
Camo 录像 2026-01-27 01-11-15,61,2.033333333333333,64.43475,81.63913,49.5,0.0
Camo 录像 2026-01-27 01-11-15,62,2.066666666666667,63.89961,82.12381,50.41,0.0
Camo 录像 2026-01-27 01-11-15,63,2.1,63.382065,82.58185,50.329999999999984,0.0
Camo 录像 2026-01-27 01-11-15,64,2.1333333333333333,62.95798,83.12273,52.45999999999998,0.0
Camo 录像 2026-01-27 01-11-15,65,2.1666666666666665,62.545864,83.61615,53.879999999999995,0.0
Camo 录像 2026-01-27 01-11-15,66,2.2,62.281326,84.16391,56.03,0.0
Camo 录像 2026-01-27 01-11-15,67,2.2333333333333334,62.07429,84.65512,59.03,0.0
Camo 录像 2026-01-27 01-11-15,68,2.2666666666666666,61.927402,85.275406,62.19999999999999,0.0
Camo 录像 2026-01-27 01-11-15,69,2.3,61.861614,85.85739,66.00999999999999,0.0
Camo 录像 2026-01-27 01-11-15,70,2.3333333333333335,61.855637,86.423874,69.74000000000001,0.0
Camo 录像 2026-01-27 01-11-15,71,2.3666666666666667,61.873634,87.01286,73.12,0.0
Camo 录像 2026-01-27 01-11-15,72,2.4,61.954666,87.62886,78.15999999999997,0.0
Camo 录像 2026-01-27 01-11-15,73,2.433333333333333,62.044476,88.12421,81.26999999999998,0.0
Camo 录像 2026-01-27 01-11-15,74,2.466666666666667,62.198494,88.806305,86.68,0.0
Camo 录像 2026-01-27 01-11-15,75,2.5,62.46795,89.96663,91.44999999999999,0.0
Camo 录像 2026-01-27 01-11-15,76,2.533333333333333,62.653572,90.5276,96.28999999999996,0.0
Camo 录像 2026-01-27 01-11-15,77,2.566666666666667,62.920547,91.30617,101.32,0.0
Camo 录像 2026-01-27 01-11-15,78,2.6,63.18699,91.91084,106.42000000000002,0.0
Camo 录像 2026-01-27 01-11-15,79,2.6333333333333333,63.486378,92.407,110.63,0.0
Camo 录像 2026-01-27 01-11-15,80,2.6666666666666665,63.91878,93.25072,113.85000000000002,0.0
Camo 录像 2026-01-27 01-11-15,81,2.7,64.297455,93.73332,119.23000000000002,0.0
Camo 录像 2026-01-27 01-11-15,82,2.7333333333333334,64.81448,94.43509,121.51999999999998,0.0
Camo 录像 2026-01-27 01-11-15,83,2.7666666666666666,65.290344,94.792755,124.57,0.0
Camo 录像 2026-01-27 01-11-15,84,2.8,65.88902,95.44647,128.89,0.0
Camo 录像 2026-01-27 01-11-15,85,2.8333333333333335,66.44684,95.82843,131.66999999999996,0.0
Camo 录像 2026-01-27 01-11-15,86,2.8666666666666667,67.10651,96.37468,134.12,0.0
Camo 录像 2026-01-27 01-11-15,87,2.9,67.73677,96.8376,136.14,0.0
Camo 录像 2026-01-27 01-11-15,88,2.933333333333333,68.33211,97.26582,137.39,0.0
Camo 录像 2026-01-27 01-11-15,89,2.966666666666667,68.78328,97.34856,136.68,0.0
Camo 录像 2026-01-27 01-11-15,90,3.0,69.32448,97.73399,137.29999999999995,0.0
Camo 录像 2026-01-27 01-11-15,91,3.033333333333333,69.96254,98.40733,136.76,0.0
Camo 录像 2026-01-27 01-11-15,92,3.066666666666667,70.4785,98.86258,137.27999999999997,0.0
Camo 录像 2026-01-27 01-11-15,93,3.1,70.91016,99.13933,136.74,0.0
Camo 录像 2026-01-27 01-11-15,94,3.1333333333333333,71.495834,99.87514,134.39999999999998,0.0
Camo 录像 2026-01-27 01-11-15,95,3.1666666666666665,71.83072,100.18184,132.78999999999996,0.0
Camo 录像 2026-01-27 01-11-15,96,3.2,72.277084,100.86882,130.64,0.0
Camo 录像 2026-01-27 01-11-15,97,3.2333333333333334,72.60768,101.41852,128.49,0.0
Camo 录像 2026-01-27 01-11-15,98,3.2666666666666666,72.754944,101.665955,125.09000000000003,0.0
Camo 录像 2026-01-27 01-11-15,99,3.3,73.06157,102.516205,121.01999999999998,0.0
Camo 录像 2026-01-27 01-11-15,100,3.3333333333333335,73.204666,102.99745,117.52999999999997,0.0
Camo 录像 2026-01-27 01-11-15,101,3.3666666666666667,73.27754,103.511215,113.75,0.0
Camo 录像 2026-01-27 01-11-15,102,3.4,73.34648,104.209656,108.85000000000002,0.0
Camo 录像 2026-01-27 01-11-15,103,3.433333333333333,73.36981,105.04727,104.20999999999998,0.0
Camo 录像 2026-01-27 01-11-15,104,3.466666666666667,73.38165,105.952225,99.47000000000003,0.0
Camo 录像 2026-01-27 01-11-15,105,3.5,73.42061,107.14755,97.13,0.0
Camo 录像 2026-01-27 01-11-15,106,3.533333333333333,73.18713,107.75076,89.51999999999998,0.0
Camo 录像 2026-01-27 01-11-15,107,3.566666666666667,73.04683,108.667175,84.68,0.0
Camo 录像 2026-01-27 01-11-15,108,3.6,72.78465,109.39514,79.20999999999998,0.0
Camo 录像 2026-01-27 01-11-15,109,3.6333333333333333,72.664474,110.601776,78.30000000000001,0.0
Camo 录像 2026-01-27 01-11-15,110,3.6666666666666665,72.39845,111.42523,73.82999999999998,0.0
Camo 录像 2026-01-27 01-11-15,111,3.7,71.9821,111.90221,68.17000000000002,0.0
Camo 录像 2026-01-27 01-11-15,112,3.7333333333333334,71.57645,112.49849,63.110000000000014,0.0
Camo 录像 2026-01-27 01-11-15,113,3.7666666666666666,71.120636,113.00412,59.31,0.0
Camo 录像 2026-01-27 01-11-15,114,3.8,70.654724,113.61482,57.09,0.0
Camo 录像 2026-01-27 01-11-15,115,3.8333333333333335,70.15065,114.1801,53.66999999999999,0.0
Camo 录像 2026-01-27 01-11-15,116,3.8666666666666667,69.63997,114.87256,51.55000000000001,0.0
Camo 录像 2026-01-27 01-11-15,117,3.9,69.04306,115.29964,49.75999999999999,0.0
Camo 录像 2026-01-27 01-11-15,118,3.933333333333333,68.50688,115.96457,48.139999999999986,0.0
Camo 录像 2026-01-27 01-11-15,119,3.966666666666667,68.38486,117.24115,49.620000000000005,0.0
Camo 录像 2026-01-27 01-12-11,0,0.0,61.0,61.0,90.0,0.0
Camo 录像 2026-01-27 01-12-11,1,0.03333333333333333,60.97565,61.021175,89.82999999999998,0.0
Camo 录像 2026-01-27 01-12-11,2,0.06666666666666667,60.906204,61.054554,89.25,0.0
Camo 录像 2026-01-27 01-12-11,3,0.1,60.809483,61.07115,88.48000000000002,0.0
Camo 录像 2026-01-27 01-12-11,4,0.13333333333333333,60.687916,61.0913,87.60000000000002,0.0
Camo 录像 2026-01-27 01-12-11,5,0.16666666666666666,60.52888,61.093845,86.82999999999998,0.0
Camo 录像 2026-01-27 01-12-11,6,0.2,60.298462,61.083885,85.98000000000002,0.0
Camo 录像 2026-01-27 01-12-11,7,0.23333333333333334,60.0198,61.06682,85.27999999999997,0.0
Camo 录像 2026-01-27 01-12-11,8,0.26666666666666666,59.71476,61.02227,84.47000000000003,0.0
Camo 录像 2026-01-27 01-12-11,9,0.3,59.393723,60.955807,83.64999999999998,0.0
Camo 录像 2026-01-27 01-12-11,10,0.3333333333333333,59.075554,60.87753,83.23000000000002,0.0
Camo 录像 2026-01-27 01-12-11,11,0.36666666666666664,58.77743,60.77669,83.78999999999996,0.0
Camo 录像 2026-01-27 01-12-11,12,0.4,58.518776,60.658962,84.47000000000003,0.0
Camo 录像 2026-01-27 01-12-11,13,0.43333333333333335,58.297768,60.54751,85.5,0.0
Camo 录像 2026-01-27 01-12-11,14,0.4666666666666667,58.145363,60.448112,87.45999999999998,0.0
Camo 录像 2026-01-27 01-12-11,15,0.5,58.071697,60.353058,89.82,0.0
Camo 录像 2026-01-27 01-12-11,16,0.5333333333333333,58.055885,60.274994,93.14999999999998,0.0
Camo 录像 2026-01-27 01-12-11,17,0.5666666666666667,58.167458,60.266796,96.94999999999999,0.0
Camo 录像 2026-01-27 01-12-11,18,0.6,58.26556,60.32821,100.56,0.0
Camo 录像 2026-01-27 01-12-11,19,0.6333333333333333,58.518013,60.491306,104.64999999999998,0.0
Camo 录像 2026-01-27 01-12-11,20,0.6666666666666666,58.90727,60.779198,109.20999999999998,0.0
Camo 录像 2026-01-27 01-12-11,21,0.7,59.434147,61.13678,115.01999999999998,0.0
Camo 录像 2026-01-27 01-12-11,22,0.7333333333333333,60.046806,61.486534,120.5,0.0
Camo 录像 2026-01-27 01-12-11,23,0.7666666666666667,60.696213,61.86051,125.22000000000003,0.0
Camo 录像 2026-01-27 01-12-11,24,0.8,61.39449,62.206696,130.13,0.0
Camo 录像 2026-01-27 01-12-11,25,0.8333333333333334,62.107307,62.528328,134.37,0.0
Camo 录像 2026-01-27 01-12-11,26,0.8666666666666667,62.828186,62.825226,137.98000000000002,0.0
Camo 录像 2026-01-27 01-12-11,27,0.9,63.56505,63.143143,140.51,0.0
Camo 录像 2026-01-27 01-12-11,28,0.9333333333333333,64.29064,63.43004,142.74,0.0
Camo 录像 2026-01-27 01-12-11,29,0.9666666666666667,65.04137,63.711235,143.89,0.0
Camo 录像 2026-01-27 01-12-11,30,1.0,65.70294,64.005325,144.38,0.0
Camo 录像 2026-01-27 01-12-11,31,1.0333333333333334,66.35332,64.28653,144.38,0.0
Camo 录像 2026-01-27 01-12-11,32,1.0666666666666667,66.92059,64.53377,143.93,0.0
Camo 录像 2026-01-27 01-12-11,33,1.1,67.51343,64.83409,143.15999999999997,0.0
Camo 录像 2026-01-27 01-12-11,34,1.1333333333333333,68.03203,65.127144,142.14999999999998,0.0
Camo 录像 2026-01-27 01-12-11,35,1.1666666666666667,68.43477,65.46064,140.36,0.0
Camo 录像 2026-01-27 01-12-11,36,1.2,68.940216,65.86765,137.93,0.0
Camo 录像 2026-01-27 01-12-11,37,1.2333333333333334,69.36342,66.326,134.98000000000002,0.0
Camo 录像 2026-01-27 01-12-11,38,1.2666666666666666,69.73114,66.82473,131.95999999999998,0.0
Camo 录像 2026-01-27 01-12-11,39,1.3,70.04555,67.34449,128.06,0.0
Camo 录像 2026-01-27 01-12-11,40,1.3333333333333333,70.332886,67.8641,124.88999999999999,0.0
Camo 录像 2026-01-27 01-12-11,41,1.3666666666666667,70.44818,68.396736,120.97000000000003,0.0
Camo 录像 2026-01-27 01-12-11,42,1.4,70.66737,69.09365,116.44,0.0
Camo 录像 2026-01-27 01-12-11,43,1.4333333333333333,70.85217,69.88094,111.57999999999998,0.0
Camo 录像 2026-01-27 01-12-11,44,1.4666666666666666,70.91725,70.690956,106.65999999999997,0.0
Camo 录像 2026-01-27 01-12-11,45,1.5,70.86818,71.51547,102.13999999999999,0.0
Camo 录像 2026-01-27 01-12-11,46,1.5333333333333334,70.72861,72.33267,96.32999999999998,0.0
Camo 录像 2026-01-27 01-12-11,47,1.5666666666666667,70.610275,73.207306,91.64166666666665,1.0
Camo 录像 2026-01-27 01-12-11,48,1.6,70.45886,74.089264,87.14999999999998,0.0
Camo 录像 2026-01-27 01-12-11,49,1.6333333333333333,70.22012,74.928375,81.93,0.0
Camo 录像 2026-01-27 01-12-11,50,1.6666666666666667,69.89255,75.658676,76.97000000000003,0.0
Camo 录像 2026-01-27 01-12-11,51,1.7,69.53781,76.363106,73.07,0.0
Camo 录像 2026-01-27 01-12-11,52,1.7333333333333334,69.11459,77.03057,69.11000000000001,0.0
Camo 录像 2026-01-27 01-12-11,53,1.7666666666666666,68.744736,77.754005,65.55000000000001,0.0
Camo 录像 2026-01-27 01-12-11,54,1.8,68.29498,78.405846,61.870000000000005,0.0
Camo 录像 2026-01-27 01-12-11,55,1.8333333333333333,67.79779,78.96062,58.889999999999986,0.0
Camo 录像 2026-01-27 01-12-11,56,1.8666666666666667,67.25093,79.47757,57.01999999999998,0.0
Camo 录像 2026-01-27 01-12-11,57,1.9,66.75461,80.08505,54.75,0.0
Camo 录像 2026-01-27 01-12-11,58,1.9333333333333333,66.206665,80.574646,53.20999999999998,0.0
Camo 录像 2026-01-27 01-12-11,59,1.9666666666666666,65.70148,81.11751,51.69,0.0
Camo 录像 2026-01-27 01-12-11,60,2.0,65.12854,81.47431,50.31,0.0
Camo 录像 2026-01-27 01-12-11,61,2.033333333333333,64.63229,82.09362,50.75,0.0
Camo 录像 2026-01-27 01-12-11,62,2.066666666666667,64.14458,82.563065,51.93000000000001,0.0
Camo 录像 2026-01-27 01-12-11,63,2.1,63.695007,83.1254,52.349999999999994,0.0
Camo 录像 2026-01-27 01-12-11,64,2.1333333333333333,63.29208,83.66554,53.19999999999999,0.0
Camo 录像 2026-01-27 01-12-11,65,2.1666666666666665,62.891895,84.12113,54.68000000000001,0.0
Camo 录像 2026-01-27 01-12-11,66,2.2,62.58696,84.67048,56.99000000000001,0.0
Camo 录像 2026-01-27 01-12-11,67,2.2333333333333334,62.369293,85.17115,59.69,0.0
Camo 录像 2026-01-27 01-12-11,68,2.2666666666666666,62.17393,85.63718,63.43000000000001,0.0
Camo 录像 2026-01-27 01-12-11,69,2.3,62.057034,86.13459,67.30000000000001,0.0
Camo 录像 2026-01-27 01-12-11,70,2.3333333333333335,62.035797,86.80208,69.68,0.0
Camo 录像 2026-01-27 01-12-11,71,2.3666666666666667,62.022934,87.2285,73.63999999999999,0.0
Camo 录像 2026-01-27 01-12-11,72,2.4,62.05982,87.93331,76.80000000000001,0.0
Camo 录像 2026-01-27 01-12-11,73,2.433333333333333,62.183956,88.65437,81.55000000000001,0.0
Camo 录像 2026-01-27 01-12-11,74,2.466666666666667,62.316647,89.33394,86.38,0.0
Camo 录像 2026-01-27 01-12-11,75,2.5,62.47695,90.03507,91.85000000000002,0.0
Camo 录像 2026-01-27 01-12-11,76,2.533333333333333,62.663216,90.7133,96.07,0.0
Camo 录像 2026-01-27 01-12-11,77,2.566666666666667,62.87532,91.237114,100.68,0.0
Camo 录像 2026-01-27 01-12-11,78,2.6,63.18326,92.24504,106.00999999999999,0.0
Camo 录像 2026-01-27 01-12-11,79,2.6333333333333333,63.491188,92.95961,110.56,0.0
Camo 录像 2026-01-27 01-12-11,80,2.6666666666666665,63.822186,93.42882,114.36000000000001,0.0
Camo 录像 2026-01-27 01-12-11,81,2.7,64.22464,94.00107,118.15999999999997,0.0
Camo 录像 2026-01-27 01-12-11,82,2.7333333333333334,64.67557,94.6272,122.0,0.0
Camo 录像 2026-01-27 01-12-11,83,2.7666666666666666,65.10509,94.77859,124.44,0.0
Camo 录像 2026-01-27 01-12-11,84,2.8,65.72017,95.53137,129.29000000000002,0.0
Camo 录像 2026-01-27 01-12-11,85,2.8333333333333335,66.32785,96.13612,132.20999999999998,0.0
Camo 录像 2026-01-27 01-12-11,86,2.8666666666666667,66.86984,96.247505,135.64999999999998,0.0
Camo 录像 2026-01-27 01-12-11,87,2.9,67.52153,96.646454,137.8,0.0
Camo 录像 2026-01-27 01-12-11,88,2.933333333333333,68.2283,97.295235,138.07999999999998,0.0
Camo 录像 2026-01-27 01-12-11,89,2.966666666666667,68.767166,97.425865,140.06,0.0
Camo 录像 2026-01-27 01-12-11,90,3.0,69.32646,97.75387,140.48000000000002,0.0
Camo 录像 2026-01-27 01-12-11,91,3.033333333333333,69.923065,98.25661,140.60000000000002,0.0
Camo 录像 2026-01-27 01-12-11,92,3.066666666666667,70.5493,98.97334,138.24,0.0
Camo 录像 2026-01-27 01-12-11,93,3.1,71.111404,99.59211,138.56,0.0
Camo 录像 2026-01-27 01-12-11,94,3.1333333333333333,71.55278,99.88096,136.19,0.0
Camo 录像 2026-01-27 01-12-11,95,3.1666666666666665,71.90877,100.107124,135.7,0.0
Camo 录像 2026-01-27 01-12-11,96,3.2,72.25241,100.48801,131.70999999999998,0.0
Camo 录像 2026-01-27 01-12-11,97,3.2333333333333334,72.71741,101.31365,130.45999999999998,0.0
Camo 录像 2026-01-27 01-12-11,98,3.2666666666666666,73.00705,101.79853,127.19,0.0
Camo 录像 2026-01-27 01-12-11,99,3.3,73.28192,102.43226,124.89999999999998,0.0
Camo 录像 2026-01-27 01-12-11,100,3.3333333333333335,73.43541,102.776825,119.87,0.0
Camo 录像 2026-01-27 01-12-11,101,3.3666666666666667,73.69202,103.57455,116.32,0.0
Camo 录像 2026-01-27 01-12-11,102,3.4,73.94476,104.581825,113.87,0.0
Camo 录像 2026-01-27 01-12-11,103,3.433333333333333,73.94275,105.04827,107.40999999999997,0.0
Camo 录像 2026-01-27 01-12-11,104,3.466666666666667,74.00931,105.94439,105.97000000000003,0.0
Camo 录像 2026-01-27 01-12-11,105,3.5,74.29584,107.54979,99.17000000000002,0.0
Camo 录像 2026-01-27 01-12-11,106,3.533333333333333,73.906555,107.39132,93.23000000000002,0.0
Camo 录像 2026-01-27 01-12-11,107,3.566666666666667,73.92546,108.68431,91.25999999999999,0.0
Camo 录像 2026-01-27 01-12-11,108,3.6,73.712204,109.36525,83.15999999999997,0.0
Camo 录像 2026-01-27 01-12-11,109,3.6333333333333333,73.5002,110.22272,78.53999999999996,0.0
Camo 录像 2026-01-27 01-12-11,110,3.6666666666666665,73.33392,111.42726,77.85000000000002,0.0
Camo 录像 2026-01-27 01-12-11,111,3.7,72.92128,111.92619,69.69999999999999,0.0
Camo 录像 2026-01-27 01-12-11,112,3.7333333333333334,72.512314,112.705025,65.24000000000001,0.0
Camo 录像 2026-01-27 01-12-11,113,3.7666666666666666,72.06001,113.421585,61.53,0.0
Camo 录像 2026-01-27 01-12-11,114,3.8,71.547714,114.06342,58.76999999999998,0.0
Camo 录像 2026-01-27 01-12-11,115,3.8333333333333335,70.91919,114.360085,61.93000000000001,0.0
Camo 录像 2026-01-27 01-12-11,116,3.8666666666666667,70.385376,115.144325,53.78,0.0
Camo 录像 2026-01-27 01-12-11,117,3.9,69.78717,115.75062,51.849999999999994,0.0
Camo 录像 2026-01-27 01-12-11,118,3.933333333333333,69.18106,116.20681,49.94,0.0
Camo 录像 2026-01-27 01-12-11,119,3.966666666666667,68.8533,117.21962,55.78,0.0
Camo 录像 2026-01-27 01-13-58,0,0.0,61.0,61.0,90.0,0.0
Camo 录像 2026-01-27 01-13-58,1,0.03333333333333333,60.983486,61.019302,89.94,0.0
Camo 录像 2026-01-27 01-13-58,2,0.06666666666666667,60.95595,61.054153,89.13999999999999,0.0
Camo 录像 2026-01-27 01-13-58,3,0.1,60.90551,61.064854,88.61000000000001,0.0
Camo 录像 2026-01-27 01-13-58,4,0.13333333333333333,60.766083,61.104706,87.68,0.0
Camo 录像 2026-01-27 01-13-58,5,0.16666666666666666,60.612328,61.11607,86.99000000000001,0.0
Camo 录像 2026-01-27 01-13-58,6,0.2,60.36851,61.13359,86.17000000000002,0.0
Camo 录像 2026-01-27 01-13-58,7,0.23333333333333334,60.05481,61.130383,85.28999999999996,0.0
Camo 录像 2026-01-27 01-13-58,8,0.26666666666666666,59.738903,61.089233,84.25,0.0
Camo 录像 2026-01-27 01-13-58,9,0.3,59.38357,61.032,83.57,0.0
Camo 录像 2026-01-27 01-13-58,10,0.3333333333333333,59.069298,60.936874,82.57999999999998,0.0
Camo 录像 2026-01-27 01-13-58,11,0.36666666666666664,58.747486,60.8461,82.27999999999997,0.0
Camo 录像 2026-01-27 01-13-58,12,0.4,58.479805,60.717773,82.64999999999998,0.0
Camo 录像 2026-01-27 01-13-58,13,0.43333333333333335,58.276905,60.589928,83.84000000000003,0.0
Camo 录像 2026-01-27 01-13-58,14,0.4666666666666667,58.085083,60.49847,85.02999999999997,0.0
Camo 录像 2026-01-27 01-13-58,15,0.5,57.987827,60.37339,86.99000000000001,0.0
Camo 录像 2026-01-27 01-13-58,16,0.5333333333333333,57.95127,60.314995,90.31,0.0
Camo 录像 2026-01-27 01-13-58,17,0.5666666666666667,57.992878,60.241867,93.14999999999998,0.0
Camo 录像 2026-01-27 01-13-58,18,0.6,58.13627,60.264088,96.94,0.0
Camo 录像 2026-01-27 01-13-58,19,0.6333333333333333,58.274136,60.383926,100.81,0.0
Camo 录像 2026-01-27 01-13-58,20,0.6666666666666666,58.581203,60.635586,105.52999999999997,0.0
Camo 录像 2026-01-27 01-13-58,21,0.7,59.00645,60.98454,109.57,0.0
Camo 录像 2026-01-27 01-13-58,22,0.7333333333333333,59.58977,61.369396,115.57999999999998,0.0
Camo 录像 2026-01-27 01-13-58,23,0.7666666666666667,60.241436,61.768406,121.32999999999998,0.0
Camo 录像 2026-01-27 01-13-58,24,0.8,60.928684,62.18318,126.12,0.0
Camo 录像 2026-01-27 01-13-58,25,0.8333333333333334,61.63384,62.56479,130.26,0.0
Camo 录像 2026-01-27 01-13-58,26,0.8666666666666667,62.343273,62.902153,134.33999999999997,0.0
Camo 录像 2026-01-27 01-13-58,27,0.9,63.02978,63.225685,137.87,0.0
Camo 录像 2026-01-27 01-13-58,28,0.9333333333333333,63.781612,63.542732,140.05,0.0
Camo 录像 2026-01-27 01-13-58,29,0.9666666666666667,64.48801,63.852715,141.91000000000003,0.0
Camo 录像 2026-01-27 01-13-58,30,1.0,65.178635,64.156265,143.29000000000002,0.0
Camo 录像 2026-01-27 01-13-58,31,1.0333333333333334,65.82617,64.484024,143.36,0.0
Camo 录像 2026-01-27 01-13-58,32,1.0666666666666667,66.35074,64.76162,143.49,0.0
Camo 录像 2026-01-27 01-13-58,33,1.1,66.93678,65.067635,142.74,0.0
Camo 录像 2026-01-27 01-13-58,34,1.1333333333333333,67.435196,65.38262,141.76,0.0
Camo 录像 2026-01-27 01-13-58,35,1.1666666666666667,67.79129,65.69983,140.55,0.0
Camo 录像 2026-01-27 01-13-58,36,1.2,68.27858,66.10209,138.63,0.0
Camo 录像 2026-01-27 01-13-58,37,1.2333333333333334,68.675186,66.53652,136.51,0.0
Camo 录像 2026-01-27 01-13-58,38,1.2666666666666666,69.09273,67.038246,133.0,0.0
Camo 录像 2026-01-27 01-13-58,39,1.3,69.410995,67.560715,129.82,0.0
Camo 录像 2026-01-27 01-13-58,40,1.3333333333333333,69.73164,68.08366,126.13,0.0
Camo 录像 2026-01-27 01-13-58,41,1.3666666666666667,70.006836,68.62605,122.48000000000002,0.0
Camo 录像 2026-01-27 01-13-58,42,1.4,70.180725,69.21073,118.38,0.0
Camo 录像 2026-01-27 01-13-58,43,1.4333333333333333,70.22044,69.817825,114.53999999999996,0.0
Camo 录像 2026-01-27 01-13-58,44,1.4666666666666666,70.344666,70.57788,109.57999999999998,0.0
Camo 录像 2026-01-27 01-13-58,45,1.5,70.35095,71.36622,104.38,0.0
Camo 录像 2026-01-27 01-13-58,46,1.5333333333333334,70.200195,72.13838,99.375,1.0
Camo 录像 2026-01-27 01-13-58,47,1.5666666666666667,70.02681,72.95789,94.30000000000001,0.0
Camo 录像 2026-01-27 01-13-58,48,1.6,69.96524,73.88833,88.88999999999999,0.0
Camo 录像 2026-01-27 01-13-58,49,1.6333333333333333,69.66756,74.662025,83.94,0.0
Camo 录像 2026-01-27 01-13-58,50,1.6666666666666667,69.270065,75.33412,78.89999999999998,0.0
Camo 录像 2026-01-27 01-13-58,51,1.7,68.94595,76.1072,74.39999999999998,0.0
Camo 录像 2026-01-27 01-13-58,52,1.7333333333333334,68.63371,76.8915,71.12,0.0
Camo 录像 2026-01-27 01-13-58,53,1.7666666666666666,68.18416,77.55125,66.26999999999998,0.0
Camo 录像 2026-01-27 01-13-58,54,1.8,67.72148,78.21262,62.72999999999999,0.0
Camo 录像 2026-01-27 01-13-58,55,1.8333333333333333,67.196106,78.77461,60.03,0.0
Camo 录像 2026-01-27 01-13-58,56,1.8666666666666667,66.70775,79.36832,56.94,0.0
Camo 录像 2026-01-27 01-13-58,57,1.9,66.12396,79.84024,54.53999999999999,0.0
Camo 录像 2026-01-27 01-13-58,58,1.9333333333333333,65.58743,80.33862,52.22999999999999,0.0
Camo 录像 2026-01-27 01-13-58,59,1.9666666666666666,65.07687,80.8845,51.22999999999999,0.0
Camo 录像 2026-01-27 01-13-58,60,2.0,64.52078,81.26752,49.889999999999986,0.0
Camo 录像 2026-01-27 01-13-58,61,2.033333333333333,64.05051,81.86107,49.81999999999999,0.0
Camo 录像 2026-01-27 01-13-58,62,2.066666666666667,63.518375,82.3143,50.150000000000006,0.0
Camo 录像 2026-01-27 01-13-58,63,2.1,63.021885,82.74128,50.170000000000016,0.0
Camo 录像 2026-01-27 01-13-58,64,2.1333333333333333,62.56107,83.259674,51.28,0.0
Camo 录像 2026-01-27 01-13-58,65,2.1666666666666665,62.122654,83.72885,52.56,0.0
Camo 录像 2026-01-27 01-13-58,66,2.2,61.749176,84.29206,53.97999999999999,0.0
Camo 录像 2026-01-27 01-13-58,67,2.2333333333333334,61.45503,84.8347,56.900000000000006,0.0
Camo 录像 2026-01-27 01-13-58,68,2.2666666666666666,61.212574,85.29809,60.09,0.0
Camo 录像 2026-01-27 01-13-58,69,2.3,61.047096,85.93408,62.75999999999999,0.0
Camo 录像 2026-01-27 01-13-58,70,2.3333333333333335,60.945812,86.47269,65.69999999999999,0.0
Camo 录像 2026-01-27 01-13-58,71,2.3666666666666667,60.854115,86.74297,69.23000000000002,0.0
Camo 录像 2026-01-27 01-13-58,72,2.4,60.88658,87.657745,73.03999999999999,0.0
Camo 录像 2026-01-27 01-13-58,73,2.433333333333333,60.915764,88.24175,76.82,0.0
Camo 录像 2026-01-27 01-13-58,74,2.466666666666667,60.98444,88.84299,81.62,0.0
Camo 录像 2026-01-27 01-13-58,75,2.5,61.124786,89.5684,86.03999999999996,0.0
Camo 录像 2026-01-27 01-13-58,76,2.533333333333333,61.318027,90.56904,91.24000000000001,0.0
Camo 录像 2026-01-27 01-13-58,77,2.566666666666667,61.51625,91.31304,96.02999999999997,0.0
Camo 录像 2026-01-27 01-13-58,78,2.6,61.723198,91.87144,100.87,0.0
Camo 录像 2026-01-27 01-13-58,79,2.6333333333333333,61.994762,92.71381,106.02999999999997,0.0
Camo 录像 2026-01-27 01-13-58,80,2.6666666666666665,62.25964,93.14993,109.72000000000003,0.0
Camo 录像 2026-01-27 01-13-58,81,2.7,62.611027,93.84033,114.55000000000001,0.0
Camo 录像 2026-01-27 01-13-58,82,2.7333333333333334,63.052464,94.63238,118.07999999999998,0.0
Camo 录像 2026-01-27 01-13-58,83,2.7666666666666666,63.53268,95.40593,121.43,0.0
Camo 录像 2026-01-27 01-13-58,84,2.8,63.91492,95.50215,125.93,0.0
Camo 录像 2026-01-27 01-13-58,85,2.8333333333333335,64.52173,96.32695,128.67000000000002,0.0
Camo 录像 2026-01-27 01-13-58,86,2.8666666666666667,65.07156,96.822,131.29000000000002,0.0
Camo 录像 2026-01-27 01-13-58,87,2.9,65.59927,96.972626,132.77999999999997,0.0
Camo 录像 2026-01-27 01-13-58,88,2.933333333333333,66.20685,97.428894,136.0,0.0
Camo 录像 2026-01-27 01-13-58,89,2.966666666666667,66.825806,97.874985,137.73000000000002,0.0
Camo 录像 2026-01-27 01-13-58,90,3.0,67.43555,98.395096,138.76999999999998,0.0
Camo 录像 2026-01-27 01-13-58,91,3.033333333333333,68.123505,99.26276,138.51999999999998,0.0
Camo 录像 2026-01-27 01-13-58,92,3.066666666666667,68.54874,99.357,137.27999999999997,0.0
Camo 录像 2026-01-27 01-13-58,93,3.1,69.06094,99.89514,137.68,0.0
Camo 录像 2026-01-27 01-13-58,94,3.1333333333333333,69.44057,100.116165,135.31,0.0
Camo 录像 2026-01-27 01-13-58,95,3.1666666666666665,70.08154,101.134026,135.06,0.0
Camo 录像 2026-01-27 01-13-58,96,3.2,70.35091,101.22988,131.57999999999998,0.0
Camo 录像 2026-01-27 01-13-58,97,3.2333333333333334,70.75772,101.8808,131.57999999999998,0.0
Camo 录像 2026-01-27 01-13-58,98,3.2666666666666666,71.18059,102.67692,128.64999999999998,0.0
Camo 录像 2026-01-27 01-13-58,99,3.3,71.414246,103.06539,125.11000000000001,0.0
Camo 录像 2026-01-27 01-13-58,100,3.3333333333333335,71.71619,103.8167,122.14999999999998,0.0
Camo 录像 2026-01-27 01-13-58,101,3.3666666666666667,71.87138,104.220345,118.48000000000002,0.0
Camo 录像 2026-01-27 01-13-58,102,3.4,72.146194,105.1359,115.34000000000003,0.0
Camo 录像 2026-01-27 01-13-58,103,3.433333333333333,72.38002,106.198555,110.10000000000002,0.0
Camo 录像 2026-01-27 01-13-58,104,3.466666666666667,72.24602,106.54082,104.50999999999999,0.0
Camo 录像 2026-01-27 01-13-58,105,3.5,72.10251,107.08175,100.00999999999999,0.0
Camo 录像 2026-01-27 01-13-58,106,3.533333333333333,72.08911,108.22047,99.22000000000003,0.0
Camo 录像 2026-01-27 01-13-58,107,3.566666666666667,71.864334,109.04354,90.59000000000003,0.0
Camo 录像 2026-01-27 01-13-58,108,3.6,71.55698,109.70039,84.80000000000001,0.0
Camo 录像 2026-01-27 01-13-58,109,3.6333333333333333,71.21614,110.53572,79.93,0.0
Camo 录像 2026-01-27 01-13-58,110,3.6666666666666665,70.923096,111.5548,75.39999999999998,0.0
Camo 录像 2026-01-27 01-13-58,111,3.7,70.545044,112.414566,71.32,0.0
Camo 录像 2026-01-27 01-13-58,112,3.7333333333333334,70.020065,112.851265,66.41,0.0
Camo 录像 2026-01-27 01-13-58,113,3.7666666666666666,69.58217,113.80189,62.94999999999999,0.0
Camo 录像 2026-01-27 01-13-58,114,3.8,69.04442,114.29007,59.5,0.0
Camo 录像 2026-01-27 01-13-58,115,3.8333333333333335,68.53145,115.03678,56.099999999999994,0.0
Camo 录像 2026-01-27 01-13-58,116,3.8666666666666667,67.94089,115.48795,53.150000000000006,0.0
Camo 录像 2026-01-27 01-13-58,117,3.9,67.33452,116.11433,56.389999999999986,0.0
Camo 录像 2026-01-27 01-13-58,118,3.933333333333333,66.71219,116.66515,48.94,0.0
Camo 录像 2026-01-27 01-13-58,119,3.966666666666667,66.074646,117.07947,47.93000000000001,0.0
Camo 录像 2026-01-27 01-14-50,0,0.0,61.0,61.0,90.0,0.0
Camo 录像 2026-01-27 01-14-50,1,0.03333333333333333,60.948814,61.02924,89.75,0.0
Camo 录像 2026-01-27 01-14-50,2,0.06666666666666667,60.893456,61.034843,89.10000000000002,0.0
Camo 录像 2026-01-27 01-14-50,3,0.1,60.80566,61.039894,88.15999999999997,0.0
Camo 录像 2026-01-27 01-14-50,4,0.13333333333333333,60.707497,61.03958,87.33999999999997,0.0
Camo 录像 2026-01-27 01-14-50,5,0.16666666666666666,60.495983,61.04529,86.81,0.0
Camo 录像 2026-01-27 01-14-50,6,0.2,60.25836,61.028877,85.85000000000002,0.0
Camo 录像 2026-01-27 01-14-50,7,0.23333333333333334,59.981266,61.00144,85.23000000000002,0.0
Camo 录像 2026-01-27 01-14-50,8,0.26666666666666666,59.694912,60.94381,84.78999999999996,0.0
Camo 录像 2026-01-27 01-14-50,9,0.3,59.401302,60.878277,84.14999999999998,0.0
Camo 录像 2026-01-27 01-14-50,10,0.3333333333333333,59.093815,60.780346,84.33999999999997,0.0
Camo 录像 2026-01-27 01-14-50,11,0.36666666666666664,58.82786,60.67966,85.24000000000001,0.0
Camo 录像 2026-01-27 01-14-50,12,0.4,58.62075,60.530758,85.85000000000002,0.0
Camo 录像 2026-01-27 01-14-50,13,0.43333333333333335,58.40061,60.434578,87.13999999999999,0.0
Camo 录像 2026-01-27 01-14-50,14,0.4666666666666667,58.328545,60.312653,89.75999999999999,0.0
Camo 录像 2026-01-27 01-14-50,15,0.5,58.270893,60.235596,92.26999999999998,0.0
Camo 录像 2026-01-27 01-14-50,16,0.5333333333333333,58.402687,60.16537,96.37,0.0
Camo 录像 2026-01-27 01-14-50,17,0.5666666666666667,58.539494,60.219254,99.94,0.0
Camo 录像 2026-01-27 01-14-50,18,0.6,58.78487,60.389156,104.13999999999999,0.0
Camo 录像 2026-01-27 01-14-50,19,0.6333333333333333,59.20838,60.685722,108.74000000000001,0.0
Camo 录像 2026-01-27 01-14-50,20,0.6666666666666666,59.777023,61.045452,114.60000000000002,0.0
Camo 录像 2026-01-27 01-14-50,21,0.7,60.424362,61.42624,120.10000000000002,0.0
Camo 录像 2026-01-27 01-14-50,22,0.7333333333333333,61.06212,61.83035,125.05000000000001,0.0
Camo 录像 2026-01-27 01-14-50,23,0.7666666666666667,61.78517,62.182518,129.56,0.0
Camo 录像 2026-01-27 01-14-50,24,0.8,62.541946,62.478184,133.96999999999997,0.0
Camo 录像 2026-01-27 01-14-50,25,0.8333333333333334,63.27128,62.772854,137.61,0.0
Camo 录像 2026-01-27 01-14-50,26,0.8666666666666667,64.01432,63.045017,140.58999999999997,0.0
Camo 录像 2026-01-27 01-14-50,27,0.9,64.80152,63.317154,142.84999999999997,0.0
Camo 录像 2026-01-27 01-14-50,28,0.9333333333333333,65.51773,63.596497,144.37,0.0
Camo 录像 2026-01-27 01-14-50,29,0.9666666666666667,66.274185,63.861237,144.33999999999997,0.0
Camo 录像 2026-01-27 01-14-50,30,1.0,66.94622,64.13623,144.51999999999998,0.0
Camo 录像 2026-01-27 01-14-50,31,1.0333333333333334,67.48663,64.38706,144.32999999999998,0.0
Camo 录像 2026-01-27 01-14-50,32,1.0666666666666667,68.13944,64.65323,144.07999999999998,0.0
Camo 录像 2026-01-27 01-14-50,33,1.1,68.59178,64.93749,142.99,0.0
Camo 录像 2026-01-27 01-14-50,34,1.1333333333333333,69.10827,65.286705,141.27999999999997,0.0
Camo 录像 2026-01-27 01-14-50,35,1.1666666666666667,69.56613,65.668106,139.32999999999998,0.0
Camo 录像 2026-01-27 01-14-50,36,1.2,69.90679,66.11676,136.39999999999998,0.0
Camo 录像 2026-01-27 01-14-50,37,1.2333333333333334,70.184715,66.60964,133.06,0.0
Camo 录像 2026-01-27 01-14-50,38,1.2666666666666666,70.50284,67.13961,129.27999999999997,0.0
Camo 录像 2026-01-27 01-14-50,39,1.3,70.8129,67.69388,125.87,0.0
Camo 录像 2026-01-27 01-14-50,40,1.3333333333333333,70.91391,68.25574,121.85000000000002,0.0
Camo 录像 2026-01-27 01-14-50,41,1.3666666666666667,71.06744,68.89681,117.37,0.0
Camo 录像 2026-01-27 01-14-50,42,1.4,71.25076,69.63927,113.31,0.0
Camo 录像 2026-01-27 01-14-50,43,1.4333333333333333,71.318855,70.42336,108.72000000000003,0.0
Camo 录像 2026-01-27 01-14-50,44,1.4666666666666666,71.44903,71.27456,102.77999999999997,0.0
Camo 录像 2026-01-27 01-14-50,45,1.5,71.45743,72.159874,97.48199999999997,1.0
Camo 录像 2026-01-27 01-14-50,46,1.5333333333333334,71.34184,73.031784,92.51299999999998,1.0
Camo 录像 2026-01-27 01-14-50,47,1.5666666666666667,71.10005,73.84273,87.56,0.0
Camo 录像 2026-01-27 01-14-50,48,1.6,70.729866,74.54514,82.31,0.0
Camo 录像 2026-01-27 01-14-50,49,1.6333333333333333,70.50752,75.354416,78.01999999999998,0.0
Camo 录像 2026-01-27 01-14-50,50,1.6666666666666667,70.34672,76.23257,73.49000000000001,0.0
Camo 录像 2026-01-27 01-14-50,51,1.7,69.88151,76.87986,69.95999999999998,0.0
Camo 录像 2026-01-27 01-14-50,52,1.7333333333333334,69.47372,77.56342,65.91999999999999,0.0
Camo 录像 2026-01-27 01-14-50,53,1.7666666666666666,68.991684,78.20665,62.75,0.0
Camo 录像 2026-01-27 01-14-50,54,1.8,68.46273,78.78101,59.09,0.0
Camo 录像 2026-01-27 01-14-50,55,1.8333333333333333,68.0087,79.44483,56.69,0.0
Camo 录像 2026-01-27 01-14-50,56,1.8666666666666667,67.46391,79.98993,54.68000000000001,0.0
Camo 录像 2026-01-27 01-14-50,57,1.9,66.8303,80.39234,53.06,0.0
Camo 录像 2026-01-27 01-14-50,58,1.9333333333333333,66.36295,81.0194,51.91999999999999,0.0
Camo 录像 2026-01-27 01-14-50,59,1.9666666666666666,65.85634,81.590775,50.099999999999994,0.0
Camo 录像 2026-01-27 01-14-50,60,2.0,65.247284,81.97365,49.629999999999995,0.0
Camo 录像 2026-01-27 01-14-50,61,2.033333333333333,64.80275,82.60721,50.97999999999999,0.0
Camo 录像 2026-01-27 01-14-50,62,2.066666666666667,64.32588,83.1522,51.39999999999998,0.0
Camo 录像 2026-01-27 01-14-50,63,2.1,63.895264,83.689156,52.25999999999999,0.0
Camo 录像 2026-01-27 01-14-50,64,2.1333333333333333,63.40763,84.02001,53.870000000000005,0.0
Camo 录像 2026-01-27 01-14-50,65,2.1666666666666665,63.15557,84.70788,56.53999999999999,0.0
Camo 录像 2026-01-27 01-14-50,66,2.2,62.85872,85.04338,58.49000000000001,0.0
Camo 录像 2026-01-27 01-14-50,67,2.2333333333333334,62.754707,85.80149,62.120000000000005,0.0
Camo 录像 2026-01-27 01-14-50,68,2.2666666666666666,62.606667,86.21713,64.05000000000001,0.0
Camo 录像 2026-01-27 01-14-50,69,2.3,62.637062,86.9285,68.5,0.0
Camo 录像 2026-01-27 01-14-50,70,2.3333333333333335,62.58008,87.24075,71.61000000000001,0.0
Camo 录像 2026-01-27 01-14-50,71,2.3666666666666667,62.625374,87.822975,75.57999999999998,0.0
Camo 录像 2026-01-27 01-14-50,72,2.4,62.770844,88.6199,81.47000000000003,0.0
Camo 录像 2026-01-27 01-14-50,73,2.433333333333333,62.949516,89.391556,84.51999999999998,0.0
Camo 录像 2026-01-27 01-14-50,74,2.466666666666667,63.07766,89.96206,89.38999999999999,0.0
Camo 录像 2026-01-27 01-14-50,75,2.5,63.273773,90.64492,94.00999999999999,0.0
Camo 录像 2026-01-27 01-14-50,76,2.533333333333333,63.616943,91.71579,100.25,0.0
Camo 录像 2026-01-27 01-14-50,77,2.566666666666667,63.80995,92.12829,104.01999999999998,0.0
Camo 录像 2026-01-27 01-14-50,78,2.6,64.150795,92.8763,108.64999999999998,0.0
Camo 录像 2026-01-27 01-14-50,79,2.6333333333333333,64.50231,93.51489,111.72000000000003,0.0
Camo 录像 2026-01-27 01-14-50,80,2.6666666666666665,64.885445,94.21441,117.16999999999996,0.0
Camo 录像 2026-01-27 01-14-50,81,2.7,65.31176,94.77404,120.88,0.0
Camo 录像 2026-01-27 01-14-50,82,2.7333333333333334,65.78455,95.33468,124.37,0.0
Camo 录像 2026-01-27 01-14-50,83,2.7666666666666666,66.314186,95.89335,127.98000000000002,0.0
Camo 录像 2026-01-27 01-14-50,84,2.8,66.69984,95.99386,131.43,0.0
Camo 录像 2026-01-27 01-14-50,85,2.8333333333333335,67.23667,96.4246,134.65999999999997,0.0
Camo 录像 2026-01-27 01-14-50,86,2.8666666666666667,67.90658,97.05714,134.5,0.0
Camo 录像 2026-01-27 01-14-50,87,2.9,68.51352,97.47213,137.01,0.0
Camo 录像 2026-01-27 01-14-50,88,2.933333333333333,69.10081,97.94932,138.36,0.0
Camo 录像 2026-01-27 01-14-50,89,2.966666666666667,69.6912,98.433205,137.89,0.0
Camo 录像 2026-01-27 01-14-50,90,3.0,70.2347,98.79488,138.07,0.0
Camo 录像 2026-01-27 01-14-50,91,3.033333333333333,70.820435,99.313156,137.64,0.0
Camo 录像 2026-01-27 01-14-50,92,3.066666666666667,71.36996,99.7999,137.20999999999998,0.0
Camo 录像 2026-01-27 01-14-50,93,3.1,71.80999,100.095955,136.67000000000002,0.0
Camo 录像 2026-01-27 01-14-50,94,3.1333333333333333,72.22591,100.41949,133.84999999999997,0.0
Camo 录像 2026-01-27 01-14-50,95,3.1666666666666665,72.70441,101.03405,132.64,0.0
Camo 录像 2026-01-27 01-14-50,96,3.2,73.122444,101.643394,129.94,0.0
Camo 录像 2026-01-27 01-14-50,97,3.2333333333333334,73.47429,102.22053,127.34999999999997,0.0
Camo 录像 2026-01-27 01-14-50,98,3.2666666666666666,73.68143,102.74359,124.57,0.0
Camo 录像 2026-01-27 01-14-50,99,3.3,73.887054,103.346825,120.45999999999998,0.0
Camo 录像 2026-01-27 01-14-50,100,3.3333333333333335,74.03206,103.9822,117.75,0.0
Camo 录像 2026-01-27 01-14-50,101,3.3666666666666667,74.27977,105.04203,112.18,0.0
Camo 录像 2026-01-27 01-14-50,102,3.4,74.18407,105.550446,109.27999999999997,0.0
Camo 录像 2026-01-27 01-14-50,103,3.433333333333333,74.18292,106.46379,104.88,0.0
Camo 录像 2026-01-27 01-14-50,104,3.466666666666667,74.044205,107.16009,97.75999999999999,0.0
Camo 录像 2026-01-27 01-14-50,105,3.5,73.87567,107.96329,92.26999999999998,0.0
Camo 录像 2026-01-27 01-14-50,106,3.533333333333333,73.76998,109.000946,90.41999999999996,0.0
Camo 录像 2026-01-27 01-14-50,107,3.566666666666667,73.572495,109.87045,82.5,0.0
Camo 录像 2026-01-27 01-14-50,108,3.6,73.51998,111.19912,81.43,0.0
Camo 录像 2026-01-27 01-14-50,109,3.6333333333333333,73.10437,111.6151,73.12,0.0
Camo 录像 2026-01-27 01-14-50,110,3.6666666666666665,72.76924,112.33678,69.03999999999999,0.0
Camo 录像 2026-01-27 01-14-50,111,3.7,72.4313,113.15878,64.97,0.0
Camo 录像 2026-01-27 01-14-50,112,3.7333333333333334,72.008125,113.803894,60.81999999999999,0.0
Camo 录像 2026-01-27 01-14-50,113,3.7666666666666666,71.49138,114.28492,57.41,0.0
Camo 录像 2026-01-27 01-14-50,114,3.8,70.99305,114.893684,54.44,0.0
Camo 录像 2026-01-27 01-14-50,115,3.8333333333333335,70.45521,115.55319,52.120000000000005,0.0
Camo 录像 2026-01-27 01-14-50,116,3.8666666666666667,69.911835,116.29995,50.74000000000001,0.0
Camo 录像 2026-01-27 01-14-50,117,3.9,69.22283,116.58625,48.66999999999999,0.0
Camo 录像 2026-01-27 01-14-50,118,3.933333333333333,68.80788,117.64527,47.599999999999994,0.0
Camo 录像 2026-01-27 01-14-50,119,3.966666666666667,68.73256,119.07696,51.139999999999986,0.0
Camo 录像 2026-01-27 01-15-45,0,0.0,61.0,61.0,90.0,0.0
Camo 录像 2026-01-27 01-15-45,1,0.03333333333333333,61.006256,61.00398,89.59000000000003,0.0
Camo 录像 2026-01-27 01-15-45,2,0.06666666666666667,61.002876,61.01579,89.36000000000001,0.0
Camo 录像 2026-01-27 01-15-45,3,0.1,60.963955,61.030014,88.36000000000001,0.0
Camo 录像 2026-01-27 01-15-45,4,0.13333333333333333,60.870747,61.076633,87.89999999999998,0.0
Camo 录像 2026-01-27 01-15-45,5,0.16666666666666666,60.78959,61.07836,87.27999999999997,0.0
Camo 录像 2026-01-27 01-15-45,6,0.2,60.621387,61.084335,86.74000000000001,0.0
Camo 录像 2026-01-27 01-15-45,7,0.23333333333333334,60.387165,61.092606,85.76999999999998,0.0
Camo 录像 2026-01-27 01-15-45,8,0.26666666666666666,60.09412,61.12004,85.42000000000002,0.0
Camo 录像 2026-01-27 01-15-45,9,0.3,60.094017,61.119938,85.42000000000002,0.0
Camo 录像 2026-01-27 01-15-45,10,0.3333333333333333,59.480072,61.00816,83.56,0.0
Camo 录像 2026-01-27 01-15-45,11,0.36666666666666664,59.1775,60.928165,83.19,0.0
Camo 录像 2026-01-27 01-15-45,12,0.4,58.898315,60.83317,83.68,0.0
Camo 录像 2026-01-27 01-15-45,13,0.43333333333333335,58.673508,60.70764,84.38999999999999,0.0
Camo 录像 2026-01-27 01-15-45,14,0.4666666666666667,58.47358,60.617393,85.42000000000002,0.0
Camo 录像 2026-01-27 01-15-45,15,0.5,58.34509,60.530052,88.09000000000003,0.0
Camo 录像 2026-01-27 01-15-45,16,0.5333333333333333,58.310184,60.428444,90.31,0.0
Camo 录像 2026-01-27 01-15-45,17,0.5666666666666667,58.346916,60.402664,93.79000000000002,0.0
Camo 录像 2026-01-27 01-15-45,18,0.6,58.488876,60.419693,97.44999999999999,0.0
Camo 录像 2026-01-27 01-15-45,19,0.6333333333333333,58.66686,60.541126,101.46000000000004,0.0
Camo 录像 2026-01-27 01-15-45,20,0.6666666666666666,58.990055,60.78891,105.59000000000003,0.0
Camo 录像 2026-01-27 01-15-45,21,0.7,59.438232,61.159554,110.49000000000001,0.0
Camo 录像 2026-01-27 01-15-45,22,0.7333333333333333,60.03017,61.56294,116.05000000000001,0.0
Camo 录像 2026-01-27 01-15-45,23,0.7666666666666667,60.670403,61.988396,121.75999999999999,0.0
Camo 录像 2026-01-27 01-15-45,24,0.8,61.380703,62.38701,126.89999999999998,0.0
Camo 录像 2026-01-27 01-15-45,25,0.8333333333333334,62.100094,62.730934,131.01999999999998,0.0
Camo 录像 2026-01-27 01-15-45,26,0.8666666666666667,62.86939,63.03121,135.15999999999997,0.0
Camo 录像 2026-01-27 01-15-45,27,0.9,63.59183,63.353073,138.64999999999998,0.0
Camo 录像 2026-01-27 01-15-45,28,0.9333333333333333,64.35254,63.661655,141.08000000000004,0.0
Camo 录像 2026-01-27 01-15-45,29,0.9666666666666667,65.11398,63.964397,142.89999999999998,0.0
Camo 录像 2026-01-27 01-15-45,30,1.0,65.88823,64.252975,144.10000000000002,0.0
Camo 录像 2026-01-27 01-15-45,31,1.0333333333333334,66.58066,64.57019,144.22000000000003,0.0
Camo 录像 2026-01-27 01-15-45,32,1.0666666666666667,67.20195,64.839676,144.64,0.0
Camo 录像 2026-01-27 01-15-45,33,1.1,67.73544,65.13031,143.8,0.0
Camo 录像 2026-01-27 01-15-45,34,1.1333333333333333,68.37544,65.38848,142.92000000000002,0.0
Camo 录像 2026-01-27 01-15-45,35,1.1666666666666667,68.775986,65.73888,141.33000000000004,0.0
Camo 录像 2026-01-27 01-15-45,36,1.2,69.32393,66.10704,139.22000000000003,0.0
Camo 录像 2026-01-27 01-15-45,37,1.2333333333333334,69.73534,66.50946,136.70000000000005,0.0
Camo 录像 2026-01-27 01-15-45,38,1.2666666666666666,70.07039,66.99234,133.76,0.0
Camo 录像 2026-01-27 01-15-45,39,1.3,70.066895,66.98932,133.8,0.0
Camo 录像 2026-01-27 01-15-45,40,1.3333333333333333,70.62399,68.019775,127.02999999999997,0.0
Camo 录像 2026-01-27 01-15-45,41,1.3666666666666667,70.87813,68.55934,122.49000000000001,0.0
Camo 录像 2026-01-27 01-15-45,42,1.4,71.09392,69.1501,118.94999999999999,0.0
Camo 录像 2026-01-27 01-15-45,43,1.4333333333333333,71.2466,69.810776,114.50999999999999,0.0
Camo 录像 2026-01-27 01-15-45,44,1.4666666666666666,71.26463,70.52173,109.64999999999998,0.0
Camo 录像 2026-01-27 01-15-45,45,1.5,71.40204,71.347305,105.60000000000002,0.0
Camo 录像 2026-01-27 01-15-45,46,1.5333333333333334,71.4182,72.17534,100.09000000000003,0.0
Camo 录像 2026-01-27 01-15-45,47,1.5666666666666667,71.29805,73.01808,94.90999999999997,0.0
Camo 录像 2026-01-27 01-15-45,48,1.6,70.926346,73.73898,89.48000000000002,0.0
Camo 录像 2026-01-27 01-15-45,49,1.6333333333333333,70.99521,74.65851,84.69999999999999,0.0
Camo 录像 2026-01-27 01-15-45,50,1.6666666666666667,70.66635,75.349625,79.34000000000003,0.0
Camo 录像 2026-01-27 01-15-45,51,1.7,70.44502,76.12515,75.82999999999998,0.0
Camo 录像 2026-01-27 01-15-45,52,1.7333333333333334,70.01991,76.75285,71.28,0.0
Camo 录像 2026-01-27 01-15-45,53,1.7666666666666666,69.66487,77.46608,67.18,0.0
Camo 录像 2026-01-27 01-15-45,54,1.8,69.150696,78.06932,62.870000000000005,0.0
Camo 录像 2026-01-27 01-15-45,55,1.8333333333333333,68.612976,78.67377,60.0,0.0
Camo 录像 2026-01-27 01-15-45,56,1.8666666666666667,68.04529,79.23888,57.44999999999999,0.0
Camo 录像 2026-01-27 01-15-45,57,1.9,67.41443,79.810425,54.860000000000014,0.0
Camo 录像 2026-01-27 01-15-45,58,1.9333333333333333,66.854904,80.446884,52.94999999999999,0.0
Camo 录像 2026-01-27 01-15-45,59,1.9666666666666666,66.20909,80.93941,51.81,0.0
Camo 录像 2026-01-27 01-15-45,60,2.0,65.59866,81.440994,50.25999999999999,0.0
Camo 录像 2026-01-27 01-15-45,61,2.033333333333333,65.01112,81.96051,49.69,0.0
Camo 录像 2026-01-27 01-15-45,62,2.066666666666667,64.44345,82.46765,49.94999999999999,0.0
Camo 录像 2026-01-27 01-15-45,63,2.1,63.936123,83.01564,50.099999999999994,0.0
Camo 录像 2026-01-27 01-15-45,64,2.1333333333333333,63.44871,83.49933,50.73000000000002,0.0
Camo 录像 2026-01-27 01-15-45,65,2.1666666666666665,62.994884,83.880356,51.54000000000002,0.0
Camo 录像 2026-01-27 01-15-45,66,2.2,62.61257,84.43329,53.56,0.0
Camo 录像 2026-01-27 01-15-45,67,2.2333333333333334,62.329453,84.95523,56.44999999999999,0.0
Camo 录像 2026-01-27 01-15-45,68,2.2666666666666666,62.120956,85.510376,58.83000000000001,0.0
Camo 录像 2026-01-27 01-15-45,69,2.3,62.12134,85.5143,58.81999999999999,0.0
Camo 录像 2026-01-27 01-15-45,70,2.3333333333333335,61.82825,86.52327,64.73000000000002,0.0
Camo 录像 2026-01-27 01-15-45,71,2.3666666666666667,61.81785,87.25601,69.10000000000002,0.0
Camo 录像 2026-01-27 01-15-45,72,2.4,61.785522,87.77255,73.73000000000002,0.0
Camo 录像 2026-01-27 01-15-45,73,2.433333333333333,61.865345,88.50702,77.36000000000001,0.0
Camo 录像 2026-01-27 01-15-45,74,2.466666666666667,61.990345,89.302,81.69,0.0
Camo 录像 2026-01-27 01-15-45,75,2.5,62.11158,89.79033,86.0,0.0
Camo 录像 2026-01-27 01-15-45,76,2.533333333333333,62.322605,90.799164,92.21000000000004,0.0
Camo 录像 2026-01-27 01-15-45,77,2.566666666666667,62.543022,91.52414,95.5,0.0
Camo 录像 2026-01-27 01-15-45,78,2.6,62.77745,92.22505,101.34000000000003,0.0
Camo 录像 2026-01-27 01-15-45,79,2.6333333333333333,63.02425,92.809265,104.54000000000002,0.0
Camo 录像 2026-01-27 01-15-45,80,2.6666666666666665,63.340992,93.45686,109.65999999999997,0.0
Camo 录像 2026-01-27 01-15-45,81,2.7,63.760128,94.361465,114.49000000000001,0.0
Camo 录像 2026-01-27 01-15-45,82,2.7333333333333334,64.18797,95.037674,118.75,0.0
Camo 录像 2026-01-27 01-15-45,83,2.7666666666666666,64.58847,95.38629,121.23000000000002,0.0
Camo 录像 2026-01-27 01-15-45,84,2.8,65.08893,95.925934,125.21000000000004,0.0
Camo 录像 2026-01-27 01-15-45,85,2.8333333333333335,65.69185,96.64406,128.92000000000002,0.0
Camo 录像 2026-01-27 01-15-45,86,2.8666666666666667,66.26616,97.12799,131.45000000000005,0.0
Camo 录像 2026-01-27 01-15-45,87,2.9,66.86752,97.57175,134.5,0.0
Camo 录像 2026-01-27 01-15-45,88,2.933333333333333,67.46721,97.95047,134.84000000000003,0.0
Camo 录像 2026-01-27 01-15-45,89,2.966666666666667,67.91292,97.967255,136.45000000000005,0.0
Camo 录像 2026-01-27 01-15-45,90,3.0,68.54826,98.61661,136.84000000000003,0.0
Camo 录像 2026-01-27 01-15-45,91,3.033333333333333,69.08499,99.01143,137.01999999999998,0.0
Camo 录像 2026-01-27 01-15-45,92,3.066666666666667,69.75476,99.706924,137.82,0.0
Camo 录像 2026-01-27 01-15-45,93,3.1,70.24167,100.12555,138.01,0.0
Camo 录像 2026-01-27 01-15-45,94,3.1333333333333333,70.81734,100.68555,136.75,0.0
Camo 录像 2026-01-27 01-15-45,95,3.1666666666666665,71.19333,100.76312,135.03999999999996,0.0
Camo 录像 2026-01-27 01-15-45,96,3.2,71.75337,101.43964,132.82,0.0
Camo 录像 2026-01-27 01-15-45,97,3.2333333333333334,72.09181,101.728836,131.36,0.0
Camo 录像 2026-01-27 01-15-45,98,3.2666666666666666,72.48311,102.22006,128.82,0.0
Camo 录像 2026-01-27 01-15-45,99,3.3,72.84169,102.86133,124.88999999999999,0.0
Camo 录像 2026-01-27 01-15-45,100,3.3333333333333335,73.31447,103.94061,120.69999999999999,0.0
Camo 录像 2026-01-27 01-15-45,101,3.3666666666666667,73.50424,104.43199,118.57999999999998,0.0
Camo 录像 2026-01-27 01-15-45,102,3.4,73.62251,105.07597,114.92000000000002,0.0
Camo 录像 2026-01-27 01-15-45,103,3.433333333333333,73.799286,106.01268,110.25,0.0
Camo 录像 2026-01-27 01-15-45,104,3.466666666666667,73.75696,106.70123,107.38999999999999,0.0
Camo 录像 2026-01-27 01-15-45,105,3.5,73.72125,107.504456,100.61000000000001,0.0
Camo 录像 2026-01-27 01-15-45,106,3.533333333333333,73.75807,108.65544,96.12,0.0
Camo 录像 2026-01-27 01-15-45,107,3.566666666666667,73.43713,109.08615,93.63999999999999,0.0
Camo 录像 2026-01-27 01-15-45,108,3.6,73.18053,109.70459,84.76999999999998,0.0
Camo 录像 2026-01-27 01-15-45,109,3.6333333333333333,72.96759,110.573135,80.26999999999998,0.0
Camo 录像 2026-01-27 01-15-45,110,3.6666666666666665,72.72557,111.427185,75.60000000000002,0.0
Camo 录像 2026-01-27 01-15-45,111,3.7,72.37593,112.045334,71.72,0.0
Camo 录像 2026-01-27 01-15-45,112,3.7333333333333334,72.204056,113.35478,70.36000000000001,0.0
Camo 录像 2026-01-27 01-15-45,113,3.7666666666666666,71.67412,113.63728,63.66,0.0
Camo 录像 2026-01-27 01-15-45,114,3.8,71.27594,114.41948,59.73000000000002,0.0
Camo 录像 2026-01-27 01-15-45,115,3.8333333333333335,70.74434,114.91139,56.23000000000002,0.0
Camo 录像 2026-01-27 01-15-45,116,3.8666666666666667,70.24162,115.520874,53.33000000000001,0.0
Camo 录像 2026-01-27 01-15-45,117,3.9,69.71245,116.21004,51.379999999999995,0.0
Camo 录像 2026-01-27 01-15-45,118,3.933333333333333,69.11217,116.76819,48.98000000000002,0.0
Camo 录像 2026-01-27 01-15-45,119,3.966666666666667,68.57527,117.4942,48.150000000000006,0.0
Camo 录像 2026-01-27 01-18-27,0,0.0,61.0,61.0,90.0,0.0
Camo 录像 2026-01-27 01-18-27,1,0.03333333333333333,61.0108,61.0467,89.87,0.0
Camo 录像 2026-01-27 01-18-27,2,0.06666666666666667,60.961586,61.08771,89.43,0.0
Camo 录像 2026-01-27 01-18-27,3,0.1,60.863415,61.13398,88.74000000000001,0.0
Camo 录像 2026-01-27 01-18-27,4,0.13333333333333333,60.722992,61.183098,88.03999999999996,0.0
Camo 录像 2026-01-27 01-18-27,5,0.16666666666666666,60.561962,61.23333,87.25999999999999,0.0
Camo 录像 2026-01-27 01-18-27,6,0.2,60.337215,61.278046,86.26999999999998,0.0
Camo 录像 2026-01-27 01-18-27,7,0.23333333333333334,60.092976,61.29772,85.65999999999997,0.0
Camo 录像 2026-01-27 01-18-27,8,0.26666666666666666,60.093075,61.29782,85.64999999999998,0.0
Camo 录像 2026-01-27 01-18-27,9,0.3,59.507034,61.269142,84.14999999999998,0.0
Camo 录像 2026-01-27 01-18-27,10,0.3333333333333333,59.21653,61.20598,83.55000000000001,0.0
Camo 录像 2026-01-27 01-18-27,11,0.36666666666666664,58.943714,61.13321,83.60000000000002,0.0
Camo 录像 2026-01-27 01-18-27,12,0.4,58.69419,61.043995,84.24000000000001,0.0
Camo 录像 2026-01-27 01-18-27,13,0.43333333333333335,58.50352,60.93449,85.63,0.0
Camo 录像 2026-01-27 01-18-27,14,0.4666666666666667,58.32085,60.8296,87.16999999999996,0.0
Camo 录像 2026-01-27 01-18-27,15,0.5,58.237103,60.74648,89.65999999999997,0.0
Camo 录像 2026-01-27 01-18-27,16,0.5333333333333333,58.184734,60.68162,92.69,0.0
Camo 录像 2026-01-27 01-18-27,17,0.5666666666666667,58.26142,60.67172,96.33999999999997,0.0
Camo 录像 2026-01-27 01-18-27,18,0.6,58.372387,60.7509,100.07999999999998,0.0
Camo 录像 2026-01-27 01-18-27,19,0.6333333333333333,58.568428,60.94517,104.19999999999999,0.0
Camo 录像 2026-01-27 01-18-27,20,0.6666666666666666,58.939247,61.28414,108.87,0.0
Camo 录像 2026-01-27 01-18-27,21,0.7,59.427128,61.720535,114.32999999999998,0.0
Camo 录像 2026-01-27 01-18-27,22,0.7333333333333333,60.032032,62.15975,119.80000000000001,0.0
Camo 录像 2026-01-27 01-18-27,23,0.7666666666666667,60.70125,62.616287,125.00999999999999,0.0
Camo 录像 2026-01-27 01-18-27,24,0.8,61.357197,63.01953,128.94,0.0
Camo 录像 2026-01-27 01-18-27,25,0.8333333333333334,62.119194,63.424767,133.84000000000003,0.0
Camo 录像 2026-01-27 01-18-27,26,0.8666666666666667,62.841,63.782494,137.31,0.0
Camo 录像 2026-01-27 01-18-27,27,0.9,63.54179,64.118065,140.09000000000003,0.0
Camo 录像 2026-01-27 01-18-27,28,0.9333333333333333,64.28101,64.44706,142.28999999999996,0.0
Camo 录像 2026-01-27 01-18-27,29,0.9666666666666667,64.96616,64.781586,143.09000000000003,0.0
Camo 录像 2026-01-27 01-18-27,30,1.0,65.618195,65.11465,143.72000000000003,0.0
Camo 录像 2026-01-27 01-18-27,31,1.0333333333333334,66.19006,65.422226,143.59000000000003,0.0
Camo 录像 2026-01-27 01-18-27,32,1.0666666666666667,66.77731,65.71669,143.5,0.0
Camo 录像 2026-01-27 01-18-27,33,1.1,67.2894,66.051414,142.81,0.0
Camo 录像 2026-01-27 01-18-27,34,1.1333333333333333,67.73176,66.3984,141.51999999999998,0.0
Camo 录像 2026-01-27 01-18-27,35,1.1666666666666667,68.1312,66.786934,139.34000000000003,0.0
Camo 录像 2026-01-27 01-18-27,36,1.2,68.55656,67.237045,137.56,0.0
Camo 录像 2026-01-27 01-18-27,37,1.2333333333333334,68.9046,67.7533,134.23000000000002,0.0
Camo 录像 2026-01-27 01-18-27,38,1.2666666666666666,68.90634,67.75529,134.20999999999998,0.0
Camo 录像 2026-01-27 01-18-27,39,1.3,69.37127,68.785416,127.15999999999997,0.0
Camo 录像 2026-01-27 01-18-27,40,1.3333333333333333,69.55945,69.32007,123.44,0.0
Camo 录像 2026-01-27 01-18-27,41,1.3666666666666667,69.818214,69.942726,119.91999999999996,0.0
Camo 录像 2026-01-27 01-18-27,42,1.4,69.91024,70.506645,115.83999999999997,0.0
Camo 录像 2026-01-27 01-18-27,43,1.4333333333333333,70.03617,71.23249,111.11000000000001,0.0
Camo 录像 2026-01-27 01-18-27,44,1.4666666666666666,70.08465,72.025246,106.81,0.0
Camo 录像 2026-01-27 01-18-27,45,1.5,70.04731,72.83716,100.89999999999998,0.0
Camo 录像 2026-01-27 01-18-27,46,1.5333333333333334,69.96771,73.708336,96.63999999999999,0.0
Camo 录像 2026-01-27 01-18-27,47,1.5666666666666667,69.81702,74.59986,91.5,0.0
Camo 录像 2026-01-27 01-18-27,48,1.6,69.56392,75.42414,86.39999999999998,0.0
Camo 录像 2026-01-27 01-18-27,49,1.6333333333333333,69.35584,76.31662,80.75999999999999,0.0
Camo 录像 2026-01-27 01-18-27,50,1.6666666666666667,68.996735,77.05434,76.16999999999996,0.0
Camo 录像 2026-01-27 01-18-27,51,1.7,68.52918,77.6682,72.57999999999998,0.0
Camo 录像 2026-01-27 01-18-27,52,1.7333333333333334,68.08713,78.324814,68.19,0.0
Camo 录像 2026-01-27 01-18-27,53,1.7666666666666666,67.60293,78.9248,63.72,0.0
Camo 录像 2026-01-27 01-18-27,54,1.8,67.06521,79.52255,60.72,0.0
Camo 录像 2026-01-27 01-18-27,55,1.8333333333333333,66.5121,80.05796,57.41,0.0
Camo 录像 2026-01-27 01-18-27,56,1.8666666666666667,65.80267,80.30975,54.09,0.0
Camo 录像 2026-01-27 01-18-27,57,1.9,65.20425,80.83495,52.53999999999999,0.0
Camo 录像 2026-01-27 01-18-27,58,1.9333333333333333,64.63362,81.47203,51.79999999999998,0.0
Camo 录像 2026-01-27 01-18-27,59,1.9666666666666666,64.02039,81.9255,50.51999999999998,0.0
Camo 录像 2026-01-27 01-18-27,60,2.0,63.430473,82.40888,48.849999999999994,0.0
Camo 录像 2026-01-27 01-18-27,61,2.033333333333333,62.852367,82.92835,49.16,0.0
Camo 录像 2026-01-27 01-18-27,62,2.066666666666667,62.279095,83.34385,49.03999999999999,0.0
Camo 录像 2026-01-27 01-18-27,63,2.1,61.74813,83.68039,49.26999999999998,0.0
Camo 录像 2026-01-27 01-18-27,64,2.1333333333333333,61.2878,84.28625,51.44,0.0
Camo 录像 2026-01-27 01-18-27,65,2.1666666666666665,60.863544,84.75863,52.079999999999984,0.0
Camo 录像 2026-01-27 01-18-27,66,2.2,60.51848,85.15846,55.22999999999999,0.0
Camo 录像 2026-01-27 01-18-27,67,2.2333333333333334,60.2223,85.43819,56.97999999999999,0.0
Camo 录像 2026-01-27 01-18-27,68,2.2666666666666666,60.222393,85.43953,57.0,0.0
Camo 录像 2026-01-27 01-18-27,69,2.3,59.86395,86.80444,64.56,0.0
Camo 录像 2026-01-27 01-18-27,70,2.3333333333333335,59.756207,87.3288,68.45999999999998,0.0
Camo 录像 2026-01-27 01-18-27,71,2.3666666666666667,59.67658,87.80027,69.99000000000001,0.0
Camo 录像 2026-01-27 01-18-27,72,2.4,59.62358,88.4736,73.77999999999997,0.0
Camo 录像 2026-01-27 01-18-27,73,2.433333333333333,59.606945,89.00663,78.00999999999999,0.0
Camo 录像 2026-01-27 01-18-27,74,2.466666666666667,59.684433,89.76632,84.24000000000001,0.0
Camo 录像 2026-01-27 01-18-27,75,2.5,59.795414,90.47282,88.82,0.0
Camo 录像 2026-01-27 01-18-27,76,2.533333333333333,59.948574,91.43294,94.07999999999998,0.0
Camo 录像 2026-01-27 01-18-27,77,2.566666666666667,60.168335,92.15066,98.97000000000003,0.0
Camo 录像 2026-01-27 01-18-27,78,2.6,60.40173,92.55921,102.87,0.0
Camo 录像 2026-01-27 01-18-27,79,2.6333333333333333,60.721336,93.62618,107.91999999999996,0.0
Camo 录像 2026-01-27 01-18-27,80,2.6666666666666665,61.052876,94.156044,111.88,0.0
Camo 录像 2026-01-27 01-18-27,81,2.7,61.447056,95.016,115.53999999999996,0.0
Camo 录像 2026-01-27 01-18-27,82,2.7333333333333334,61.842655,95.58706,120.22000000000003,0.0
Camo 录像 2026-01-27 01-18-27,83,2.7666666666666666,62.305954,96.07362,123.70999999999998,0.0
Camo 录像 2026-01-27 01-18-27,84,2.8,62.81017,96.588646,125.25999999999999,0.0
Camo 录像 2026-01-27 01-18-27,85,2.8333333333333335,63.385094,97.38078,130.01,0.0
Camo 录像 2026-01-27 01-18-27,86,2.8666666666666667,63.935684,97.81524,133.89,0.0
Camo 录像 2026-01-27 01-18-27,87,2.9,64.54447,98.39705,135.48000000000002,0.0
Camo 录像 2026-01-27 01-18-27,88,2.933333333333333,65.1218,98.783775,136.61,0.0
Camo 录像 2026-01-27 01-18-27,89,2.966666666666667,65.68173,99.171684,137.40999999999997,0.0
Camo 录像 2026-01-27 01-18-27,90,3.0,66.13202,99.37916,139.01999999999998,0.0
Camo 录像 2026-01-27 01-18-27,91,3.033333333333333,66.7337,100.17571,138.24,0.0
Camo 录像 2026-01-27 01-18-27,92,3.066666666666667,67.1816,100.504616,137.68,0.0
Camo 录像 2026-01-27 01-18-27,93,3.1,67.67831,101.09323,136.82999999999998,0.0
Camo 录像 2026-01-27 01-18-27,94,3.1333333333333333,68.077255,101.32264,135.62,0.0
Camo 录像 2026-01-27 01-18-27,95,3.1666666666666665,68.52759,101.89338,133.64999999999998,0.0
Camo 录像 2026-01-27 01-18-27,96,3.2,68.92511,102.49056,131.64999999999998,0.0
Camo 录像 2026-01-27 01-18-27,97,3.2333333333333334,69.177734,102.72759,129.14,0.0
Camo 录像 2026-01-27 01-18-27,98,3.2666666666666666,69.1708,102.71405,129.16999999999996,0.0
Camo 录像 2026-01-27 01-18-27,99,3.3,69.87326,104.54158,121.90999999999997,0.0
Camo 录像 2026-01-27 01-18-27,100,3.3333333333333335,70.0636,105.13783,118.58999999999997,0.0
Camo 录像 2026-01-27 01-18-27,101,3.3666666666666667,70.29368,105.99603,115.08999999999997,0.0
Camo 录像 2026-01-27 01-18-27,102,3.4,70.272224,106.35861,111.86000000000001,0.0
Camo 录像 2026-01-27 01-18-27,103,3.433333333333333,70.19732,106.74242,106.19,0.0
Camo 录像 2026-01-27 01-18-27,104,3.466666666666667,70.28694,108.092094,103.05000000000001,0.0
Camo 录像 2026-01-27 01-18-27,105,3.5,70.04056,108.37503,96.45999999999998,0.0
Camo 录像 2026-01-27 01-18-27,106,3.533333333333333,69.8629,109.228035,90.85000000000002,0.0
Camo 录像 2026-01-27 01-18-27,107,3.566666666666667,69.608696,109.948364,86.01999999999998,0.0
Camo 录像 2026-01-27 01-18-27,108,3.6,69.45377,111.3507,81.25999999999999,0.0
Camo 录像 2026-01-27 01-18-27,109,3.6333333333333333,69.16615,112.34188,79.55000000000001,0.0
Camo 录像 2026-01-27 01-18-27,110,3.6666666666666665,68.75404,112.99204,71.44999999999999,0.0
Camo 录像 2026-01-27 01-18-27,111,3.7,68.155464,112.79963,66.86000000000001,0.0
Camo 录像 2026-01-27 01-18-27,112,3.7333333333333334,67.70097,113.621956,62.91,0.0
Camo 录像 2026-01-27 01-18-27,113,3.7666666666666666,67.24606,114.59866,64.54999999999998,0.0
Camo 录像 2026-01-27 01-18-27,114,3.8,66.629776,114.866646,56.78999999999999,0.0
Camo 录像 2026-01-27 01-18-27,115,3.8333333333333335,66.11273,115.80823,53.359999999999985,0.0
Camo 录像 2026-01-27 01-18-27,116,3.8666666666666667,65.40138,115.69062,50.45999999999998,0.0
Camo 录像 2026-01-27 01-18-27,117,3.9,64.79599,116.244125,48.97999999999999,0.0
Camo 录像 2026-01-27 01-18-27,118,3.933333333333333,64.14564,116.44864,46.24000000000001,0.0
Camo 录像 2026-01-27 01-18-27,119,3.966666666666667,63.870537,117.38449,52.64999999999998,0.0
Camo 录像 2026-01-27 01-19-21,0,0.0,61.0,61.0,90.0,0.0
Camo 录像 2026-01-27 01-19-21,1,0.03333333333333333,60.96833,61.03769,89.61000000000001,0.0
Camo 录像 2026-01-27 01-19-21,2,0.06666666666666667,60.96981,61.03183,89.39999999999998,0.0
Camo 录像 2026-01-27 01-19-21,3,0.1,60.887386,61.0661,88.76999999999998,0.0
Camo 录像 2026-01-27 01-19-21,4,0.13333333333333333,60.76793,61.093494,87.76999999999998,0.0
Camo 录像 2026-01-27 01-19-21,5,0.16666666666666666,60.62552,61.08891,86.90999999999997,0.0
Camo 录像 2026-01-27 01-19-21,6,0.2,60.40059,61.103138,86.03999999999996,0.0
Camo 录像 2026-01-27 01-19-21,7,0.23333333333333334,60.126606,61.107063,85.27999999999997,0.0
Camo 录像 2026-01-27 01-19-21,8,0.26666666666666666,59.816956,61.071877,84.02999999999997,0.0
Camo 录像 2026-01-27 01-19-21,9,0.3,59.505432,61.025646,83.44999999999999,0.0
Camo 录像 2026-01-27 01-19-21,10,0.3333333333333333,59.17604,60.958622,82.94,0.0
Camo 录像 2026-01-27 01-19-21,11,0.36666666666666664,58.84516,60.88468,82.94999999999999,0.0
Camo 录像 2026-01-27 01-19-21,12,0.4,58.56408,60.75996,83.31,0.0
Camo 录像 2026-01-27 01-19-21,13,0.43333333333333335,58.33827,60.640045,84.39999999999998,0.0
Camo 录像 2026-01-27 01-19-21,14,0.4666666666666667,58.14138,60.552166,85.73000000000002,0.0
Camo 录像 2026-01-27 01-19-21,15,0.5,58.03586,60.445778,87.85000000000002,0.0
Camo 录像 2026-01-27 01-19-21,16,0.5333333333333333,58.02345,60.33583,90.77999999999997,0.0
Camo 录像 2026-01-27 01-19-21,17,0.5666666666666667,58.120003,60.267715,94.15999999999997,0.0
Camo 录像 2026-01-27 01-19-21,18,0.6,58.27352,60.327835,98.0,0.0
Camo 录像 2026-01-27 01-19-21,19,0.6333333333333333,58.490578,60.432816,101.93,0.0
Camo 录像 2026-01-27 01-19-21,20,0.6666666666666666,58.87029,60.72268,107.26999999999998,0.0
Camo 录像 2026-01-27 01-19-21,21,0.7,59.36396,61.050846,111.75,0.0
Camo 录像 2026-01-27 01-19-21,22,0.7333333333333333,60.00377,61.385,117.70999999999998,0.0
Camo 录像 2026-01-27 01-19-21,23,0.7666666666666667,60.641556,61.78098,123.28999999999996,0.0
Camo 录像 2026-01-27 01-19-21,24,0.8,61.36206,62.12366,127.65999999999997,0.0
Camo 录像 2026-01-27 01-19-21,25,0.8333333333333334,62.04826,62.445602,132.09000000000003,0.0
Camo 录像 2026-01-27 01-19-21,26,0.8666666666666667,62.74593,62.72379,136.32,0.0
Camo 录像 2026-01-27 01-19-21,27,0.9,63.49162,62.993843,139.37,0.0
Camo 录像 2026-01-27 01-19-21,28,0.9333333333333333,64.26761,63.255066,141.3,0.0
Camo 录像 2026-01-27 01-19-21,29,0.9666666666666667,65.01726,63.506443,142.89,0.0
Camo 录像 2026-01-27 01-19-21,30,1.0,65.63861,63.796684,143.76,0.0
Camo 录像 2026-01-27 01-19-21,31,1.0333333333333334,66.29985,64.06325,144.22000000000003,0.0
Camo 录像 2026-01-27 01-19-21,32,1.0666666666666667,66.9102,64.30166,143.82,0.0
Camo 录像 2026-01-27 01-19-21,33,1.1,67.47888,64.55139,143.26,0.0
Camo 录像 2026-01-27 01-19-21,34,1.1333333333333333,67.96188,64.794266,142.5,0.0
Camo 录像 2026-01-27 01-19-21,35,1.1666666666666667,68.533905,65.11191,141.09000000000003,0.0
Camo 录像 2026-01-27 01-19-21,36,1.2,68.9904,65.46352,138.60000000000002,0.0
Camo 录像 2026-01-27 01-19-21,37,1.2333333333333334,69.427444,65.86597,136.11,0.0
Camo 录像 2026-01-27 01-19-21,38,1.2666666666666666,69.83588,66.311264,133.15999999999997,0.0
Camo 录像 2026-01-27 01-19-21,39,1.3,70.17244,66.8145,129.45,0.0
Camo 录像 2026-01-27 01-19-21,40,1.3333333333333333,70.47217,67.30798,125.57999999999998,0.0
Camo 录像 2026-01-27 01-19-21,41,1.3666666666666667,70.69672,67.841965,122.57,0.0
Camo 录像 2026-01-27 01-19-21,42,1.4,70.88725,68.43967,118.00999999999999,0.0
Camo 录像 2026-01-27 01-19-21,43,1.4333333333333333,71.09192,69.10535,113.05000000000001,0.0
Camo 录像 2026-01-27 01-19-21,44,1.4666666666666666,71.11667,69.83588,108.85000000000002,0.0
Camo 录像 2026-01-27 01-19-21,45,1.5,71.194595,70.63751,103.39999999999998,0.0
Camo 录像 2026-01-27 01-19-21,46,1.5333333333333334,71.25375,71.52095,98.75999999999999,0.0
Camo 录像 2026-01-27 01-19-21,47,1.5666666666666667,71.19377,72.39316,93.51999999999998,0.0
Camo 录像 2026-01-27 01-19-21,48,1.6,71.012985,73.254944,88.11000000000001,0.0
Camo 录像 2026-01-27 01-19-21,49,1.6333333333333333,70.693985,73.98802,83.62,0.0
Camo 录像 2026-01-27 01-19-21,50,1.6666666666666667,70.44333,74.77165,78.72000000000003,0.0
Camo 录像 2026-01-27 01-19-21,51,1.7,70.24716,75.5936,74.47,0.0
Camo 录像 2026-01-27 01-19-21,52,1.7333333333333334,69.854965,76.264694,70.23000000000002,0.0
Camo 录像 2026-01-27 01-19-21,53,1.7666666666666666,69.34534,76.86278,66.12,0.0
Camo 录像 2026-01-27 01-19-21,54,1.8,68.96242,77.56108,62.99000000000001,0.0
Camo 录像 2026-01-27 01-19-21,55,1.8333333333333333,68.48566,78.14201,59.829999999999984,0.0
Camo 录像 2026-01-27 01-19-21,56,1.8666666666666667,67.985016,78.70039,57.30000000000001,0.0
Camo 录像 2026-01-27 01-19-21,57,1.9,67.49765,79.289825,55.05000000000001,0.0
Camo 录像 2026-01-27 01-19-21,58,1.9333333333333333,66.88287,79.71181,53.03999999999999,0.0
Camo 录像 2026-01-27 01-19-21,59,1.9666666666666666,66.37868,80.26947,52.079999999999984,0.0
Camo 录像 2026-01-27 01-19-21,60,2.0,65.870026,80.81387,50.26999999999998,0.0
Camo 录像 2026-01-27 01-19-21,61,2.033333333333333,65.25905,81.17323,49.389999999999986,0.0
Camo 录像 2026-01-27 01-19-21,62,2.066666666666667,64.78792,81.76474,49.849999999999994,0.0
Camo 录像 2026-01-27 01-19-21,63,2.1,64.32248,82.289734,50.47999999999999,0.0
Camo 录像 2026-01-27 01-19-21,64,2.1333333333333333,63.815235,82.6324,51.31999999999999,0.0
Camo 录像 2026-01-27 01-19-21,65,2.1666666666666665,63.435963,83.10095,52.19,0.0
Camo 录像 2026-01-27 01-19-21,66,2.2,63.10947,83.63258,55.47,0.0
Camo 录像 2026-01-27 01-19-21,67,2.2333333333333334,62.926876,84.20482,57.41999999999999,0.0
Camo 录像 2026-01-27 01-19-21,68,2.2666666666666666,62.753246,84.68471,59.94999999999999,0.0
Camo 录像 2026-01-27 01-19-21,69,2.3,62.642406,85.27391,64.43,0.0
Camo 录像 2026-01-27 01-19-21,70,2.3333333333333335,62.592884,85.80806,67.03999999999999,0.0
Camo 录像 2026-01-27 01-19-21,71,2.3666666666666667,62.552074,86.19893,70.78999999999999,0.0
Camo 录像 2026-01-27 01-19-21,72,2.4,62.595547,86.90619,75.45999999999998,0.0
Camo 录像 2026-01-27 01-19-21,73,2.433333333333333,62.679806,87.54796,78.64999999999998,0.0
Camo 录像 2026-01-27 01-19-21,74,2.466666666666667,62.714245,87.93004,83.12,0.0
Camo 录像 2026-01-27 01-19-21,75,2.5,62.92927,88.898575,88.32,0.0
Camo 录像 2026-01-27 01-19-21,76,2.533333333333333,63.05579,89.471115,93.10000000000002,0.0
Camo 录像 2026-01-27 01-19-21,77,2.566666666666667,63.34741,90.34819,98.19999999999999,0.0
Camo 录像 2026-01-27 01-19-21,78,2.6,63.6197,91.095856,103.78999999999996,0.0
Camo 录像 2026-01-27 01-19-21,79,2.6333333333333333,63.95978,91.78688,107.61000000000001,0.0
Camo 录像 2026-01-27 01-19-21,80,2.6666666666666665,64.24283,92.24625,112.88999999999999,0.0
Camo 录像 2026-01-27 01-19-21,81,2.7,64.64549,92.83099,116.28999999999996,0.0
Camo 录像 2026-01-27 01-19-21,82,2.7333333333333334,65.12219,93.50589,120.09000000000003,0.0
Camo 录像 2026-01-27 01-19-21,83,2.7666666666666666,65.53848,93.83684,121.74000000000001,0.0
Camo 录像 2026-01-27 01-19-21,84,2.8,66.088425,94.39076,127.43,0.0
Camo 录像 2026-01-27 01-19-21,85,2.8333333333333335,66.66635,94.87175,130.75,0.0
Camo 录像 2026-01-27 01-19-21,86,2.8666666666666667,67.30098,95.388275,133.14,0.0
Camo 录像 2026-01-27 01-19-21,87,2.9,67.775665,95.42639,135.87,0.0
Camo 录像 2026-01-27 01-19-21,88,2.933333333333333,68.49832,96.043,137.82999999999998,0.0
Camo 录像 2026-01-27 01-19-21,89,2.966666666666667,68.97136,96.12218,137.51999999999998,0.0
Camo 录像 2026-01-27 01-19-21,90,3.0,69.640305,96.74373,138.63,0.0
Camo 录像 2026-01-27 01-19-21,91,3.033333333333333,70.24359,97.22966,139.23000000000002,0.0
Camo 录像 2026-01-27 01-19-21,92,3.066666666666667,70.76317,97.57231,138.21000000000004,0.0
Camo 录像 2026-01-27 01-19-21,93,3.1,71.23514,97.888336,137.74,0.0
Camo 录像 2026-01-27 01-19-21,94,3.1333333333333333,71.73834,98.3165,137.12,0.0
Camo 录像 2026-01-27 01-19-21,95,3.1666666666666665,72.24083,98.8311,135.44,0.0
Camo 录像 2026-01-27 01-19-21,96,3.2,72.64702,99.29576,133.32999999999998,0.0
Camo 录像 2026-01-27 01-19-21,97,3.2333333333333334,73.12396,99.994675,130.56,0.0
Camo 录像 2026-01-27 01-19-21,98,3.2666666666666666,73.2453,100.11513,128.23000000000002,0.0
Camo 录像 2026-01-27 01-19-21,99,3.3,73.583755,100.82045,124.57,0.0
Camo 录像 2026-01-27 01-19-21,100,3.3333333333333335,73.94588,101.67818,120.78999999999996,0.0
Camo 录像 2026-01-27 01-19-21,101,3.3666666666666667,73.931244,101.85596,117.00999999999999,0.0
Camo 录像 2026-01-27 01-19-21,102,3.4,74.30568,103.00197,114.07,0.0
Camo 录像 2026-01-27 01-19-21,103,3.433333333333333,74.4577,103.865616,109.30000000000001,0.0
Camo 录像 2026-01-27 01-19-21,104,3.466666666666667,74.17662,104.043045,103.82999999999998,0.0
Camo 录像 2026-01-27 01-19-21,105,3.5,74.19685,104.95004,98.48000000000002,0.0
Camo 录像 2026-01-27 01-19-21,106,3.533333333333333,74.32962,106.2569,96.19999999999999,0.0
Camo 录像 2026-01-27 01-19-21,107,3.566666666666667,73.95987,106.57973,88.52999999999997,0.0
Camo 录像 2026-01-27 01-19-21,108,3.6,73.85422,107.572556,83.88,0.0
Camo 录像 2026-01-27 01-19-21,109,3.6333333333333333,73.60567,108.32654,79.62,0.0
Camo 录像 2026-01-27 01-19-21,110,3.6666666666666665,73.48549,109.54053,74.93,0.0
Camo 录像 2026-01-27 01-19-21,111,3.7,73.260284,110.574036,72.16,0.0
Camo 录像 2026-01-27 01-19-21,112,3.7333333333333334,72.63548,110.62103,65.94,0.0
Camo 录像 2026-01-27 01-19-21,113,3.7666666666666666,72.22882,111.41202,67.55000000000001,0.0
Camo 录像 2026-01-27 01-19-21,114,3.8,71.76526,112.111786,58.99000000000001,0.0
Camo 录像 2026-01-27 01-19-21,115,3.8333333333333335,71.19852,112.60391,55.84,0.0
Camo 录像 2026-01-27 01-19-21,116,3.8666666666666667,70.59424,113.09827,53.329999999999984,0.0
Camo 录像 2026-01-27 01-19-21,117,3.9,70.02716,113.86615,51.01999999999998,0.0
Camo 录像 2026-01-27 01-19-21,118,3.933333333333333,69.37033,114.33096,54.31999999999999,0.0
Camo 录像 2026-01-27 01-19-21,119,3.966666666666667,68.84183,114.976654,48.19999999999999,0.0
Camo 录像 2026-01-27 01-20-16,0,0.0,61.0,61.0,90.0,0.0
Camo 录像 2026-01-27 01-20-16,1,0.03333333333333333,60.952026,60.99723,89.47000000000003,0.0
Camo 录像 2026-01-27 01-20-16,2,0.06666666666666667,60.894188,60.976746,88.90999999999997,0.0
Camo 录像 2026-01-27 01-20-16,3,0.1,60.770794,60.99431,88.00999999999999,0.0
Camo 录像 2026-01-27 01-20-16,4,0.13333333333333333,60.639828,60.974915,87.17000000000002,0.0
Camo 录像 2026-01-27 01-20-16,5,0.16666666666666666,60.43568,60.99493,86.32,0.0
Camo 录像 2026-01-27 01-20-16,6,0.2,60.208797,60.951973,85.30000000000001,0.0
Camo 录像 2026-01-27 01-20-16,7,0.23333333333333334,59.91612,60.938927,84.15999999999997,0.0
Camo 录像 2026-01-27 01-20-16,8,0.26666666666666666,59.630787,60.891445,83.45999999999998,0.0
Camo 录像 2026-01-27 01-20-16,9,0.3,59.320305,60.848854,83.07999999999998,0.0
Camo 录像 2026-01-27 01-20-16,10,0.3333333333333333,59.030624,60.777637,82.89999999999998,0.0
Camo 录像 2026-01-27 01-20-16,11,0.36666666666666664,58.75459,60.655884,83.23000000000002,0.0
Camo 录像 2026-01-27 01-20-16,12,0.4,58.516922,60.555138,84.02999999999997,0.0
Camo 录像 2026-01-27 01-20-16,13,0.43333333333333335,58.303654,60.456398,85.32,0.0
Camo 录像 2026-01-27 01-20-16,14,0.4666666666666667,58.161266,60.35191,87.32,0.0
Camo 录像 2026-01-27 01-20-16,15,0.5,58.102547,60.253754,89.78999999999996,0.0
Camo 录像 2026-01-27 01-20-16,16,0.5333333333333333,58.107864,60.200867,93.31,0.0
Camo 录像 2026-01-27 01-20-16,17,0.5666666666666667,58.236027,60.18974,97.25,0.0
Camo 录像 2026-01-27 01-20-16,18,0.6,58.37808,60.297928,100.90999999999997,0.0
Camo 录像 2026-01-27 01-20-16,19,0.6333333333333333,58.68453,60.51486,105.13,0.0
Camo 录像 2026-01-27 01-20-16,20,0.6666666666666666,59.121227,60.82339,110.37,0.0
Camo 录像 2026-01-27 01-20-16,21,0.7,59.675014,61.209915,115.50999999999999,0.0
Camo 录像 2026-01-27 01-20-16,22,0.7333333333333333,60.33431,61.565327,121.13,0.0
Camo 录像 2026-01-27 01-20-16,23,0.7666666666666667,61.01662,61.951504,126.23000000000002,0.0
Camo 录像 2026-01-27 01-20-16,24,0.8,61.70052,62.32475,130.56,0.0
Camo 录像 2026-01-27 01-20-16,25,0.8333333333333334,62.425507,62.6017,134.79999999999995,0.0
Camo 录像 2026-01-27 01-20-16,26,0.8666666666666667,63.152344,62.904346,138.02999999999997,0.0
Camo 录像 2026-01-27 01-20-16,27,0.9,63.870758,63.21095,140.38,0.0
Camo 录像 2026-01-27 01-20-16,28,0.9333333333333333,64.64757,63.482533,142.45,0.0
Camo 录像 2026-01-27 01-20-16,29,0.9666666666666667,65.396416,63.73931,143.52999999999997,0.0
Camo 录像 2026-01-27 01-20-16,30,1.0,65.97882,64.05754,143.99,0.0
Camo 录像 2026-01-27 01-20-16,31,1.0333333333333334,66.61445,64.3112,143.99,0.0
Camo 录像 2026-01-27 01-20-16,32,1.0666666666666667,67.29276,64.53575,143.76999999999998,0.0
Camo 录像 2026-01-27 01-20-16,33,1.1,67.74535,64.83658,142.97000000000003,0.0
Camo 录像 2026-01-27 01-20-16,34,1.1333333333333333,68.32275,65.14174,141.27999999999997,0.0
Camo 录像 2026-01-27 01-20-16,35,1.1666666666666667,68.678925,65.52324,139.02999999999997,0.0
Camo 录像 2026-01-27 01-20-16,36,1.2,69.10256,65.93146,136.86,0.0
Camo 录像 2026-01-27 01-20-16,37,1.2333333333333334,69.59095,66.39029,134.06,0.0
Camo 录像 2026-01-27 01-20-16,38,1.2666666666666666,69.86759,66.888885,130.10000000000002,0.0
Camo 录像 2026-01-27 01-20-16,39,1.3,70.2841,67.39436,126.90999999999997,0.0
Camo 录像 2026-01-27 01-20-16,40,1.3333333333333333,70.51465,67.91986,123.20999999999998,0.0
Camo 录像 2026-01-27 01-20-16,41,1.3666666666666667,70.7595,68.48331,119.12,0.0
Camo 录像 2026-01-27 01-20-16,42,1.4,70.93708,69.12248,114.72000000000003,0.0
Camo 录像 2026-01-27 01-20-16,43,1.4333333333333333,71.01279,69.84686,109.99000000000001,0.0
Camo 录像 2026-01-27 01-20-16,44,1.4666666666666666,71.09077,70.602875,105.19999999999999,0.0
Camo 录像 2026-01-27 01-20-16,45,1.5,71.08342,71.416855,100.32,0.0
Camo 录像 2026-01-27 01-20-16,46,1.5333333333333334,70.95303,72.23564,94.98000000000002,0.0
Camo 录像 2026-01-27 01-20-16,47,1.5666666666666667,70.837425,73.079315,89.69,0.0
Camo 录像 2026-01-27 01-20-16,48,1.6,70.629555,73.835175,84.97000000000003,0.0
Camo 录像 2026-01-27 01-20-16,49,1.6333333333333333,70.33006,74.56438,80.38999999999999,0.0
Camo 录像 2026-01-27 01-20-16,50,1.6666666666666667,70.03086,75.27826,75.53999999999999,0.0
Camo 录像 2026-01-27 01-20-16,51,1.7,69.60876,75.88968,70.97,0.0
Camo 录像 2026-01-27 01-20-16,52,1.7333333333333334,69.27531,76.58415,66.80000000000001,0.0
Camo 录像 2026-01-27 01-20-16,53,1.7666666666666666,68.88919,77.25568,63.49000000000001,0.0
Camo 录像 2026-01-27 01-20-16,54,1.8,68.36582,77.79515,60.49000000000001,0.0
Camo 录像 2026-01-27 01-20-16,55,1.8333333333333333,67.85368,78.34993,57.70999999999998,0.0
Camo 录像 2026-01-27 01-20-16,56,1.8666666666666667,67.33169,78.89615,55.59,0.0
Camo 录像 2026-01-27 01-20-16,57,1.9,66.76579,79.374054,53.78,0.0
Camo 录像 2026-01-27 01-20-16,58,1.9333333333333333,66.25385,79.90947,52.19999999999999,0.0
Camo 录像 2026-01-27 01-20-16,59,1.9666666666666666,65.6938,80.342865,51.06999999999999,0.0
Camo 录像 2026-01-27 01-20-16,60,2.0,65.185455,80.86325,50.28999999999999,0.0
Camo 录像 2026-01-27 01-20-16,61,2.033333333333333,64.59883,81.25929,50.150000000000006,0.0
Camo 录像 2026-01-27 01-20-16,62,2.066666666666667,64.11787,81.79941,50.56,0.0
Camo 录像 2026-01-27 01-20-16,63,2.1,63.61885,82.2616,51.43000000000001,0.0
Camo 录像 2026-01-27 01-20-16,64,2.1333333333333333,63.13787,82.63353,52.78,0.0
Camo 录像 2026-01-27 01-20-16,65,2.1666666666666665,62.803238,83.28993,54.41999999999999,0.0
Camo 录像 2026-01-27 01-20-16,66,2.2,62.498863,83.75505,56.650000000000006,0.0
Camo 录像 2026-01-27 01-20-16,67,2.2333333333333334,62.29737,84.31531,59.70999999999998,0.0
Camo 录像 2026-01-27 01-20-16,68,2.2666666666666666,62.17106,84.902985,63.06,0.0
Camo 录像 2026-01-27 01-20-16,69,2.3,62.064953,85.37059,67.47,0.0
Camo 录像 2026-01-27 01-20-16,70,2.3333333333333335,62.077335,85.89842,71.07999999999998,0.0
Camo 录像 2026-01-27 01-20-16,71,2.3666666666666667,62.07889,86.350555,73.87,0.0
Camo 录像 2026-01-27 01-20-16,72,2.4,62.206924,87.0845,79.31,0.0
Camo 录像 2026-01-27 01-20-16,73,2.433333333333333,62.375496,87.83562,83.26999999999998,0.0
Camo 录像 2026-01-27 01-20-16,74,2.466666666666667,62.59851,88.62099,87.10000000000002,0.0
Camo 录像 2026-01-27 01-20-16,75,2.5,62.76181,89.272446,92.86000000000001,0.0
Camo 录像 2026-01-27 01-20-16,76,2.533333333333333,63.040688,90.086914,96.92000000000002,0.0
Camo 录像 2026-01-27 01-20-16,77,2.566666666666667,63.29036,90.676865,102.38,0.0
Camo 录像 2026-01-27 01-20-16,78,2.6,63.61332,91.526184,106.40999999999997,0.0
Camo 录像 2026-01-27 01-20-16,79,2.6333333333333333,63.90529,92.13905,110.81,0.0
Camo 录像 2026-01-27 01-20-16,80,2.6666666666666665,64.2892,92.86374,115.15999999999997,0.0
Camo 录像 2026-01-27 01-20-16,81,2.7,64.665276,93.406876,119.43,0.0
Camo 录像 2026-01-27 01-20-16,82,2.7333333333333334,65.000084,93.613174,123.13,0.0
Camo 录像 2026-01-27 01-20-16,83,2.7666666666666666,65.45561,94.05824,127.10000000000002,0.0
Camo 录像 2026-01-27 01-20-16,84,2.8,66.118546,94.87065,129.66999999999996,0.0
Camo 录像 2026-01-27 01-20-16,85,2.8333333333333335,66.64039,95.21039,133.45,0.0
Camo 录像 2026-01-27 01-20-16,86,2.8666666666666667,67.17532,95.386185,135.26,0.0
Camo 录像 2026-01-27 01-20-16,87,2.9,67.90445,96.08247,135.89,0.0
Camo 录像 2026-01-27 01-20-16,88,2.933333333333333,68.424225,96.20311,138.94,0.0
Camo 录像 2026-01-27 01-20-16,89,2.966666666666667,69.03627,96.68352,137.40999999999997,0.0
Camo 录像 2026-01-27 01-20-16,90,3.0,69.72902,97.33838,138.82999999999998,0.0
Camo 录像 2026-01-27 01-20-16,91,3.033333333333333,70.39255,97.87596,139.23000000000002,0.0
Camo 录像 2026-01-27 01-20-16,92,3.066666666666667,70.84435,98.106674,139.11,0.0
Camo 录像 2026-01-27 01-20-16,93,3.1,71.5418,98.832214,137.69,0.0
Camo 录像 2026-01-27 01-20-16,94,3.1333333333333333,71.95738,99.03801,137.32999999999998,0.0
Camo 录像 2026-01-27 01-20-16,95,3.1666666666666665,72.55634,99.712524,134.57999999999998,0.0
Camo 录像 2026-01-27 01-20-16,96,3.2,72.96014,100.11153,133.07999999999998,0.0
Camo 录像 2026-01-27 01-20-16,97,3.2333333333333334,73.47921,100.894196,129.51999999999998,0.0
Camo 录像 2026-01-27 01-20-16,98,3.2666666666666666,73.70769,101.24359,126.64999999999998,0.0
Camo 录像 2026-01-27 01-20-16,99,3.3,74.08196,102.06857,122.68,0.0
Camo 录像 2026-01-27 01-20-16,100,3.3333333333333335,74.01946,102.069595,119.19,0.0
Camo 录像 2026-01-27 01-20-16,101,3.3666666666666667,74.34837,103.12134,116.87,0.0
Camo 录像 2026-01-27 01-20-16,102,3.4,74.64991,104.26369,111.22000000000003,0.0
Camo 录像 2026-01-27 01-20-16,103,3.433333333333333,74.5172,104.74074,107.77999999999997,0.0
Camo 录像 2026-01-27 01-20-16,104,3.466666666666667,74.479836,105.505035,101.33999999999997,0.0
Camo 录像 2026-01-27 01-20-16,105,3.5,74.35562,106.24443,96.0,0.0
Camo 录像 2026-01-27 01-20-16,106,3.533333333333333,74.16316,106.95676,90.82999999999998,0.0
Camo 录像 2026-01-27 01-20-16,107,3.566666666666667,74.057335,107.91179,85.37,0.0
Camo 录像 2026-01-27 01-20-16,108,3.6,73.957085,108.98184,84.86000000000001,0.0
Camo 录像 2026-01-27 01-20-16,109,3.6333333333333333,73.72755,109.801315,80.88,0.0
Camo 录像 2026-01-27 01-20-16,110,3.6666666666666665,73.35329,110.312454,72.03,0.0
Camo 录像 2026-01-27 01-20-16,111,3.7,72.96437,110.834,68.30000000000001,0.0
Camo 录像 2026-01-27 01-20-16,112,3.7333333333333334,72.6202,111.65115,64.05000000000001,0.0
Camo 录像 2026-01-27 01-20-16,113,3.7666666666666666,72.267006,112.48773,61.19999999999999,0.0
Camo 录像 2026-01-27 01-20-16,114,3.8,71.78271,113.1004,57.829999999999984,0.0
Camo 录像 2026-01-27 01-20-16,115,3.8333333333333335,71.224075,113.53685,55.150000000000006,0.0
Camo 录像 2026-01-27 01-20-16,116,3.8666666666666667,70.68916,114.191315,53.150000000000006,0.0
Camo 录像 2026-01-27 01-20-16,117,3.9,70.070435,114.66672,50.359999999999985,0.0
Camo 录像 2026-01-27 01-20-16,118,3.933333333333333,69.49772,115.24861,49.400000000000006,0.0
Camo 录像 2026-01-27 01-20-16,119,3.966666666666667,69.27616,116.27687,50.099999999999994,0.0
Camo 录像 2026-01-27 01-21-11,0,0.0,61.0,61.0,90.0,0.0
Camo 录像 2026-01-27 01-21-11,1,0.03333333333333333,60.962337,60.967674,89.75999999999999,0.0
Camo 录像 2026-01-27 01-21-11,2,0.06666666666666667,60.901062,60.882267,89.02999999999997,0.0
Camo 录像 2026-01-27 01-21-11,3,0.1,60.79827,60.857815,88.10000000000002,0.0
Camo 录像 2026-01-27 01-21-11,4,0.13333333333333333,60.659107,60.79446,87.32999999999998,0.0
Camo 录像 2026-01-27 01-21-11,5,0.16666666666666666,60.509365,60.7414,86.17000000000002,0.0
Camo 录像 2026-01-27 01-21-11,6,0.2,60.293865,60.68467,85.5,0.0
Camo 录像 2026-01-27 01-21-11,7,0.23333333333333334,60.035114,60.65942,84.59000000000003,0.0
Camo 录像 2026-01-27 01-21-11,8,0.26666666666666666,60.035007,60.659626,84.56,0.0
Camo 录像 2026-01-27 01-21-11,9,0.3,59.421825,60.515022,83.43,0.0
Camo 录像 2026-01-27 01-21-11,10,0.3333333333333333,59.0925,60.41365,82.93,0.0
Camo 录像 2026-01-27 01-21-11,11,0.36666666666666664,58.782406,60.27283,83.02999999999997,0.0
Camo 录像 2026-01-27 01-21-11,12,0.4,58.502483,60.117912,83.15999999999997,0.0
Camo 录像 2026-01-27 01-21-11,13,0.43333333333333335,58.272736,59.972683,84.72000000000003,0.0
Camo 录像 2026-01-27 01-21-11,14,0.4666666666666667,58.080723,59.80592,85.87,0.0
Camo 录像 2026-01-27 01-21-11,15,0.5,58.004047,59.718105,88.72000000000003,0.0
Camo 录像 2026-01-27 01-21-11,16,0.5333333333333333,57.973385,59.602448,91.89999999999998,0.0
Camo 录像 2026-01-27 01-21-11,17,0.5666666666666667,58.06287,59.497414,95.49000000000001,0.0
Camo 录像 2026-01-27 01-21-11,18,0.6,58.169163,59.531055,99.15999999999997,0.0
Camo 录像 2026-01-27 01-21-11,19,0.6333333333333333,58.39542,59.64524,103.30000000000001,0.0
Camo 录像 2026-01-27 01-21-11,20,0.6666666666666666,58.782692,59.88746,107.98000000000002,0.0
Camo 录像 2026-01-27 01-21-11,21,0.7,59.28913,60.21095,113.30000000000001,0.0
Camo 录像 2026-01-27 01-21-11,22,0.7333333333333333,59.9263,60.51337,118.98000000000002,0.0
Camo 录像 2026-01-27 01-21-11,23,0.7666666666666667,60.59002,60.89674,124.05000000000001,0.0
Camo 录像 2026-01-27 01-21-11,24,0.8,61.311687,61.17362,129.02999999999997,0.0
Camo 录像 2026-01-27 01-21-11,25,0.8333333333333334,62.030067,61.502197,132.76,0.0
Camo 录像 2026-01-27 01-21-11,26,0.8666666666666667,62.754333,61.762665,136.5,0.0
Camo 录像 2026-01-27 01-21-11,27,0.9,63.5191,62.012447,139.43,0.0
Camo 录像 2026-01-27 01-21-11,28,0.9333333333333333,64.27374,62.274506,141.43,0.0
Camo 录像 2026-01-27 01-21-11,29,0.9666666666666667,64.997116,62.54079,142.76999999999998,0.0
Camo 录像 2026-01-27 01-21-11,30,1.0,65.6433,62.819065,143.66999999999996,0.0
Camo 录像 2026-01-27 01-21-11,31,1.0333333333333334,66.31309,63.057724,143.64999999999998,0.0
Camo 录像 2026-01-27 01-21-11,32,1.0666666666666667,66.864784,63.323296,143.18,0.0
Camo 录像 2026-01-27 01-21-11,33,1.1,67.43003,63.54028,142.72000000000003,0.0
Camo 录像 2026-01-27 01-21-11,34,1.1333333333333333,67.93922,63.810486,141.36,0.0
Camo 录像 2026-01-27 01-21-11,35,1.1666666666666667,68.3752,64.139915,139.81,0.0
Camo 录像 2026-01-27 01-21-11,36,1.2,68.80049,64.50008,137.60000000000002,0.0
Camo 录像 2026-01-27 01-21-11,37,1.2333333333333334,69.18957,64.919556,134.77999999999997,0.0
Camo 录像 2026-01-27 01-21-11,38,1.2666666666666666,69.18451,64.92033,134.76,0.0
Camo 录像 2026-01-27 01-21-11,39,1.3,69.83432,65.90315,127.55000000000001,0.0
Camo 录像 2026-01-27 01-21-11,40,1.3333333333333333,70.1582,66.40616,124.11000000000001,0.0
Camo 录像 2026-01-27 01-21-11,41,1.3666666666666667,70.38945,66.958015,120.38,0.0
Camo 录像 2026-01-27 01-21-11,42,1.4,70.53087,67.56865,115.86000000000001,0.0
Camo 录像 2026-01-27 01-21-11,43,1.4333333333333333,70.62575,68.269264,111.55000000000001,0.0
Camo 录像 2026-01-27 01-21-11,44,1.4666666666666666,70.79209,69.0432,106.36000000000001,0.0
Camo 录像 2026-01-27 01-21-11,45,1.5,70.81147,69.853935,101.267,1.0
Camo 录像 2026-01-27 01-21-11,46,1.5333333333333334,70.719666,70.67908,96.22799999999995,1.0
Camo 录像 2026-01-27 01-21-11,47,1.5666666666666667,70.55247,71.49619,91.19999999999999,0.0
Camo 录像 2026-01-27 01-21-11,48,1.6,70.34568,72.282875,86.13999999999999,0.0
Camo 录像 2026-01-27 01-21-11,49,1.6333333333333333,70.10713,73.05183,81.38999999999999,0.0
Camo 录像 2026-01-27 01-21-11,50,1.6666666666666667,69.7729,73.7743,77.12,0.0
Camo 录像 2026-01-27 01-21-11,51,1.7,69.4683,74.48815,72.63999999999999,0.0
Camo 录像 2026-01-27 01-21-11,52,1.7333333333333334,69.06478,75.128426,68.69,0.0
Camo 录像 2026-01-27 01-21-11,53,1.7666666666666666,68.66616,75.77445,64.82999999999998,0.0
Camo 录像 2026-01-27 01-21-11,54,1.8,68.19028,76.37818,61.28,0.0
Camo 录像 2026-01-27 01-21-11,55,1.8333333333333333,67.70015,76.93543,58.360000000000014,0.0
Camo 录像 2026-01-27 01-21-11,56,1.8666666666666667,67.18518,77.506355,56.09,0.0
Camo 录像 2026-01-27 01-21-11,57,1.9,66.62355,77.992775,53.69,0.0
Camo 录像 2026-01-27 01-21-11,58,1.9333333333333333,66.08795,78.5764,52.31,0.0
Camo 录像 2026-01-27 01-21-11,59,1.9666666666666666,65.46876,78.99005,50.93000000000001,0.0
Camo 录像 2026-01-27 01-21-11,60,2.0,64.90582,79.513115,49.94999999999999,0.0
Camo 录像 2026-01-27 01-21-11,61,2.033333333333333,64.32802,80.02384,50.44999999999999,0.0
Camo 录像 2026-01-27 01-21-11,62,2.066666666666667,63.80665,80.57102,50.829999999999984,0.0
Camo 录像 2026-01-27 01-21-11,63,2.1,63.294773,81.02583,50.99000000000001,0.0
Camo 录像 2026-01-27 01-21-11,64,2.1333333333333333,62.84783,81.52576,51.91,0.0
Camo 录像 2026-01-27 01-21-11,65,2.1666666666666665,62.44347,81.97909,53.28,0.0
Camo 录像 2026-01-27 01-21-11,66,2.2,62.105988,82.37578,54.629999999999995,0.0
Camo 录像 2026-01-27 01-21-11,67,2.2333333333333334,61.901764,82.863785,57.25999999999999,0.0
Camo 录像 2026-01-27 01-21-11,68,2.2666666666666666,61.901775,82.862236,57.25999999999999,0.0
Camo 录像 2026-01-27 01-21-11,69,2.3,61.642403,84.01178,64.26999999999998,0.0
Camo 录像 2026-01-27 01-21-11,70,2.3333333333333335,61.62527,84.55915,68.00999999999999,0.0
Camo 录像 2026-01-27 01-21-11,71,2.3666666666666667,61.62214,84.947586,71.78999999999999,0.0
Camo 录像 2026-01-27 01-21-11,72,2.4,61.651775,85.54439,75.44,0.0
Camo 录像 2026-01-27 01-21-11,73,2.433333333333333,61.75325,86.218765,79.95999999999998,0.0
Camo 录像 2026-01-27 01-21-11,74,2.466666666666667,61.88742,86.863304,83.63,0.0
Camo 录像 2026-01-27 01-21-11,75,2.5,62.075005,87.568306,90.14999999999998,0.0
Camo 录像 2026-01-27 01-21-11,76,2.533333333333333,62.280777,88.16676,94.32,0.0
Camo 录像 2026-01-27 01-21-11,77,2.566666666666667,62.585835,89.11145,99.48000000000002,0.0
Camo 录像 2026-01-27 01-21-11,78,2.6,62.873165,89.80714,104.94999999999999,0.0
Camo 录像 2026-01-27 01-21-11,79,2.6333333333333333,63.219822,90.42907,109.90999999999997,0.0
Camo 录像 2026-01-27 01-21-11,80,2.6666666666666665,63.608997,91.12667,113.39999999999998,0.0
Camo 录像 2026-01-27 01-21-11,81,2.7,63.9585,91.38902,117.68,0.0
Camo 录像 2026-01-27 01-21-11,82,2.7333333333333334,64.46507,92.26108,120.88999999999999,0.0
Camo 录像 2026-01-27 01-21-11,83,2.7666666666666666,64.9393,92.650696,124.44,0.0
Camo 录像 2026-01-27 01-21-11,84,2.8,65.46665,93.13842,127.83000000000004,0.0
Camo 录像 2026-01-27 01-21-11,85,2.8333333333333335,66.03727,93.596924,131.66999999999996,0.0
Camo 录像 2026-01-27 01-21-11,86,2.8666666666666667,66.586555,93.89022,134.10000000000002,0.0
Camo 录像 2026-01-27 01-21-11,87,2.9,67.21614,94.34037,135.93,0.0
Camo 录像 2026-01-27 01-21-11,88,2.933333333333333,67.71767,94.38111,135.58000000000004,0.0
Camo 录像 2026-01-27 01-21-11,89,2.966666666666667,68.42699,95.159164,138.39999999999998,0.0
Camo 录像 2026-01-27 01-21-11,90,3.0,68.90238,95.21348,138.88,0.0
Camo 录像 2026-01-27 01-21-11,91,3.033333333333333,69.522156,95.72526,138.77999999999997,0.0
Camo 录像 2026-01-27 01-21-11,92,3.066666666666667,70.14291,96.33287,137.90999999999997,0.0
Camo 录像 2026-01-27 01-21-11,93,3.1,70.61154,96.64495,135.84000000000003,0.0
Camo 录像 2026-01-27 01-21-11,94,3.1333333333333333,71.15642,97.18971,136.49,0.0
Camo 录像 2026-01-27 01-21-11,95,3.1666666666666665,71.62484,97.68947,134.49,0.0
Camo 录像 2026-01-27 01-21-11,96,3.2,72.03786,98.25244,132.38,0.0
Camo 录像 2026-01-27 01-21-11,97,3.2333333333333334,72.39641,98.81472,129.59000000000003,0.0
Camo 录像 2026-01-27 01-21-11,98,3.2666666666666666,72.39509,98.810875,129.60000000000002,0.0
Camo 录像 2026-01-27 01-21-11,99,3.3,72.84709,99.778404,123.11000000000001,0.0
Camo 录像 2026-01-27 01-21-11,100,3.3333333333333335,73.02136,100.31288,118.49000000000001,0.0
Camo 录像 2026-01-27 01-21-11,101,3.3666666666666667,73.15011,100.79977,115.65999999999997,0.0
Camo 录像 2026-01-27 01-21-11,102,3.4,73.301544,101.56728,113.00999999999999,0.0
Camo 录像 2026-01-27 01-21-11,103,3.433333333333333,73.53458,102.72206,107.15999999999997,0.0
Camo 录像 2026-01-27 01-21-11,104,3.466666666666667,73.359856,102.99488,102.38999999999999,0.0
Camo 录像 2026-01-27 01-21-11,105,3.5,73.34787,103.867775,97.14999999999998,0.0
Camo 录像 2026-01-27 01-21-11,106,3.533333333333333,73.32999,104.85661,92.64999999999998,0.0
Camo 录像 2026-01-27 01-21-11,107,3.566666666666667,73.32158,106.075294,88.68,0.0
Camo 录像 2026-01-27 01-21-11,108,3.6,73.017334,106.5831,82.31,0.0
Camo 录像 2026-01-27 01-21-11,109,3.6333333333333333,72.82981,107.493546,81.70999999999998,0.0
Camo 录像 2026-01-27 01-21-11,110,3.6666666666666665,72.474556,108.02751,72.73000000000002,0.0
Camo 录像 2026-01-27 01-21-11,111,3.7,72.11899,108.7686,68.69,0.0
Camo 录像 2026-01-27 01-21-11,112,3.7333333333333334,71.82398,109.90068,68.28,0.0
Camo 录像 2026-01-27 01-21-11,113,3.7666666666666666,71.25545,110.1202,61.56,0.0
Camo 录像 2026-01-27 01-21-11,114,3.8,70.85381,111.15364,57.670000000000016,0.0
Camo 录像 2026-01-27 01-21-11,115,3.8333333333333335,70.2228,111.41528,54.75999999999999,0.0
Camo 录像 2026-01-27 01-21-11,116,3.8666666666666667,69.69018,112.20421,52.30000000000001,0.0
Camo 录像 2026-01-27 01-21-11,117,3.9,69.03359,112.460045,50.28999999999999,0.0
Camo 录像 2026-01-27 01-21-11,118,3.933333333333333,68.52049,113.431244,48.079999999999984,0.0
Camo 录像 2026-01-27 01-21-11,119,3.966666666666667,68.0907,114.07937,48.28999999999999,0.0
Camo 录像 2026-01-27 01-22-58,0,0.0,61.0,61.0,90.0,0.0
Camo 录像 2026-01-27 01-22-58,1,0.03333333333333333,60.97188,61.00115,89.85000000000002,0.0
Camo 录像 2026-01-27 01-22-58,2,0.06666666666666667,60.868168,61.048172,88.5,0.0
Camo 录像 2026-01-27 01-22-58,3,0.1,60.760178,61.044056,88.06,0.0
Camo 录像 2026-01-27 01-22-58,4,0.13333333333333333,60.59907,61.05216,87.44,0.0
Camo 录像 2026-01-27 01-22-58,5,0.16666666666666666,60.38176,61.044014,85.99000000000001,0.0
Camo 录像 2026-01-27 01-22-58,6,0.2,60.113235,60.983,84.75999999999999,0.0
Camo 录像 2026-01-27 01-22-58,7,0.23333333333333334,59.805183,60.936104,84.21000000000004,0.0
Camo 录像 2026-01-27 01-22-58,8,0.26666666666666666,59.483646,60.889584,82.80000000000001,0.0
Camo 录像 2026-01-27 01-22-58,9,0.3,59.178593,60.785034,82.51999999999998,0.0
Camo 录像 2026-01-27 01-22-58,10,0.3333333333333333,58.87441,60.689766,82.07999999999998,0.0
Camo 录像 2026-01-27 01-22-58,11,0.36666666666666664,58.603462,60.555195,82.62,0.0
Camo 录像 2026-01-27 01-22-58,12,0.4,58.38701,60.431805,83.22000000000003,0.0
Camo 录像 2026-01-27 01-22-58,13,0.43333333333333335,58.20627,60.324856,84.39999999999998,0.0
Camo 录像 2026-01-27 01-22-58,14,0.4666666666666667,58.092392,60.196774,86.19999999999999,0.0
Camo 录像 2026-01-27 01-22-58,15,0.5,58.06908,60.131435,88.85000000000002,0.0
Camo 录像 2026-01-27 01-22-58,16,0.5333333333333333,58.08712,60.0415,92.04000000000002,0.0
Camo 录像 2026-01-27 01-22-58,17,0.5666666666666667,58.261833,60.098324,95.61000000000001,0.0
Camo 录像 2026-01-27 01-22-58,18,0.6,58.39584,60.175014,99.27999999999997,0.0
Camo 录像 2026-01-27 01-22-58,19,0.6333333333333333,58.695484,60.41329,103.69,0.0
Camo 录像 2026-01-27 01-22-58,20,0.6666666666666666,59.106503,60.744415,108.64999999999998,0.0
Camo 录像 2026-01-27 01-22-58,21,0.7,59.63427,61.153427,114.19999999999999,0.0
Camo 录像 2026-01-27 01-22-58,22,0.7333333333333333,60.25973,61.572144,120.18,0.0
Camo 录像 2026-01-27 01-22-58,23,0.7666666666666667,60.89887,62.015873,124.52999999999997,0.0
Camo 录像 2026-01-27 01-22-58,24,0.8,61.578545,62.42905,128.87,0.0
Camo 录像 2026-01-27 01-22-58,25,0.8333333333333334,62.293446,62.746704,133.35000000000002,0.0
Camo 录像 2026-01-27 01-22-58,26,0.8666666666666667,62.992798,63.101933,136.78000000000003,0.0
Camo 录像 2026-01-27 01-22-58,27,0.9,63.732773,63.43021,139.45,0.0
Camo 录像 2026-01-27 01-22-58,28,0.9333333333333333,64.428276,63.7634,141.17000000000002,0.0
Camo 录像 2026-01-27 01-22-58,29,0.9666666666666667,65.13901,64.09215,142.47000000000003,0.0
Camo 录像 2026-01-27 01-22-58,30,1.0,65.77085,64.42534,143.09000000000003,0.0
Camo 录像 2026-01-27 01-22-58,31,1.0333333333333334,66.34583,64.734344,143.01999999999998,0.0
Camo 录像 2026-01-27 01-22-58,32,1.0666666666666667,66.89725,65.02838,142.5,0.0
Camo 录像 2026-01-27 01-22-58,33,1.1,67.333336,65.33226,141.76999999999998,0.0
Camo 录像 2026-01-27 01-22-58,34,1.1333333333333333,67.786095,65.6593,140.68,0.0
Camo 录像 2026-01-27 01-22-58,35,1.1666666666666667,68.27083,66.017654,138.74,0.0
Camo 录像 2026-01-27 01-22-58,36,1.2,68.66514,66.418045,136.28000000000003,0.0
Camo 录像 2026-01-27 01-22-58,37,1.2333333333333334,69.0513,66.887054,133.32999999999998,0.0
Camo 录像 2026-01-27 01-22-58,38,1.2666666666666666,69.36419,67.39058,129.99,0.0
Camo 录像 2026-01-27 01-22-58,39,1.3,69.616104,67.88988,126.30000000000001,0.0
Camo 录像 2026-01-27 01-22-58,40,1.3333333333333333,69.776505,68.390915,122.72000000000003,0.0
Camo 录像 2026-01-27 01-22-58,41,1.3666666666666667,70.02068,68.99106,119.42000000000002,0.0
Camo 录像 2026-01-27 01-22-58,42,1.4,70.14898,69.645096,114.29000000000002,0.0
Camo 录像 2026-01-27 01-22-58,43,1.4333333333333333,70.07866,70.327255,109.82,0.0
Camo 录像 2026-01-27 01-22-58,44,1.4666666666666666,70.08786,71.10652,105.185,1.0
Camo 录像 2026-01-27 01-22-58,45,1.5,70.06919,71.935455,100.09000000000003,0.0
Camo 录像 2026-01-27 01-22-58,46,1.5333333333333334,69.9152,72.76657,94.24000000000001,0.0
Camo 录像 2026-01-27 01-22-58,47,1.5666666666666667,69.635605,73.50548,88.50999999999999,0.0
Camo 录像 2026-01-27 01-22-58,48,1.6,69.35071,74.2323,83.94999999999999,0.0
Camo 录像 2026-01-27 01-22-58,49,1.6333333333333333,69.092445,74.99907,79.52999999999997,0.0
Camo 录像 2026-01-27 01-22-58,50,1.6666666666666667,68.697784,75.59041,75.36000000000001,0.0
Camo 录像 2026-01-27 01-22-58,51,1.7,68.424866,76.2764,71.11000000000001,0.0
Camo 录像 2026-01-27 01-22-58,52,1.7333333333333334,68.02391,76.91127,67.0,0.0
Camo 录像 2026-01-27 01-22-58,53,1.7666666666666666,67.589806,77.48758,63.16,0.0
Camo 录像 2026-01-27 01-22-58,54,1.8,67.01105,77.90811,60.00999999999999,0.0
Camo 录像 2026-01-27 01-22-58,55,1.8333333333333333,66.473366,78.3678,56.620000000000005,0.0
Camo 录像 2026-01-27 01-22-58,56,1.8666666666666667,65.908104,78.89522,54.75999999999999,0.0
Camo 录像 2026-01-27 01-22-58,57,1.9,65.29751,79.31024,52.31999999999999,0.0
Camo 录像 2026-01-27 01-22-58,58,1.9333333333333333,64.7165,79.83255,51.56999999999999,0.0
Camo 录像 2026-01-27 01-22-58,59,1.9666666666666666,64.10199,80.26076,50.22,0.0
Camo 录像 2026-01-27 01-22-58,60,2.0,63.509342,80.71831,49.03,0.0
Camo 录像 2026-01-27 01-22-58,61,2.033333333333333,62.90287,81.161255,49.06999999999999,0.0
Camo 录像 2026-01-27 01-22-58,62,2.066666666666667,62.304283,81.49301,49.06,0.0
Camo 录像 2026-01-27 01-22-58,63,2.1,61.76966,81.965775,50.19999999999999,0.0
Camo 录像 2026-01-27 01-22-58,64,2.1333333333333333,61.296143,82.29469,50.78,0.0
Camo 录像 2026-01-27 01-22-58,65,2.1666666666666665,60.87962,82.78656,52.56,0.0
Camo 录像 2026-01-27 01-22-58,66,2.2,60.552605,83.24443,55.18000000000001,0.0
Camo 录像 2026-01-27 01-22-58,67,2.2333333333333334,60.31966,83.63542,56.78,0.0
Camo 录像 2026-01-27 01-22-58,68,2.2666666666666666,60.127262,84.211105,60.99000000000001,0.0
Camo 录像 2026-01-27 01-22-58,69,2.3,59.982983,84.70123,64.33000000000001,0.0
Camo 录像 2026-01-27 01-22-58,70,2.3333333333333335,59.914726,85.185425,67.27000000000001,0.0
Camo 录像 2026-01-27 01-22-58,71,2.3666666666666667,59.84521,85.77403,70.56,0.0
Camo 录像 2026-01-27 01-22-58,72,2.4,59.809784,86.46976,76.38999999999999,0.0
Camo 录像 2026-01-27 01-22-58,73,2.433333333333333,59.815228,86.984604,78.19999999999999,0.0
Camo 录像 2026-01-27 01-22-58,74,2.466666666666667,59.86795,87.8716,84.77999999999997,0.0
Camo 录像 2026-01-27 01-22-58,75,2.5,59.93357,88.50922,89.93,0.0
Camo 录像 2026-01-27 01-22-58,76,2.533333333333333,60.047615,89.28578,94.54000000000002,0.0
Camo 录像 2026-01-27 01-22-58,77,2.566666666666667,60.199036,89.851746,100.38999999999999,0.0
Camo 录像 2026-01-27 01-22-58,78,2.6,60.41904,90.712616,103.38,0.0
Camo 录像 2026-01-27 01-22-58,79,2.6333333333333333,60.652367,91.36839,109.25,0.0
Camo 录像 2026-01-27 01-22-58,80,2.6666666666666665,60.981815,92.05684,112.29000000000002,0.0
Camo 录像 2026-01-27 01-22-58,81,2.7,61.330627,92.48781,116.24000000000001,0.0
Camo 录像 2026-01-27 01-22-58,82,2.7333333333333334,61.761047,93.39502,120.04000000000002,0.0
Camo 录像 2026-01-27 01-22-58,83,2.7666666666666666,62.229137,93.84544,123.60000000000002,0.0
Camo 录像 2026-01-27 01-22-58,84,2.8,62.714115,94.26137,127.25999999999999,0.0
Camo 录像 2026-01-27 01-22-58,85,2.8333333333333335,63.27539,94.94484,129.64999999999998,0.0
Camo 录像 2026-01-27 01-22-58,86,2.8666666666666667,63.84807,95.478485,132.26,0.0
Camo 录像 2026-01-27 01-22-58,87,2.9,64.40554,95.81389,134.17000000000002,0.0
Camo 录像 2026-01-27 01-22-58,88,2.933333333333333,64.98497,96.34097,135.51,0.0
Camo 录像 2026-01-27 01-22-58,89,2.966666666666667,65.52884,96.83946,136.91000000000003,0.0
Camo 录像 2026-01-27 01-22-58,90,3.0,66.05838,97.341644,136.64999999999998,0.0
Camo 录像 2026-01-27 01-22-58,91,3.033333333333333,66.54524,97.76758,136.7,0.0
Camo 录像 2026-01-27 01-22-58,92,3.066666666666667,67.039085,98.34338,136.17000000000002,0.0
Camo 录像 2026-01-27 01-22-58,93,3.1,67.474335,98.7966,135.0,0.0
Camo 录像 2026-01-27 01-22-58,94,3.1333333333333333,67.92245,99.27658,134.57,0.0
Camo 录像 2026-01-27 01-22-58,95,3.1666666666666665,68.29872,99.7746,131.95999999999998,0.0
Camo 录像 2026-01-27 01-22-58,96,3.2,68.615295,100.29895,130.01999999999998,0.0
Camo 录像 2026-01-27 01-22-58,97,3.2333333333333334,69.01898,101.19014,126.74000000000001,0.0
Camo 录像 2026-01-27 01-22-58,98,3.2666666666666666,69.18,101.51262,123.72000000000003,0.0
Camo 录像 2026-01-27 01-22-58,99,3.3,69.368286,102.24245,120.25,0.0
Camo 录像 2026-01-27 01-22-58,100,3.3333333333333335,69.48797,102.841,117.50999999999999,0.0
Camo 录像 2026-01-27 01-22-58,101,3.3666666666666667,69.53331,103.34393,113.88,0.0
Camo 录像 2026-01-27 01-22-58,102,3.4,69.63324,104.35875,109.09000000000003,0.0
Camo 录像 2026-01-27 01-22-58,103,3.433333333333333,69.5959,105.188705,103.89999999999998,0.0
Camo 录像 2026-01-27 01-22-58,104,3.466666666666667,69.407196,105.79248,101.24000000000001,0.0
Camo 录像 2026-01-27 01-22-58,105,3.5,69.19723,106.534546,96.38999999999999,0.0
Camo 录像 2026-01-27 01-22-58,106,3.533333333333333,69.1181,107.96785,89.62,0.0
Camo 录像 2026-01-27 01-22-58,107,3.566666666666667,68.806,108.813736,84.49000000000001,0.0
Camo 录像 2026-01-27 01-22-58,108,3.6,68.40943,109.41725,80.47000000000003,0.0
Camo 录像 2026-01-27 01-22-58,109,3.6333333333333333,67.96935,109.86719,74.57999999999998,0.0
Camo 录像 2026-01-27 01-22-58,110,3.6666666666666665,67.4961,110.25928,69.24833333333333,1.0
Camo 录像 2026-01-27 01-22-58,111,3.7,67.036,110.93506,65.54000000000002,0.0
Camo 录像 2026-01-27 01-22-58,112,3.7333333333333334,66.63534,112.23622,64.52000000000001,0.0
Camo 录像 2026-01-27 01-22-58,113,3.7666666666666666,66.03,112.3551,58.110000000000014,0.0
Camo 录像 2026-01-27 01-22-58,114,3.8,65.4707,113.00067,54.99000000000001,0.0
Camo 录像 2026-01-27 01-22-58,115,3.8333333333333335,64.88675,113.60835,56.41,0.0
Camo 录像 2026-01-27 01-22-58,116,3.8666666666666667,64.20529,113.792175,49.640000000000015,0.0
Camo 录像 2026-01-27 01-22-58,117,3.9,63.556973,114.3107,47.900000000000006,0.0
Camo 录像 2026-01-27 01-22-58,118,3.933333333333333,62.945282,114.93889,46.44999999999999,0.0
Camo 录像 2026-01-27 01-22-58,119,3.966666666666667,62.58033,115.84769,46.890000000000015,0.0
Camo 录像 2026-01-27 01-23-52,0,0.0,61.0,61.0,90.0,0.0
Camo 录像 2026-01-27 01-23-52,1,0.03333333333333333,60.98486,61.04477,89.74000000000001,0.0
Camo 录像 2026-01-27 01-23-52,2,0.06666666666666667,60.88752,61.104958,89.11000000000001,0.0
Camo 录像 2026-01-27 01-23-52,3,0.1,60.736042,61.159317,87.99000000000001,0.0
Camo 录像 2026-01-27 01-23-52,4,0.13333333333333333,60.601227,61.17232,87.32,0.0
Camo 录像 2026-01-27 01-23-52,5,0.16666666666666666,60.60133,61.172325,87.30000000000001,0.0
Camo 录像 2026-01-27 01-23-52,6,0.2,60.09453,61.194595,85.20999999999998,0.0
Camo 录像 2026-01-27 01-23-52,7,0.23333333333333334,59.79454,61.15938,84.55000000000001,0.0
Camo 录像 2026-01-27 01-23-52,8,0.26666666666666666,59.498425,61.10195,83.61000000000001,0.0
Camo 录像 2026-01-27 01-23-52,9,0.3,59.498425,61.10195,83.61000000000001,0.0
Camo 录像 2026-01-27 01-23-52,10,0.3333333333333333,58.896515,60.930634,83.34000000000003,0.0
Camo 录像 2026-01-27 01-23-52,11,0.36666666666666664,58.638214,60.829506,83.63999999999999,0.0
Camo 录像 2026-01-27 01-23-52,12,0.4,58.429302,60.70654,84.93,0.0
Camo 录像 2026-01-27 01-23-52,13,0.43333333333333335,58.24076,60.60131,86.25,0.0
Camo 录像 2026-01-27 01-23-52,14,0.4666666666666667,58.155746,60.506653,88.67000000000002,0.0
Camo 录像 2026-01-27 01-23-52,15,0.5,58.114094,60.440475,91.28999999999996,0.0
Camo 录像 2026-01-27 01-23-52,16,0.5333333333333333,58.199036,60.413654,94.93,0.0
Camo 录像 2026-01-27 01-23-52,17,0.5666666666666667,58.315342,60.495453,98.12,0.0
Camo 录像 2026-01-27 01-23-52,18,0.6,58.51171,60.644142,102.65999999999997,0.0
Camo 录像 2026-01-27 01-23-52,19,0.6333333333333333,58.86552,60.959156,107.27999999999997,0.0
Camo 录像 2026-01-27 01-23-52,20,0.6666666666666666,59.30493,61.377937,112.72000000000003,0.0
Camo 录像 2026-01-27 01-23-52,21,0.7,59.87106,61.797363,118.70999999999998,0.0
Camo 录像 2026-01-27 01-23-52,22,0.7333333333333333,60.49024,62.23738,123.15999999999997,0.0
Camo 录像 2026-01-27 01-23-52,23,0.7666666666666667,61.126698,62.65927,127.95999999999998,0.0
Camo 录像 2026-01-27 01-23-52,24,0.8,61.78139,63.029644,132.65999999999997,0.0
Camo 录像 2026-01-27 01-23-52,25,0.8333333333333334,62.488377,63.368862,136.39999999999998,0.0
Camo 录像 2026-01-27 01-23-52,26,0.8666666666666667,63.153408,63.73425,139.40999999999997,0.0
Camo 录像 2026-01-27 01-23-52,27,0.9,63.84701,64.07297,141.45,0.0
Camo 录像 2026-01-27 01-23-52,28,0.9333333333333333,64.50432,64.39369,142.93,0.0
Camo 录像 2026-01-27 01-23-52,29,0.9666666666666667,65.216385,64.730896,143.57999999999998,0.0
Camo 录像 2026-01-27 01-23-52,30,1.0,65.82039,65.07234,143.57,0.0
Camo 录像 2026-01-27 01-23-52,31,1.0333333333333334,66.3902,65.35344,143.16999999999996,0.0
Camo 录像 2026-01-27 01-23-52,32,1.0666666666666667,66.92195,65.67456,142.60000000000002,0.0
Camo 录像 2026-01-27 01-23-52,33,1.1,67.43997,66.00609,141.23000000000002,0.0
Camo 录像 2026-01-27 01-23-52,34,1.1333333333333333,67.88071,66.36919,139.98000000000002,0.0
Camo 录像 2026-01-27 01-23-52,35,1.1666666666666667,68.30202,66.77727,137.86,0.0
Camo 录像 2026-01-27 01-23-52,36,1.2,68.668564,67.24173,134.8,0.0
Camo 录像 2026-01-27 01-23-52,37,1.2333333333333334,68.93419,67.72536,131.75,0.0
Camo 录像 2026-01-27 01-23-52,38,1.2666666666666666,69.18657,68.24931,128.36,0.0
Camo 录像 2026-01-27 01-23-52,39,1.3,69.18759,68.24963,128.34000000000003,0.0
Camo 录像 2026-01-27 01-23-52,40,1.3333333333333333,69.50073,69.31683,121.44,0.0
Camo 录像 2026-01-27 01-23-52,41,1.3666666666666667,69.548584,69.90709,116.49000000000001,0.0
Camo 录像 2026-01-27 01-23-52,42,1.4,69.61925,70.63713,112.25,0.0
Camo 录像 2026-01-27 01-23-52,43,1.4333333333333333,69.45888,71.32994,107.47000000000003,0.0
Camo 录像 2026-01-27 01-23-52,44,1.4666666666666666,69.47046,72.17215,102.22000000000003,0.0
Camo 录像 2026-01-27 01-23-52,45,1.5,69.32393,73.01816,96.99000000000001,0.0
Camo 录像 2026-01-27 01-23-52,46,1.5333333333333334,69.05852,73.777985,91.38,0.0
Camo 录像 2026-01-27 01-23-52,47,1.5666666666666667,68.852295,74.61789,86.65999999999997,0.0
Camo 录像 2026-01-27 01-23-52,48,1.6,68.45201,75.25804,81.39999999999998,0.0
Camo 录像 2026-01-27 01-23-52,49,1.6333333333333333,68.199905,76.04375,77.60000000000002,0.0
Camo 录像 2026-01-27 01-23-52,50,1.6666666666666667,67.80888,76.68251,73.01999999999998,0.0
Camo 录像 2026-01-27 01-23-52,51,1.7,67.38901,77.31488,69.30000000000001,0.0
Camo 录像 2026-01-27 01-23-52,52,1.7333333333333334,66.93413,77.93759,65.19999999999999,0.0
Camo 录像 2026-01-27 01-23-52,53,1.7666666666666666,66.35881,78.413284,61.93000000000001,0.0
Camo 录像 2026-01-27 01-23-52,54,1.8,65.8387,78.97583,58.72,0.0
Camo 录像 2026-01-27 01-23-52,55,1.8333333333333333,65.26056,79.48454,56.349999999999994,0.0
Camo 录像 2026-01-27 01-23-52,56,1.8666666666666667,64.69273,80.023865,53.53999999999999,0.0
Camo 录像 2026-01-27 01-23-52,57,1.9,64.056656,80.43581,52.30000000000001,0.0
Camo 录像 2026-01-27 01-23-52,58,1.9333333333333333,63.43987,80.87698,50.81999999999999,0.0
Camo 录像 2026-01-27 01-23-52,59,1.9666666666666666,62.85156,81.34657,49.22999999999999,0.0
Camo 录像 2026-01-27 01-23-52,60,2.0,62.229496,81.774796,49.47,0.0
Camo 录像 2026-01-27 01-23-52,61,2.033333333333333,61.648014,82.26926,49.389999999999986,0.0
Camo 录像 2026-01-27 01-23-52,62,2.066666666666667,61.0806,82.62198,49.66999999999999,0.0
Camo 录像 2026-01-27 01-23-52,63,2.1,60.55048,83.06911,51.329999999999984,0.0
Camo 录像 2026-01-27 01-23-52,64,2.1333333333333333,60.097076,83.56018,52.21000000000001,0.0
Camo 录像 2026-01-27 01-23-52,65,2.1666666666666665,59.68374,83.9382,53.56999999999999,0.0
Camo 录像 2026-01-27 01-23-52,66,2.2,59.370808,84.3936,55.879999999999995,0.0
Camo 录像 2026-01-27 01-23-52,67,2.2333333333333334,59.076546,84.86171,59.00999999999999,0.0
Camo 录像 2026-01-27 01-23-52,68,2.2666666666666666,58.884304,85.589066,63.72,0.0
Camo 录像 2026-01-27 01-23-52,69,2.3,58.883835,85.58255,63.75999999999999,0.0
Camo 录像 2026-01-27 01-23-52,70,2.3333333333333335,58.62477,86.617065,69.13,0.0
Camo 录像 2026-01-27 01-23-52,71,2.3666666666666667,58.54104,87.32222,73.70999999999998,0.0
Camo 录像 2026-01-27 01-23-52,72,2.4,58.513905,88.08902,77.92000000000002,0.0
Camo 录像 2026-01-27 01-23-52,73,2.433333333333333,58.526016,88.803024,82.67000000000002,0.0
Camo 录像 2026-01-27 01-23-52,74,2.466666666666667,58.593685,89.46387,88.25999999999999,0.0
Camo 录像 2026-01-27 01-23-52,75,2.5,58.693855,90.02011,92.22000000000003,0.0
Camo 录像 2026-01-27 01-23-52,76,2.533333333333333,58.880157,91.06363,98.32,0.0
Camo 录像 2026-01-27 01-23-52,77,2.566666666666667,59.095497,91.86684,102.60000000000002,0.0
Camo 录像 2026-01-27 01-23-52,78,2.6,59.35638,92.62166,106.69999999999999,0.0
Camo 录像 2026-01-27 01-23-52,79,2.6333333333333333,59.660797,93.20232,111.17000000000002,0.0
Camo 录像 2026-01-27 01-23-52,80,2.6666666666666665,60.039005,94.00661,114.80000000000001,0.0
Camo 录像 2026-01-27 01-23-52,81,2.7,60.43455,94.51761,118.69,0.0
Camo 录像 2026-01-27 01-23-52,82,2.7333333333333334,60.90314,95.125046,122.39999999999998,0.0
Camo 录像 2026-01-27 01-23-52,83,2.7666666666666666,61.335976,95.370575,126.67000000000002,0.0
Camo 录像 2026-01-27 01-23-52,84,2.8,61.916954,96.21411,129.76999999999998,0.0
Camo 录像 2026-01-27 01-23-52,85,2.8333333333333335,62.47195,96.77742,132.2,0.0
Camo 录像 2026-01-27 01-23-52,86,2.8666666666666667,63.027477,97.17828,134.76,0.0
Camo 录像 2026-01-27 01-23-52,87,2.9,63.620632,97.761505,135.78999999999996,0.0
Camo 录像 2026-01-27 01-23-52,88,2.933333333333333,64.13115,98.09952,137.49,0.0
Camo 录像 2026-01-27 01-23-52,89,2.966666666666667,64.67009,98.71684,137.84000000000003,0.0
Camo 录像 2026-01-27 01-23-52,90,3.0,65.1167,98.976974,136.76,0.0
Camo 录像 2026-01-27 01-23-52,91,3.033333333333333,65.55664,99.184784,135.41999999999996,0.0
Camo 录像 2026-01-27 01-23-52,92,3.066666666666667,66.057724,99.87816,136.57999999999998,0.0
Camo 录像 2026-01-27 01-23-52,93,3.1,66.56227,100.52455,135.45,0.0
Camo 录像 2026-01-27 01-23-52,94,3.1333333333333333,66.97395,100.94737,133.40999999999997,0.0
Camo 录像 2026-01-27 01-23-52,95,3.1666666666666665,67.40059,101.66342,131.82999999999998,0.0
Camo 录像 2026-01-27 01-23-52,96,3.2,67.68225,102.048645,129.26999999999998,0.0
Camo 录像 2026-01-27 01-23-52,97,3.2333333333333334,67.94449,102.53427,126.60000000000002,0.0
Camo 录像 2026-01-27 01-23-52,98,3.2666666666666666,67.948044,102.545395,126.60000000000002,0.0
Camo 录像 2026-01-27 01-23-52,99,3.3,68.25072,103.42195,123.61000000000001,0.0
Camo 录像 2026-01-27 01-23-52,100,3.3333333333333335,68.433395,104.283905,115.38,0.0
Camo 录像 2026-01-27 01-23-52,101,3.3666666666666667,68.69768,105.67528,111.93,0.0
Camo 录像 2026-01-27 01-23-52,102,3.4,68.500656,105.74559,107.35000000000002,0.0
Camo 录像 2026-01-27 01-23-52,103,3.433333333333333,68.4312,106.596146,102.98000000000002,0.0
Camo 录像 2026-01-27 01-23-52,104,3.466666666666667,68.29796,107.49849,97.25999999999999,0.0
Camo 录像 2026-01-27 01-23-52,105,3.5,68.13385,108.36554,92.73000000000002,0.0
Camo 录像 2026-01-27 01-23-52,106,3.533333333333333,67.99678,109.69606,87.88999999999999,0.0
Camo 录像 2026-01-27 01-23-52,107,3.566666666666667,67.514465,109.91083,82.11000000000001,0.0
Camo 录像 2026-01-27 01-23-52,108,3.6,67.1732,110.735794,76.92000000000002,0.0
Camo 录像 2026-01-27 01-23-52,109,3.6333333333333333,66.81531,111.66525,73.25,0.0
Camo 录像 2026-01-27 01-23-52,110,3.6666666666666665,66.333115,112.124374,68.20999999999998,0.0
Camo 录像 2026-01-27 01-23-52,111,3.7,65.98877,113.5453,66.32,0.0
Camo 录像 2026-01-27 01-23-52,112,3.7333333333333334,65.311584,113.398605,60.41,0.0
Camo 录像 2026-01-27 01-23-52,113,3.7666666666666666,64.72815,113.867386,57.599999999999994,0.0
Camo 录像 2026-01-27 01-23-52,114,3.8,64.11023,114.27025,54.31,0.0
Camo 录像 2026-01-27 01-23-52,115,3.8333333333333335,63.553547,115.25975,51.620000000000005,0.0
Camo 录像 2026-01-27 01-23-52,116,3.8666666666666667,62.862843,115.48448,50.09,0.0
Camo 录像 2026-01-27 01-23-52,117,3.9,62.18819,115.8284,48.59,0.0
Camo 录像 2026-01-27 01-23-52,118,3.933333333333333,61.637627,116.56203,47.55000000000001,0.0
Camo 录像 2026-01-27 01-23-52,119,3.966666666666667,61.4156,117.77173,49.81999999999999,0.0
Camo 录像 2026-01-27 01-25-41,0,0.0,61.0,61.0,90.0,0.0
Camo 录像 2026-01-27 01-25-41,1,0.03333333333333333,60.96295,60.996216,89.25999999999999,0.0
Camo 录像 2026-01-27 01-25-41,2,0.06666666666666667,60.894855,60.985405,88.57999999999998,0.0
Camo 录像 2026-01-27 01-25-41,3,0.1,60.7588,61.002735,87.84000000000003,0.0
Camo 录像 2026-01-27 01-25-41,4,0.13333333333333333,60.595387,61.01493,86.88999999999999,0.0
Camo 录像 2026-01-27 01-25-41,5,0.16666666666666666,60.372284,61.022385,86.09000000000003,0.0
Camo 录像 2026-01-27 01-25-41,6,0.2,60.101368,61.00544,84.98000000000002,0.0
Camo 录像 2026-01-27 01-25-41,7,0.23333333333333334,59.784676,60.982864,84.10000000000002,0.0
Camo 录像 2026-01-27 01-25-41,8,0.26666666666666666,59.449043,60.930527,83.38999999999999,0.0
Camo 录像 2026-01-27 01-25-41,9,0.3,59.11568,60.89387,82.93,0.0
Camo 录像 2026-01-27 01-25-41,10,0.3333333333333333,58.790314,60.790237,82.75,0.0
Camo 录像 2026-01-27 01-25-41,11,0.36666666666666664,58.49769,60.67418,83.42000000000002,0.0
Camo 录像 2026-01-27 01-25-41,12,0.4,58.243343,60.56151,84.38999999999999,0.0
Camo 录像 2026-01-27 01-25-41,13,0.43333333333333335,58.02641,60.430798,85.31,0.0
Camo 录像 2026-01-27 01-25-41,14,0.4666666666666667,57.889496,60.31215,87.48000000000002,0.0
Camo 录像 2026-01-27 01-25-41,15,0.5,57.848415,60.225094,90.38,0.0
Camo 录像 2026-01-27 01-25-41,16,0.5333333333333333,57.889313,60.149197,93.69999999999999,0.0
Camo 录像 2026-01-27 01-25-41,17,0.5666666666666667,58.026768,60.191525,97.38999999999999,0.0
Camo 录像 2026-01-27 01-25-41,18,0.6,58.18182,60.293465,101.51999999999998,0.0
Camo 录像 2026-01-27 01-25-41,19,0.6333333333333333,58.528797,60.526585,105.94999999999999,0.0
Camo 录像 2026-01-27 01-25-41,20,0.6666666666666666,58.985172,60.871593,111.11000000000001,0.0
Camo 录像 2026-01-27 01-25-41,21,0.7,59.58315,61.248398,116.74000000000001,0.0
Camo 录像 2026-01-27 01-25-41,22,0.7333333333333333,60.249817,61.616367,122.01999999999998,0.0
Camo 录像 2026-01-27 01-25-41,23,0.7666666666666667,60.923946,62.00124,126.88999999999999,0.0
Camo 录像 2026-01-27 01-25-41,24,0.8,61.639633,62.312084,130.84000000000003,0.0
Camo 录像 2026-01-27 01-25-41,25,0.8333333333333334,62.346302,62.60936,135.11,0.0
Camo 录像 2026-01-27 01-25-41,26,0.8666666666666667,63.07654,62.8728,138.10000000000002,0.0
Camo 录像 2026-01-27 01-25-41,27,0.9,63.80579,63.16871,140.45999999999998,0.0
Camo 录像 2026-01-27 01-25-41,28,0.9333333333333333,64.52484,63.45773,141.62,0.0
Camo 录像 2026-01-27 01-25-41,29,0.9666666666666667,65.24957,63.723232,143.11,0.0
Camo 录像 2026-01-27 01-25-41,30,1.0,65.84267,64.02117,143.37,0.0
Camo 录像 2026-01-27 01-25-41,31,1.0333333333333334,66.4404,64.27754,143.07,0.0
Camo 录像 2026-01-27 01-25-41,32,1.0666666666666667,66.97052,64.54506,142.67000000000002,0.0
Camo 录像 2026-01-27 01-25-41,33,1.1,67.56842,64.80466,142.01,0.0
Camo 录像 2026-01-27 01-25-41,34,1.1333333333333333,68.07272,65.12204,140.35000000000002,0.0
Camo 录像 2026-01-27 01-25-41,35,1.1666666666666667,68.4953,65.489716,137.75,0.0
Camo 录像 2026-01-27 01-25-41,36,1.2,68.92572,65.91059,135.14,0.0
Camo 录像 2026-01-27 01-25-41,37,1.2333333333333334,69.30603,66.38509,132.57999999999998,0.0
Camo 录像 2026-01-27 01-25-41,38,1.2666666666666666,69.57857,66.87406,129.01,0.0
Camo 录像 2026-01-27 01-25-41,39,1.3,69.91519,67.383644,125.51999999999998,0.0
Camo 录像 2026-01-27 01-25-41,40,1.3333333333333333,70.19751,67.930115,122.01999999999998,0.0
Camo 录像 2026-01-27 01-25-41,41,1.3666666666666667,70.42616,68.55052,117.71000000000004,0.0
Camo 录像 2026-01-27 01-25-41,42,1.4,70.481,69.20707,113.5,0.0
Camo 录像 2026-01-27 01-25-41,43,1.4333333333333333,70.544586,69.946686,108.17000000000002,0.0
Camo 录像 2026-01-27 01-25-41,44,1.4666666666666666,70.629166,70.75704,103.29000000000002,0.0
Camo 录像 2026-01-27 01-25-41,45,1.5,70.605865,71.61986,97.75999999999999,0.0
Camo 录像 2026-01-27 01-25-41,46,1.5333333333333334,70.497635,72.44901,92.75,0.0
Camo 录像 2026-01-27 01-25-41,47,1.5666666666666667,70.15103,73.19072,87.26999999999998,0.0
Camo 录像 2026-01-27 01-25-41,48,1.6,70.07466,74.06172,82.92000000000002,0.0
Camo 录像 2026-01-27 01-25-41,49,1.6333333333333333,69.79587,74.79075,78.77999999999997,0.0
Camo 录像 2026-01-27 01-25-41,50,1.6666666666666667,69.516205,75.52291,73.75,0.0
Camo 录像 2026-01-27 01-25-41,51,1.7,69.09613,76.15128,69.93,0.0
Camo 录像 2026-01-27 01-25-41,52,1.7333333333333334,68.67413,76.77233,66.27000000000001,0.0
Camo 录像 2026-01-27 01-25-41,53,1.7666666666666666,68.27997,77.3935,62.410000000000025,0.0
Camo 录像 2026-01-27 01-25-41,54,1.8,67.78618,77.93401,59.31999999999999,0.0
Camo 录像 2026-01-27 01-25-41,55,1.8333333333333333,67.33615,78.49938,56.629999999999995,0.0
Camo 录像 2026-01-27 01-25-41,56,1.8666666666666667,66.8965,79.113815,54.46000000000001,0.0
Camo 录像 2026-01-27 01-25-41,57,1.9,66.30994,79.50468,52.02000000000001,0.0
Camo 录像 2026-01-27 01-25-41,58,1.9333333333333333,65.80028,80.00768,50.670000000000016,0.0
Camo 录像 2026-01-27 01-25-41,59,1.9666666666666666,65.30278,80.52395,49.670000000000016,0.0
Camo 录像 2026-01-27 01-25-41,60,2.0,64.77501,81.01903,49.18000000000001,0.0
Camo 录像 2026-01-27 01-25-41,61,2.033333333333333,64.25479,81.53754,49.84,0.0
Camo 录像 2026-01-27 01-25-41,62,2.066666666666667,63.735294,81.98017,50.5,0.0
Camo 录像 2026-01-27 01-25-41,63,2.1,63.259426,82.480095,50.73000000000002,0.0
Camo 录像 2026-01-27 01-25-41,64,2.1333333333333333,62.823215,82.96952,51.870000000000005,0.0
Camo 录像 2026-01-27 01-25-41,65,2.1666666666666665,62.416252,83.41788,53.879999999999995,0.0
Camo 录像 2026-01-27 01-25-41,66,2.2,62.151657,83.944466,56.370000000000005,0.0
Camo 录像 2026-01-27 01-25-41,67,2.2333333333333334,61.9207,84.39132,58.860000000000014,0.0
Camo 录像 2026-01-27 01-25-41,68,2.2666666666666666,61.75747,84.85557,62.120000000000005,0.0
Camo 录像 2026-01-27 01-25-41,69,2.3,61.69376,85.3911,65.38999999999999,0.0
Camo 录像 2026-01-27 01-25-41,70,2.3333333333333335,61.69262,85.94533,70.52000000000001,0.0
Camo 录像 2026-01-27 01-25-41,71,2.3666666666666667,61.69603,86.40802,73.13,0.0
Camo 录像 2026-01-27 01-25-41,72,2.4,61.798542,87.06555,77.66000000000003,0.0
Camo 录像 2026-01-27 01-25-41,73,2.433333333333333,61.980423,87.86526,82.07,0.0
Camo 录像 2026-01-27 01-25-41,74,2.466666666666667,62.150936,88.46044,86.44,0.0
Camo 录像 2026-01-27 01-25-41,75,2.5,62.343754,89.204926,92.44,0.0
Camo 录像 2026-01-27 01-25-41,76,2.533333333333333,62.615086,89.99367,96.73000000000002,0.0
Camo 录像 2026-01-27 01-25-41,77,2.566666666666667,62.851765,90.4238,101.23000000000002,0.0
Camo 录像 2026-01-27 01-25-41,78,2.6,63.195545,91.26104,106.69,0.0
Camo 录像 2026-01-27 01-25-41,79,2.6333333333333333,63.593044,91.95614,111.14999999999998,0.0
Camo 录像 2026-01-27 01-25-41,80,2.6666666666666665,63.98302,92.51943,114.94,0.0
Camo 录像 2026-01-27 01-25-41,81,2.7,64.39882,93.084206,118.89999999999998,0.0
Camo 录像 2026-01-27 01-25-41,82,2.7333333333333334,64.901474,93.717125,122.37,0.0
Camo 录像 2026-01-27 01-25-41,83,2.7666666666666666,65.29938,93.806816,123.86000000000001,0.0
Camo 录像 2026-01-27 01-25-41,84,2.8,65.87013,94.43895,130.13,0.0
Camo 录像 2026-01-27 01-25-41,85,2.8333333333333335,66.43167,94.900116,132.12,0.0
Camo 录像 2026-01-27 01-25-41,86,2.8666666666666667,66.964066,95.262535,134.62,0.0
Camo 录像 2026-01-27 01-25-41,87,2.9,67.477005,95.514305,136.19,0.0
Camo 录像 2026-01-27 01-25-41,88,2.933333333333333,68.12154,96.183586,138.06,0.0
Camo 录像 2026-01-27 01-25-41,89,2.966666666666667,68.61041,96.49708,136.32999999999998,0.0
Camo 录像 2026-01-27 01-25-41,90,3.0,69.25511,97.15748,137.01999999999998,0.0
Camo 录像 2026-01-27 01-25-41,91,3.033333333333333,69.772705,97.48036,137.97000000000003,0.0
Camo 录像 2026-01-27 01-25-41,92,3.066666666666667,70.1671,97.60642,135.07,0.0
Camo 录像 2026-01-27 01-25-41,93,3.1,70.90756,98.53944,135.75,0.0
Camo 录像 2026-01-27 01-25-41,94,3.1333333333333333,71.42125,98.99407,134.38,0.0
Camo 录像 2026-01-27 01-25-41,95,3.1666666666666665,71.90704,99.55179,132.47000000000003,0.0
Camo 录像 2026-01-27 01-25-41,96,3.2,72.30179,100.02973,130.13,0.0
Camo 录像 2026-01-27 01-25-41,97,3.2333333333333334,72.54497,100.31189,127.20999999999998,0.0
Camo 录像 2026-01-27 01-25-41,98,3.2666666666666666,72.973495,101.23831,123.97000000000003,0.0
Camo 录像 2026-01-27 01-25-41,99,3.3,73.00423,101.44245,120.11000000000001,0.0
Camo 录像 2026-01-27 01-25-41,100,3.3333333333333335,73.33551,102.35502,116.71000000000004,0.0
Camo 录像 2026-01-27 01-25-41,101,3.3666666666666667,73.481476,103.10835,113.47000000000003,0.0
Camo 录像 2026-01-27 01-25-41,102,3.4,73.62077,104.021614,108.74000000000001,0.0
Camo 录像 2026-01-27 01-25-41,103,3.433333333333333,73.529205,104.62141,104.89999999999998,0.0
Camo 录像 2026-01-27 01-25-41,104,3.466666666666667,73.53769,105.539986,101.09000000000003,0.0
Camo 录像 2026-01-27 01-25-41,105,3.5,73.5242,106.55366,96.36000000000001,0.0
Camo 录像 2026-01-27 01-25-41,106,3.533333333333333,73.47952,107.63055,89.19999999999999,0.0
Camo 录像 2026-01-27 01-25-41,107,3.566666666666667,73.29097,108.48313,84.96000000000004,0.0
Camo 录像 2026-01-27 01-25-41,108,3.6,72.92018,108.92102,82.69999999999999,0.0
Camo 录像 2026-01-27 01-25-41,109,3.6333333333333333,72.604614,109.56188,74.24000000000001,0.0
Camo 录像 2026-01-27 01-25-41,110,3.6666666666666665,72.317245,110.41423,69.93,0.0
Camo 录像 2026-01-27 01-25-41,111,3.7,71.99539,111.30787,66.04000000000002,0.0
Camo 录像 2026-01-27 01-25-41,112,3.7333333333333334,71.544586,111.90658,62.34,0.0
Camo 录像 2026-01-27 01-25-41,113,3.7666666666666666,71.113846,112.628235,58.920000000000016,0.0
Camo 录像 2026-01-27 01-25-41,114,3.8,70.553116,113.07178,55.27000000000001,0.0
Camo 录像 2026-01-27 01-25-41,115,3.8333333333333335,70.11496,114.025085,57.98000000000002,0.0
Camo 录像 2026-01-27 01-25-41,116,3.8666666666666667,69.54346,114.63029,54.920000000000016,0.0
Camo 录像 2026-01-27 01-25-41,117,3.9,68.911865,114.98719,54.25999999999999,0.0
Camo 录像 2026-01-27 01-25-41,118,3.933333333333333,68.45975,115.93007,52.56999999999999,0.0
Camo 录像 2026-01-27 01-25-41,119,3.966666666666667,68.508835,117.955124,51.25,0.0
Camo 录像 2026-01-27 01-26-32,0,0.0,61.0,61.0,90.0,0.0
Camo 录像 2026-01-27 01-26-32,1,0.03333333333333333,60.93854,61.025833,89.13,0.0
Camo 录像 2026-01-27 01-26-32,2,0.06666666666666667,60.829914,61.052406,88.69999999999999,0.0
Camo 录像 2026-01-27 01-26-32,3,0.1,60.682545,61.067238,87.94999999999999,0.0
Camo 录像 2026-01-27 01-26-32,4,0.13333333333333333,60.509766,61.063354,86.88,0.0
Camo 录像 2026-01-27 01-26-32,5,0.16666666666666666,60.281677,61.046734,85.69999999999999,0.0
Camo 录像 2026-01-27 01-26-32,6,0.2,60.003574,61.011757,84.93,0.0
Camo 录像 2026-01-27 01-26-32,7,0.23333333333333334,59.701748,60.95335,83.87,0.0
Camo 录像 2026-01-27 01-26-32,8,0.26666666666666666,59.70206,60.952835,83.88,0.0
Camo 录像 2026-01-27 01-26-32,9,0.3,59.088356,60.791615,82.67000000000002,0.0
Camo 录像 2026-01-27 01-26-32,10,0.3333333333333333,58.791767,60.666603,82.89999999999998,0.0
Camo 录像 2026-01-27 01-26-32,11,0.36666666666666664,58.527336,60.538334,83.78999999999996,0.0
Camo 录像 2026-01-27 01-26-32,12,0.4,58.305992,60.419067,84.77999999999997,0.0
Camo 录像 2026-01-27 01-26-32,13,0.43333333333333335,58.13195,60.295048,86.5,0.0
Camo 录像 2026-01-27 01-26-32,14,0.4666666666666667,58.04272,60.188923,88.76999999999998,0.0
Camo 录像 2026-01-27 01-26-32,15,0.5,58.01703,60.12478,92.23000000000002,0.0
Camo 录像 2026-01-27 01-26-32,16,0.5333333333333333,58.12244,60.084576,95.82999999999998,0.0
Camo 录像 2026-01-27 01-26-32,17,0.5666666666666667,58.21032,60.149063,99.42000000000002,0.0
Camo 录像 2026-01-27 01-26-32,18,0.6,58.44057,60.33219,103.52999999999997,0.0
Camo 录像 2026-01-27 01-26-32,19,0.6333333333333333,58.803566,60.657867,108.48000000000002,0.0
Camo 录像 2026-01-27 01-26-32,20,0.6666666666666666,59.2864,61.03336,113.98000000000002,0.0
Camo 录像 2026-01-27 01-26-32,21,0.7,59.886356,61.45246,119.51999999999998,0.0
Camo 录像 2026-01-27 01-26-32,22,0.7333333333333333,60.502872,61.8962,124.25,0.0
Camo 录像 2026-01-27 01-26-32,23,0.7666666666666667,61.161087,62.290943,128.64,0.0
Camo 录像 2026-01-27 01-26-32,24,0.8,61.85461,62.637455,133.56,0.0
Camo 录像 2026-01-27 01-26-32,25,0.8333333333333334,62.566753,62.98099,137.08999999999997,0.0
Camo 录像 2026-01-27 01-26-32,26,0.8666666666666667,63.26883,63.329197,139.82,0.0
Camo 录像 2026-01-27 01-26-32,27,0.9,63.96953,63.66123,141.64999999999998,0.0
Camo 录像 2026-01-27 01-26-32,28,0.9333333333333333,63.999943,63.657948,141.89,0.0
Camo 录像 2026-01-27 01-26-32,29,0.9666666666666667,65.34917,64.2937,143.79000000000002,0.0
Camo 录像 2026-01-27 01-26-32,30,1.0,65.97066,64.5992,143.68,0.0
Camo 录像 2026-01-27 01-26-32,31,1.0333333333333334,66.546555,64.87535,143.25,0.0
Camo 录像 2026-01-27 01-26-32,32,1.0666666666666667,67.09599,65.18289,142.64,0.0
Camo 录像 2026-01-27 01-26-32,33,1.1,67.095276,65.18309,142.63,0.0
Camo 录像 2026-01-27 01-26-32,34,1.1333333333333333,68.03621,65.85524,139.5,0.0
Camo 录像 2026-01-27 01-26-32,35,1.1666666666666667,68.03703,65.85545,139.51,0.0
Camo 录像 2026-01-27 01-26-32,36,1.2,68.80661,66.71127,134.56,0.0
Camo 录像 2026-01-27 01-26-32,37,1.2333333333333334,69.14528,67.214386,131.06,0.0
Camo 录像 2026-01-27 01-26-32,38,1.2666666666666666,69.13408,67.20911,131.04000000000002,0.0
Camo 录像 2026-01-27 01-26-32,39,1.3,69.602646,68.2336,123.47000000000003,0.0
Camo 录像 2026-01-27 01-26-32,40,1.3333333333333333,69.802536,68.82971,119.98000000000002,0.0
Camo 录像 2026-01-27 01-26-32,41,1.3666666666666667,69.916016,69.461136,115.62,0.0
Camo 录像 2026-01-27 01-26-32,42,1.4,69.9156,69.46144,115.64999999999998,0.0
Camo 录像 2026-01-27 01-26-32,43,1.4333333333333333,69.919174,70.160736,111.18,0.0
Camo 录像 2026-01-27 01-26-32,44,1.4666666666666666,69.90166,70.91466,106.06,0.0
Camo 录像 2026-01-27 01-26-32,45,1.5,69.57233,72.45854,95.50999999999999,0.0
Camo 录像 2026-01-27 01-26-32,46,1.5333333333333334,69.40709,73.31503,90.81,0.0
Camo 录像 2026-01-27 01-26-32,47,1.5666666666666667,69.15311,74.10208,85.42000000000002,0.0
Camo 录像 2026-01-27 01-26-32,48,1.6,68.854034,74.84224,80.94,0.0
Camo 录像 2026-01-27 01-26-32,49,1.6333333333333333,68.52933,75.56079,76.23000000000002,0.0
Camo 录像 2026-01-27 01-26-32,50,1.6666666666666667,68.11807,76.17107,72.03,0.0
Camo 录像 2026-01-27 01-26-32,51,1.7,68.11818,76.17128,72.03,0.0
Camo 录像 2026-01-27 01-26-32,52,1.7333333333333334,67.23729,77.38939,64.25,0.0
Camo 录像 2026-01-27 01-26-32,53,1.7666666666666666,66.69772,77.89195,60.860000000000014,0.0
Camo 录像 2026-01-27 01-26-32,54,1.8,66.190414,78.41173,58.079999999999984,0.0
Camo 录像 2026-01-27 01-26-32,55,1.8333333333333333,65.59865,78.82216,54.47999999999999,0.0
Camo 录像 2026-01-27 01-26-32,56,1.8666666666666667,65.00481,79.29585,53.20999999999998,0.0
Camo 录像 2026-01-27 01-26-32,57,1.9,64.38089,79.675766,51.150000000000006,0.0
Camo 录像 2026-01-27 01-26-32,58,1.9333333333333333,63.828953,80.23204,50.56999999999999,0.0
Camo 录像 2026-01-27 01-26-32,59,1.9666666666666666,63.23148,80.63219,48.69,0.0
Camo 录像 2026-01-27 01-26-32,60,2.0,62.630875,81.03798,49.18000000000001,0.0
Camo 录像 2026-01-27 01-26-32,61,2.033333333333333,62.0931,81.54155,49.31,0.0
Camo 录像 2026-01-27 01-26-32,62,2.066666666666667,62.095795,81.55438,49.28,0.0
Camo 录像 2026-01-27 01-26-32,63,2.1,61.096817,82.474014,51.0,0.0
Camo 录像 2026-01-27 01-26-32,64,2.1333333333333333,60.65398,82.94728,52.56,0.0
Camo 录像 2026-01-27 01-26-32,65,2.1666666666666665,60.654182,82.94769,52.56,0.0
Camo 录像 2026-01-27 01-26-32,66,2.2,59.996075,83.87236,58.0,0.0
Camo 录像 2026-01-27 01-26-32,67,2.2333333333333334,59.99567,83.87091,58.00999999999999,0.0
Camo 录像 2026-01-27 01-26-32,68,2.2666666666666666,59.74996,84.340454,60.22999999999999,0.0
Camo 录像 2026-01-27 01-26-32,69,2.3,59.445732,85.443695,67.5,0.0
Camo 录像 2026-01-27 01-26-32,70,2.3333333333333335,59.35947,85.94713,71.64999999999998,0.0
Camo 录像 2026-01-27 01-26-32,71,2.3666666666666667,59.29841,86.56111,74.80000000000001,0.0
Camo 录像 2026-01-27 01-26-32,72,2.4,59.312645,87.28685,79.92000000000002,0.0
Camo 录像 2026-01-27 01-26-32,73,2.433333333333333,59.376114,88.0069,83.69999999999999,0.0
Camo 录像 2026-01-27 01-26-32,74,2.466666666666667,59.482235,88.50006,88.38999999999999,0.0
Camo 录像 2026-01-27 01-26-32,75,2.5,59.61915,89.42299,94.26999999999998,0.0
Camo 录像 2026-01-27 01-26-32,76,2.533333333333333,59.609993,89.37598,94.34000000000003,0.0
Camo 录像 2026-01-27 01-26-32,77,2.566666666666667,60.05281,90.943954,102.60000000000002,0.0
Camo 录像 2026-01-27 01-26-32,78,2.6,60.312763,91.65604,107.99000000000001,0.0
Camo 录像 2026-01-27 01-26-32,79,2.6333333333333333,60.613464,92.01935,112.38,0.0
Camo 录像 2026-01-27 01-26-32,80,2.6666666666666665,60.989395,92.86636,116.19999999999999,0.0
Camo 录像 2026-01-27 01-26-32,81,2.7,61.40562,93.50372,120.61000000000001,0.0
Camo 录像 2026-01-27 01-26-32,82,2.7333333333333334,61.849564,94.21138,123.44,0.0
Camo 录像 2026-01-27 01-26-32,83,2.7666666666666666,62.326527,94.67265,126.06,0.0
Camo 录像 2026-01-27 01-26-32,84,2.8,62.835594,95.19679,129.39,0.0
Camo 录像 2026-01-27 01-26-32,85,2.8333333333333335,63.36883,95.75386,131.83999999999997,0.0
Camo 录像 2026-01-27 01-26-32,86,2.8666666666666667,63.922054,96.23311,134.21999999999997,0.0
Camo 录像 2026-01-27 01-26-32,87,2.9,64.45082,96.583435,135.51999999999998,0.0
Camo 录像 2026-01-27 01-26-32,88,2.933333333333333,64.41258,96.332886,136.51,0.0
Camo 录像 2026-01-27 01-26-32,89,2.966666666666667,65.47278,97.613235,137.3,0.0
Camo 录像 2026-01-27 01-26-32,90,3.0,65.92883,98.02052,136.95999999999998,0.0
Camo 录像 2026-01-27 01-26-32,91,3.033333333333333,66.36252,98.34863,136.56,0.0
Camo 录像 2026-01-27 01-26-32,92,3.066666666666667,66.35469,98.2993,136.42000000000002,0.0
Camo 录像 2026-01-27 01-26-32,93,3.1,67.25516,99.54857,134.20999999999998,0.0
Camo 录像 2026-01-27 01-26-32,94,3.1333333333333333,67.69792,100.1864,132.69,0.0
Camo 录像 2026-01-27 01-26-32,95,3.1666666666666665,68.05653,100.74049,130.16000000000003,0.0
Camo 录像 2026-01-27 01-26-32,96,3.2,68.401855,101.416824,127.99000000000001,0.0
Camo 录像 2026-01-27 01-26-32,97,3.2333333333333334,68.66797,101.961105,124.75,0.0
Camo 录像 2026-01-27 01-26-32,98,3.2666666666666666,68.66867,101.96413,124.80000000000001,0.0
Camo 录像 2026-01-27 01-26-32,99,3.3,68.94554,102.72824,117.19,0.0
Camo 录像 2026-01-27 01-26-32,100,3.3333333333333335,69.26062,104.06137,114.31,0.0
Camo 录像 2026-01-27 01-26-32,101,3.3666666666666667,69.30722,104.671036,109.85000000000002,0.0
Camo 录像 2026-01-27 01-26-32,102,3.4,69.22226,105.04256,107.00999999999999,0.0
Camo 录像 2026-01-27 01-26-32,103,3.433333333333333,69.2224,106.089645,102.67000000000002,0.0
Camo 录像 2026-01-27 01-26-32,104,3.466666666666667,68.96748,106.325775,95.34000000000003,0.0
Camo 录像 2026-01-27 01-26-32,105,3.5,68.88541,107.56038,90.11000000000001,0.0
Camo 录像 2026-01-27 01-26-32,106,3.533333333333333,68.63246,108.30966,85.68,0.0
Camo 录像 2026-01-27 01-26-32,107,3.566666666666667,68.39079,109.36615,81.07,0.0
Camo 录像 2026-01-27 01-26-32,108,3.6,67.97722,110.23572,74.94333333333333,1.0
Camo 录像 2026-01-27 01-26-32,109,3.6333333333333333,67.644745,110.75554,70.35,0.0
Camo 录像 2026-01-27 01-26-32,110,3.6666666666666665,67.646454,110.76282,70.34,0.0
Camo 录像 2026-01-27 01-26-32,111,3.7,66.76886,112.536896,63.06,0.0
Camo 录像 2026-01-27 01-26-32,112,3.7333333333333334,66.19705,112.925476,58.99000000000001,0.0
Camo 录像 2026-01-27 01-26-32,113,3.7666666666666666,65.61493,113.528305,55.69,0.0
Camo 录像 2026-01-27 01-26-32,114,3.8,65.01463,114.03447,58.360000000000014,0.0
Camo 录像 2026-01-27 01-26-32,115,3.8333333333333335,64.39301,114.42699,50.93000000000001,0.0
Camo 录像 2026-01-27 01-26-32,116,3.8666666666666667,63.79235,115.046524,49.22999999999999,0.0
Camo 录像 2026-01-27 01-26-32,117,3.9,63.16627,115.409256,47.59,0.0
Camo 录像 2026-01-27 01-26-32,118,3.933333333333333,62.711174,116.246704,46.860000000000014,0.0
Camo 录像 2026-01-27 01-26-32,119,3.966666666666667,62.565186,117.38698,51.03999999999999,0.0
Camo 录像 2026-01-27 01-27-27,0,0.0,61.0,61.0,90.0,0.0
Camo 录像 2026-01-27 01-27-27,1,0.03333333333333333,60.93052,61.025852,89.42000000000002,0.0
Camo 录像 2026-01-27 01-27-27,2,0.06666666666666667,60.83507,61.069252,88.80000000000001,0.0
Camo 录像 2026-01-27 01-27-27,3,0.1,60.709297,61.048157,87.75999999999999,0.0
Camo 录像 2026-01-27 01-27-27,4,0.13333333333333333,60.52932,61.09098,87.12,0.0
Camo 录像 2026-01-27 01-27-27,5,0.16666666666666666,60.292637,61.0577,85.86000000000001,0.0
Camo 录像 2026-01-27 01-27-27,6,0.2,60.008533,61.048447,84.85000000000002,0.0
Camo 录像 2026-01-27 01-27-27,7,0.23333333333333334,59.68605,61.007366,83.61000000000001,0.0
Camo 录像 2026-01-27 01-27-27,8,0.26666666666666666,59.374832,60.94694,83.04000000000002,0.0
Camo 录像 2026-01-27 01-27-27,9,0.3,59.068233,60.875336,82.25999999999999,0.0
Camo 录像 2026-01-27 01-27-27,10,0.3333333333333333,58.784096,60.78841,82.18,0.0
Camo 录像 2026-01-27 01-27-27,11,0.36666666666666664,58.53798,60.697357,82.50999999999999,0.0
Camo 录像 2026-01-27 01-27-27,12,0.4,58.34348,60.544838,83.68,0.0
Camo 录像 2026-01-27 01-27-27,13,0.43333333333333335,58.169487,60.432602,84.87,0.0
Camo 录像 2026-01-27 01-27-27,14,0.4666666666666667,58.08007,60.32723,86.97000000000003,0.0
Camo 录像 2026-01-27 01-27-27,15,0.5,58.05304,60.221165,89.43,0.0
Camo 录像 2026-01-27 01-27-27,16,0.5333333333333333,58.099697,60.14667,92.94999999999999,0.0
Camo 录像 2026-01-27 01-27-27,17,0.5666666666666667,58.24246,60.14909,96.82999999999998,0.0
Camo 录像 2026-01-27 01-27-27,18,0.6,58.38112,60.250237,100.5,0.0
Camo 录像 2026-01-27 01-27-27,19,0.6333333333333333,58.70105,60.48234,104.67000000000002,0.0
Camo 录像 2026-01-27 01-27-27,20,0.6666666666666666,59.13956,60.834774,110.17000000000002,0.0
Camo 录像 2026-01-27 01-27-27,21,0.7,59.706352,61.235546,115.88999999999999,0.0
Camo 录像 2026-01-27 01-27-27,22,0.7333333333333333,60.3479,61.612614,121.15999999999997,0.0
Camo 录像 2026-01-27 01-27-27,23,0.7666666666666667,61.017883,62.024837,126.38999999999999,0.0
Camo 录像 2026-01-27 01-27-27,24,0.8,61.706074,62.374535,130.7,0.0
Camo 录像 2026-01-27 01-27-27,25,0.8333333333333334,62.407898,62.712147,134.5,0.0
Camo 录像 2026-01-27 01-27-27,26,0.8666666666666667,63.10336,63.010765,137.64999999999998,0.0
Camo 录像 2026-01-27 01-27-27,27,0.9,63.82367,63.31338,140.43,0.0
Camo 录像 2026-01-27 01-27-27,28,0.9333333333333333,64.5335,63.60519,142.12,0.0
Camo 录像 2026-01-27 01-27-27,29,0.9666666666666667,65.20989,63.883785,143.05,0.0
Camo 录像 2026-01-27 01-27-27,30,1.0,65.816345,64.18403,143.41000000000003,0.0
Camo 录像 2026-01-27 01-27-27,31,1.0333333333333334,66.397736,64.43434,143.36,0.0
Camo 录像 2026-01-27 01-27-27,32,1.0666666666666667,66.92728,64.69382,142.98000000000002,0.0
Camo 录像 2026-01-27 01-27-27,33,1.1,67.41391,64.95007,142.24,0.0
Camo 录像 2026-01-27 01-27-27,34,1.1333333333333333,67.898,65.26703,140.8,0.0
Camo 录像 2026-01-27 01-27-27,35,1.1666666666666667,68.28983,65.62467,139.03000000000003,0.0
Camo 录像 2026-01-27 01-27-27,36,1.2,68.743805,66.03239,136.37,0.0
Camo 录像 2026-01-27 01-27-27,37,1.2333333333333334,69.08866,66.474014,133.3,0.0
Camo 录像 2026-01-27 01-27-27,38,1.2666666666666666,69.44403,66.98086,129.89999999999998,0.0
Camo 录像 2026-01-27 01-27-27,39,1.3,69.74845,67.481514,126.15999999999997,0.0
Camo 录像 2026-01-27 01-27-27,40,1.3333333333333333,69.8914,67.99585,122.47000000000003,0.0
Camo 录像 2026-01-27 01-27-27,41,1.3666666666666667,70.04915,68.565025,118.61000000000001,0.0
Camo 录像 2026-01-27 01-27-27,42,1.4,70.25692,69.24174,114.07,0.0
Camo 录像 2026-01-27 01-27-27,43,1.4333333333333333,70.28386,69.971634,108.97000000000003,0.0
Camo 录像 2026-01-27 01-27-27,44,1.4666666666666666,70.28582,70.767845,103.84899999999999,1.0
Camo 录像 2026-01-27 01-27-27,45,1.5,70.227264,71.588974,98.71100000000001,1.0
Camo 录像 2026-01-27 01-27-27,46,1.5333333333333334,70.07267,72.39362,93.56,0.0
Camo 录像 2026-01-27 01-27-27,47,1.5666666666666667,69.78651,73.140366,88.39999999999998,0.0
Camo 录像 2026-01-27 01-27-27,48,1.6,69.538704,73.89903,83.26999999999998,0.0
Camo 录像 2026-01-27 01-27-27,49,1.6333333333333333,69.30289,74.698425,79.51999999999998,0.0
Camo 录像 2026-01-27 01-27-27,50,1.6666666666666667,68.996925,75.43756,74.93,0.0
Camo 录像 2026-01-27 01-27-27,51,1.7,68.62738,76.14012,70.61000000000001,0.0
Camo 录像 2026-01-27 01-27-27,52,1.7333333333333334,68.17201,76.75384,66.55000000000001,0.0
Camo 录像 2026-01-27 01-27-27,53,1.7666666666666666,67.66706,77.28663,62.77000000000001,0.0
Camo 录像 2026-01-27 01-27-27,54,1.8,67.20085,77.89851,59.98000000000002,0.0
Camo 录像 2026-01-27 01-27-27,55,1.8333333333333333,66.70105,78.4896,57.24000000000001,0.0
Camo 录像 2026-01-27 01-27-27,56,1.8666666666666667,66.158714,79.01201,55.05000000000001,0.0
Camo 录像 2026-01-27 01-27-27,57,1.9,65.595345,79.50188,53.21000000000001,0.0
Camo 录像 2026-01-27 01-27-27,58,1.9333333333333333,65.02414,79.96131,50.66,0.0
Camo 录像 2026-01-27 01-27-27,59,1.9666666666666666,64.49002,80.52812,49.829999999999984,0.0
Camo 录像 2026-01-27 01-27-27,60,2.0,63.927387,80.984055,49.349999999999994,0.0
Camo 录像 2026-01-27 01-27-27,61,2.033333333333333,63.382328,81.401474,48.97,0.0
Camo 录像 2026-01-27 01-27-27,62,2.066666666666667,62.883038,81.84852,49.53999999999999,0.0
Camo 录像 2026-01-27 01-27-27,63,2.1,62.409096,82.29647,50.34,0.0
Camo 录像 2026-01-27 01-27-27,64,2.1333333333333333,62.0343,82.92377,51.670000000000016,0.0
Camo 录像 2026-01-27 01-27-27,65,2.1666666666666665,61.65299,83.37619,53.69999999999999,0.0
Camo 录像 2026-01-27 01-27-27,66,2.2,61.396168,83.95063,56.34,0.0
Camo 录像 2026-01-27 01-27-27,67,2.2333333333333334,61.192802,84.398994,59.78,0.0
Camo 录像 2026-01-27 01-27-27,68,2.2666666666666666,61.039146,84.946144,61.99000000000001,0.0
Camo 录像 2026-01-27 01-27-27,69,2.3,60.940228,85.595665,66.07999999999998,0.0
Camo 录像 2026-01-27 01-27-27,70,2.3333333333333335,60.91048,86.15832,69.82,0.0
Camo 录像 2026-01-27 01-27-27,71,2.3666666666666667,60.8989,86.80529,74.25,0.0
Camo 录像 2026-01-27 01-27-27,72,2.4,60.919594,87.40846,77.62,0.0
Camo 录像 2026-01-27 01-27-27,73,2.433333333333333,60.988377,87.81635,81.40999999999997,0.0
Camo 录像 2026-01-27 01-27-27,74,2.466666666666667,61.13747,88.70909,86.18,0.0
Camo 录像 2026-01-27 01-27-27,75,2.5,61.266983,89.25112,91.09000000000003,0.0
Camo 录像 2026-01-27 01-27-27,76,2.533333333333333,61.497562,90.058136,96.14999999999998,0.0
Camo 录像 2026-01-27 01-27-27,77,2.566666666666667,61.773853,90.7618,99.82999999999998,0.0
Camo 录像 2026-01-27 01-27-27,78,2.6,62.0904,91.656364,105.56,0.0
Camo 录像 2026-01-27 01-27-27,79,2.6333333333333333,62.428738,92.30135,110.49000000000001,0.0
Camo 录像 2026-01-27 01-27-27,80,2.6666666666666665,62.814816,92.923706,114.97000000000003,0.0
Camo 录像 2026-01-27 01-27-27,81,2.7,63.247562,93.58933,118.18,0.0
Camo 录像 2026-01-27 01-27-27,82,2.7333333333333334,63.710167,94.195526,121.88,0.0
Camo 录像 2026-01-27 01-27-27,83,2.7666666666666666,64.222466,94.70816,125.34000000000003,0.0
Camo 录像 2026-01-27 01-27-27,84,2.8,64.72604,95.00939,127.94999999999999,0.0
Camo 录像 2026-01-27 01-27-27,85,2.8333333333333335,65.30601,95.49249,131.14999999999998,0.0
Camo 录像 2026-01-27 01-27-27,86,2.8666666666666667,65.89968,96.03018,134.32999999999998,0.0
Camo 录像 2026-01-27 01-27-27,87,2.9,66.47942,96.42453,134.81,0.0
Camo 录像 2026-01-27 01-27-27,88,2.933333333333333,67.07618,96.87402,136.45999999999998,0.0
Camo 录像 2026-01-27 01-27-27,89,2.966666666666667,67.587,97.07898,138.31,0.0
Camo 录像 2026-01-27 01-27-27,90,3.0,68.13866,97.525215,138.49,0.0
Camo 录像 2026-01-27 01-27-27,91,3.033333333333333,68.68302,97.98898,137.99,0.0
Camo 录像 2026-01-27 01-27-27,92,3.066666666666667,69.291855,98.824715,137.56,0.0
Camo 录像 2026-01-27 01-27-27,93,3.1,69.756325,99.20954,136.01999999999998,0.0
Camo 录像 2026-01-27 01-27-27,94,3.1333333333333333,70.18337,99.52835,135.81,0.0
Camo 录像 2026-01-27 01-27-27,95,3.1666666666666665,70.54696,99.87779,133.98000000000002,0.0
Camo 录像 2026-01-27 01-27-27,96,3.2,71.0061,100.712425,129.68,0.0
Camo 录像 2026-01-27 01-27-27,97,3.2333333333333334,71.36933,101.427216,128.23000000000002,0.0
Camo 录像 2026-01-27 01-27-27,98,3.2666666666666666,71.68312,102.12793,124.63,0.0
Camo 录像 2026-01-27 01-27-27,99,3.3,71.832695,102.516785,121.64999999999998,0.0
Camo 录像 2026-01-27 01-27-27,100,3.3333333333333335,72.01038,103.14405,117.96000000000004,0.0
Camo 录像 2026-01-27 01-27-27,101,3.3666666666666667,72.210045,103.95122,113.98000000000002,0.0
Camo 录像 2026-01-27 01-27-27,102,3.4,72.16528,104.22883,109.43,0.0
Camo 录像 2026-01-27 01-27-27,103,3.433333333333333,72.20908,105.089005,108.09000000000003,0.0
Camo 录像 2026-01-27 01-27-27,104,3.466666666666667,72.25517,106.13907,101.62,0.0
Camo 录像 2026-01-27 01-27-27,105,3.5,72.23723,107.15762,97.38,0.0
Camo 录像 2026-01-27 01-27-27,106,3.533333333333333,72.01117,107.723404,89.87,0.0
Camo 录像 2026-01-27 01-27-27,107,3.566666666666667,71.861496,108.72748,84.26999999999998,0.0
Camo 录像 2026-01-27 01-27-27,108,3.6,71.761765,110.13517,81.52999999999997,0.0
Camo 录像 2026-01-27 01-27-27,109,3.6333333333333333,71.359116,110.60572,75.9,0.0
Camo 录像 2026-01-27 01-27-27,110,3.6666666666666665,71.06708,111.6339,71.65,0.0
Camo 录像 2026-01-27 01-27-27,111,3.7,70.54155,111.90296,67.19,0.0
Camo 录像 2026-01-27 01-27-27,112,3.7333333333333334,70.06771,112.5601,62.53999999999999,0.0
Camo 录像 2026-01-27 01-27-27,113,3.7666666666666666,69.56535,113.214005,59.03999999999999,0.0
Camo 录像 2026-01-27 01-27-27,114,3.8,68.99312,113.717476,56.420000000000016,0.0
Camo 录像 2026-01-27 01-27-27,115,3.8333333333333335,68.43991,114.432755,53.44,0.0
Camo 录像 2026-01-27 01-27-27,116,3.8666666666666667,67.853035,115.05149,50.28,0.0
Camo 录像 2026-01-27 01-27-27,117,3.9,67.22543,115.53296,49.120000000000005,0.0
Camo 录像 2026-01-27 01-27-27,118,3.933333333333333,66.633865,116.16918,47.53,0.0
Camo 录像 2026-01-27 01-27-27,119,3.966666666666667,66.388664,117.33897,48.75999999999999,0.0
Camo 录像 2026-01-27 01-28-21,0,0.0,61.0,61.0,90.0,0.0
Camo 录像 2026-01-27 01-28-21,1,0.03333333333333333,61.019573,60.984234,90.13999999999999,0.0
Camo 录像 2026-01-27 01-28-21,2,0.06666666666666667,61.01313,60.97778,89.57999999999998,0.0
Camo 录像 2026-01-27 01-28-21,3,0.1,60.945568,60.9916,88.85000000000002,0.0
Camo 录像 2026-01-27 01-28-21,4,0.13333333333333333,60.843624,61.017937,87.88999999999999,0.0
Camo 录像 2026-01-27 01-28-21,5,0.16666666666666666,60.72062,61.006756,87.17000000000002,0.0
Camo 录像 2026-01-27 01-28-21,6,0.2,60.535255,61.017174,86.13,0.0
Camo 录像 2026-01-27 01-28-21,7,0.23333333333333334,60.271046,61.02048,85.21000000000004,0.0
Camo 录像 2026-01-27 01-28-21,8,0.26666666666666666,59.979748,61.009697,84.51999999999998,0.0
Camo 录像 2026-01-27 01-28-21,9,0.3,59.670002,60.957195,83.75999999999999,0.0
Camo 录像 2026-01-27 01-28-21,10,0.3333333333333333,59.363525,60.880314,83.47000000000003,0.0
Camo 录像 2026-01-27 01-28-21,11,0.36666666666666664,59.05995,60.77183,83.82999999999998,0.0
Camo 录像 2026-01-27 01-28-21,12,0.4,58.781597,60.666092,83.94999999999999,0.0
Camo 录像 2026-01-27 01-28-21,13,0.43333333333333335,58.55278,60.546757,85.17000000000002,0.0
Camo 录像 2026-01-27 01-28-21,14,0.4666666666666667,58.371162,60.408554,86.50999999999999,0.0
Camo 录像 2026-01-27 01-28-21,15,0.5,58.30248,60.27545,88.82999999999998,0.0
Camo 录像 2026-01-27 01-28-21,16,0.5333333333333333,58.308475,60.168575,91.50999999999999,0.0
Camo 录像 2026-01-27 01-28-21,17,0.5666666666666667,58.42456,60.135178,94.92000000000002,0.0
Camo 录像 2026-01-27 01-28-21,18,0.6,58.60134,60.184315,98.69,0.0
Camo 录像 2026-01-27 01-28-21,19,0.6333333333333333,58.890198,60.28799,102.99000000000001,0.0
Camo 录像 2026-01-27 01-28-21,20,0.6666666666666666,59.317886,60.555496,107.76999999999998,0.0
Camo 录像 2026-01-27 01-28-21,21,0.7,59.833897,60.922237,113.59000000000003,0.0
Camo 录像 2026-01-27 01-28-21,22,0.7333333333333333,60.53982,61.221962,118.82999999999998,0.0
Camo 录像 2026-01-27 01-28-21,23,0.7666666666666667,61.25723,61.567375,124.13999999999999,0.0
Camo 录像 2026-01-27 01-28-21,24,0.8,61.953175,61.912487,128.86,0.0
Camo 录像 2026-01-27 01-28-21,25,0.8333333333333334,62.623585,62.20212,133.39999999999998,0.0
Camo 录像 2026-01-27 01-28-21,26,0.8666666666666667,63.358616,62.450615,137.11,0.0
Camo 录像 2026-01-27 01-28-21,27,0.9,64.08214,62.732914,139.47000000000003,0.0
Camo 录像 2026-01-27 01-28-21,28,0.9333333333333333,64.7961,63.006165,141.45999999999998,0.0
Camo 录像 2026-01-27 01-28-21,29,0.9666666666666667,65.48369,63.26926,143.14999999999998,0.0
Camo 录像 2026-01-27 01-28-21,30,1.0,66.13341,63.5494,144.06,0.0
Camo 录像 2026-01-27 01-28-21,31,1.0333333333333334,66.72162,63.81602,143.44,0.0
Camo 录像 2026-01-27 01-28-21,32,1.0666666666666667,67.29007,64.071625,143.51999999999998,0.0
Camo 录像 2026-01-27 01-28-21,33,1.1,67.82681,64.34238,142.82999999999998,0.0
Camo 录像 2026-01-27 01-28-21,34,1.1333333333333333,68.32367,64.61838,141.72000000000003,0.0
Camo 录像 2026-01-27 01-28-21,35,1.1666666666666667,68.85971,64.94328,140.54000000000002,0.0
Camo 录像 2026-01-27 01-28-21,36,1.2,69.213486,65.293396,138.32999999999998,0.0
Camo 录像 2026-01-27 01-28-21,37,1.2333333333333334,69.72215,65.71912,135.76999999999998,0.0
Camo 录像 2026-01-27 01-28-21,38,1.2666666666666666,70.05846,66.20067,132.64,0.0
Camo 录像 2026-01-27 01-28-21,39,1.3,70.405075,66.71413,128.63,0.0
Camo 录像 2026-01-27 01-28-21,40,1.3333333333333333,70.59943,67.233536,125.20999999999998,0.0
Camo 录像 2026-01-27 01-28-21,41,1.3666666666666667,70.91075,67.80786,121.32999999999998,0.0
Camo 录像 2026-01-27 01-28-21,42,1.4,70.95615,68.39093,117.43,0.0
Camo 录像 2026-01-27 01-28-21,43,1.4333333333333333,71.03381,69.08736,112.74000000000001,0.0
Camo 录像 2026-01-27 01-28-21,44,1.4666666666666666,71.12134,69.85831,108.81,0.0
Camo 录像 2026-01-27 01-28-21,45,1.5,71.163864,70.68353,103.40999999999997,0.0
Camo 录像 2026-01-27 01-28-21,46,1.5333333333333334,71.087296,71.53952,98.26999999999998,0.0
Camo 录像 2026-01-27 01-28-21,47,1.5666666666666667,71.00015,72.40352,92.57,0.0
Camo 录像 2026-01-27 01-28-21,48,1.6,70.728546,73.18106,87.26999999999998,0.0
Camo 录像 2026-01-27 01-28-21,49,1.6333333333333333,70.69209,74.08095,82.04000000000002,0.0
Camo 录像 2026-01-27 01-28-21,50,1.6666666666666667,70.374435,74.82733,77.75,0.0
Camo 录像 2026-01-27 01-28-21,51,1.7,70.01662,75.54503,73.26999999999998,0.0
Camo 录像 2026-01-27 01-28-21,52,1.7333333333333334,69.47427,76.09897,68.69,0.0
Camo 录像 2026-01-27 01-28-21,53,1.7666666666666666,69.09021,76.800446,65.22,0.0
Camo 录像 2026-01-27 01-28-21,54,1.8,68.76204,77.54994,61.93000000000001,0.0
Camo 录像 2026-01-27 01-28-21,55,1.8333333333333333,68.26077,78.12433,59.00999999999999,0.0
Camo 录像 2026-01-27 01-28-21,56,1.8666666666666667,67.79094,78.74864,56.30000000000001,0.0
Camo 录像 2026-01-27 01-28-21,57,1.9,67.24643,79.293045,54.46000000000001,0.0
Camo 录像 2026-01-27 01-28-21,58,1.9333333333333333,66.7007,79.83125,53.06,0.0
Camo 录像 2026-01-27 01-28-21,59,1.9666666666666666,66.09389,80.2616,51.400000000000006,0.0
Camo 录像 2026-01-27 01-28-21,60,2.0,65.59953,80.84242,50.22,0.0
Camo 录像 2026-01-27 01-28-21,61,2.033333333333333,65.02138,81.34993,50.18000000000001,0.0
Camo 录像 2026-01-27 01-28-21,62,2.066666666666667,64.42198,81.76375,49.879999999999995,0.0
Camo 录像 2026-01-27 01-28-21,63,2.1,63.95901,82.365204,50.52000000000001,0.0
Camo 录像 2026-01-27 01-28-21,64,2.1333333333333333,63.444668,82.813034,50.93000000000001,0.0
Camo 录像 2026-01-27 01-28-21,65,2.1666666666666665,62.967953,83.17113,51.66,0.0
Camo 录像 2026-01-27 01-28-21,66,2.2,62.639233,83.75697,54.25,0.0
Camo 录像 2026-01-27 01-28-21,67,2.2333333333333334,62.390553,84.26279,57.06,0.0
Camo 录像 2026-01-27 01-28-21,68,2.2666666666666666,62.210712,84.79169,60.400000000000006,0.0
Camo 录像 2026-01-27 01-28-21,69,2.3,62.104458,85.32776,62.629999999999995,0.0
Camo 录像 2026-01-27 01-28-21,70,2.3333333333333335,62.074062,85.91658,66.65,0.0
Camo 录像 2026-01-27 01-28-21,71,2.3666666666666667,62.10056,86.4507,70.5,0.0
Camo 录像 2026-01-27 01-28-21,72,2.4,62.12924,87.01338,75.46000000000001,0.0
Camo 录像 2026-01-27 01-28-21,73,2.433333333333333,62.230076,87.68863,79.35000000000002,0.0
Camo 录像 2026-01-27 01-28-21,74,2.466666666666667,62.37665,88.44411,83.35833333333335,1.0
Camo 录像 2026-01-27 01-28-21,75,2.5,62.5566,89.19469,87.74000000000001,0.0
Camo 录像 2026-01-27 01-28-21,76,2.533333333333333,62.75754,89.85524,92.75,0.0
Camo 录像 2026-01-27 01-28-21,77,2.566666666666667,63.008167,90.58566,97.64999999999998,0.0
Camo 录像 2026-01-27 01-28-21,78,2.6,63.250317,91.185394,102.75999999999999,0.0
Camo 录像 2026-01-27 01-28-21,79,2.6333333333333333,63.558277,91.88187,107.10000000000002,0.0
Camo 录像 2026-01-27 01-28-21,80,2.6666666666666665,63.941715,92.59178,111.57999999999998,0.0
Camo 录像 2026-01-27 01-28-21,81,2.7,64.26524,92.99028,115.49000000000001,0.0
Camo 录像 2026-01-27 01-28-21,82,2.7333333333333334,64.74223,93.735,119.37,0.0
Camo 录像 2026-01-27 01-28-21,83,2.7666666666666666,65.094574,93.953445,123.43,0.0
Camo 录像 2026-01-27 01-28-21,84,2.8,65.697266,94.69478,125.82999999999998,0.0
Camo 录像 2026-01-27 01-28-21,85,2.8333333333333335,66.226425,95.06064,129.62,0.0
Camo 录像 2026-01-27 01-28-21,86,2.8666666666666667,66.78856,95.44096,132.51,0.0
Camo 录像 2026-01-27 01-28-21,87,2.9,67.35727,95.6918,135.0,0.0
Camo 录像 2026-01-27 01-28-21,88,2.933333333333333,68.029175,96.19212,136.26999999999998,0.0
Camo 录像 2026-01-27 01-28-21,89,2.966666666666667,68.6974,96.71188,137.57,0.0
Camo 录像 2026-01-27 01-28-21,90,3.0,69.275894,97.100494,138.07,0.0
Camo 录像 2026-01-27 01-28-21,91,3.033333333333333,69.95564,97.728195,137.41000000000003,0.0
Camo 录像 2026-01-27 01-28-21,92,3.066666666666667,70.36987,97.851105,137.23000000000002,0.0
Camo 录像 2026-01-27 01-28-21,93,3.1,70.82185,98.211945,137.39,0.0
Camo 录像 2026-01-27 01-28-21,94,3.1333333333333333,71.45065,98.936844,135.58999999999997,0.0
Camo 录像 2026-01-27 01-28-21,95,3.1666666666666665,71.76105,99.12718,133.79000000000002,0.0
Camo 录像 2026-01-27 01-28-21,96,3.2,72.169174,99.64592,130.94,0.0
Camo 录像 2026-01-27 01-28-21,97,3.2333333333333334,72.5551,100.26814,129.69,0.0
Camo 录像 2026-01-27 01-28-21,98,3.2666666666666666,72.87976,100.84624,126.78000000000003,0.0
Camo 录像 2026-01-27 01-28-21,99,3.3,73.06691,101.366,122.36000000000001,0.0
Camo 录像 2026-01-27 01-28-21,100,3.3333333333333335,73.41266,102.234695,119.31,0.0
Camo 录像 2026-01-27 01-28-21,101,3.3666666666666667,73.61421,102.93829,116.05000000000001,0.0
Camo 录像 2026-01-27 01-28-21,102,3.4,73.59735,103.42584,111.99000000000001,0.0
Camo 录像 2026-01-27 01-28-21,103,3.433333333333333,73.55316,104.05557,107.85000000000002,0.0
Camo 录像 2026-01-27 01-28-21,104,3.466666666666667,73.589294,105.046555,103.25,0.0
Camo 录像 2026-01-27 01-28-21,105,3.5,73.438705,105.67323,97.75,0.0
Camo 录像 2026-01-27 01-28-21,106,3.533333333333333,73.37941,106.7056,92.12,0.0
Camo 录像 2026-01-27 01-28-21,107,3.566666666666667,73.19267,107.558685,86.38,0.0
Camo 录像 2026-01-27 01-28-21,108,3.6,73.14397,108.77876,85.97000000000003,0.0
Camo 录像 2026-01-27 01-28-21,109,3.6333333333333333,72.865814,109.48927,77.48000000000002,0.0
Camo 录像 2026-01-27 01-28-21,110,3.6666666666666665,72.59248,110.26671,73.28,0.0
Camo 录像 2026-01-27 01-28-21,111,3.7,72.23973,110.93288,74.12,0.0
Camo 录像 2026-01-27 01-28-21,112,3.7333333333333334,71.799225,111.35358,64.76999999999998,0.0
Camo 录像 2026-01-27 01-28-21,113,3.7666666666666666,71.5939,112.64926,65.13,0.0
Camo 录像 2026-01-27 01-28-21,114,3.8,71.13272,113.311615,61.879999999999995,0.0
Camo 录像 2026-01-27 01-28-21,115,3.8333333333333335,70.5726,113.82677,54.25999999999999,0.0
Camo 录像 2026-01-27 01-28-21,116,3.8666666666666667,69.97261,114.32132,51.74000000000001,0.0
Camo 录像 2026-01-27 01-28-21,117,3.9,69.44685,115.20059,53.74000000000001,0.0
Camo 录像 2026-01-27 01-28-21,118,3.933333333333333,68.72978,115.43129,48.43000000000001,0.0
Camo 录像 2026-01-27 01-28-21,119,3.966666666666667,68.20888,116.142746,52.16,0.0
Camo 录像 2026-01-27 01-32-52,0,0.0,61.0,61.0,90.0,0.0
Camo 录像 2026-01-27 01-32-52,1,0.03333333333333333,60.921383,61.036366,89.52999999999997,0.0
Camo 录像 2026-01-27 01-32-52,2,0.06666666666666667,60.881405,60.980324,89.48000000000002,0.0
Camo 录像 2026-01-27 01-32-52,3,0.1,60.783638,60.97199,88.37,0.0
Camo 录像 2026-01-27 01-32-52,4,0.13333333333333333,60.655388,60.948917,87.38999999999999,0.0
Camo 录像 2026-01-27 01-32-52,5,0.16666666666666666,60.509087,60.94564,86.88,0.0
Camo 录像 2026-01-27 01-32-52,6,0.2,60.318768,60.87567,86.39999999999998,0.0
Camo 录像 2026-01-27 01-32-52,7,0.23333333333333334,60.061573,60.8426,85.59000000000003,0.0
Camo 录像 2026-01-27 01-32-52,8,0.26666666666666666,59.76365,60.78923,85.06,0.0
Camo 录像 2026-01-27 01-32-52,9,0.3,59.446804,60.675198,84.25999999999999,0.0
Camo 录像 2026-01-27 01-32-52,10,0.3333333333333333,59.135864,60.542175,83.71000000000004,0.0
Camo 录像 2026-01-27 01-32-52,11,0.36666666666666664,58.847004,60.404446,83.75,0.0
Camo 录像 2026-01-27 01-32-52,12,0.4,58.60459,60.25155,84.86000000000001,0.0
Camo 录像 2026-01-27 01-32-52,13,0.43333333333333335,58.40458,60.087456,85.80000000000001,0.0
Camo 录像 2026-01-27 01-32-52,14,0.4666666666666667,58.25329,59.90647,87.59000000000003,0.0
Camo 录像 2026-01-27 01-32-52,15,0.5,58.192524,59.793373,89.72000000000003,0.0
Camo 录像 2026-01-27 01-32-52,16,0.5333333333333333,58.201015,59.670288,93.19,0.0
Camo 录像 2026-01-27 01-32-52,17,0.5666666666666667,58.344913,59.615963,97.07999999999998,0.0
Camo 录像 2026-01-27 01-32-52,18,0.6,58.477955,59.670074,100.55000000000001,0.0
Camo 录像 2026-01-27 01-32-52,19,0.6333333333333333,58.755966,59.839806,104.76999999999998,0.0
Camo 录像 2026-01-27 01-32-52,20,0.6666666666666666,59.16723,60.138336,109.87,0.0
Camo 录像 2026-01-27 01-32-52,21,0.7,59.69218,60.511818,115.00999999999999,0.0
Camo 录像 2026-01-27 01-32-52,22,0.7333333333333333,60.31123,60.89362,120.75999999999999,0.0
Camo 录像 2026-01-27 01-32-52,23,0.7666666666666667,60.97782,61.272137,126.14999999999998,0.0
Camo 录像 2026-01-27 01-32-52,24,0.8,61.647236,61.63825,130.54000000000002,0.0
Camo 录像 2026-01-27 01-32-52,25,0.8333333333333334,62.33218,61.94016,134.68,0.0
Camo 录像 2026-01-27 01-32-52,26,0.8666666666666667,63.004265,62.26308,138.39,0.0
Camo 录像 2026-01-27 01-32-52,27,0.9,63.716198,62.56594,141.01999999999998,0.0
Camo 录像 2026-01-27 01-32-52,28,0.9333333333333333,64.44356,62.865997,142.53000000000003,0.0
Camo 录像 2026-01-27 01-32-52,29,0.9666666666666667,65.212036,63.141365,144.10000000000002,0.0
Camo 录像 2026-01-27 01-32-52,30,1.0,65.85916,63.453712,144.19,0.0
Camo 录像 2026-01-27 01-32-52,31,1.0333333333333334,66.50333,63.73998,144.45999999999998,0.0
Camo 录像 2026-01-27 01-32-52,32,1.0666666666666667,67.0829,64.01559,143.93,0.0
Camo 录像 2026-01-27 01-32-52,33,1.1,67.59453,64.321106,143.01,0.0
Camo 录像 2026-01-27 01-32-52,34,1.1333333333333333,68.11865,64.65761,141.92000000000002,0.0
Camo 录像 2026-01-27 01-32-52,35,1.1666666666666667,68.56802,65.037445,139.70999999999998,0.0
Camo 录像 2026-01-27 01-32-52,36,1.2,69.05803,65.46332,137.76,0.0
Camo 录像 2026-01-27 01-32-52,37,1.2333333333333334,69.441864,65.946236,135.07,0.0
Camo 录像 2026-01-27 01-32-52,38,1.2666666666666666,69.82951,66.465004,131.43,0.0
Camo 录像 2026-01-27 01-32-52,39,1.3,70.11244,67.00735,127.68,0.0
Camo 录像 2026-01-27 01-32-52,40,1.3333333333333333,70.361404,67.55793,124.09000000000003,0.0
Camo 录像 2026-01-27 01-32-52,41,1.3666666666666667,70.53615,68.14467,120.80000000000001,0.0
Camo 录像 2026-01-27 01-32-52,42,1.4,70.62863,68.796585,116.13,0.0
Camo 录像 2026-01-27 01-32-52,43,1.4333333333333333,70.67627,69.54728,111.55000000000001,0.0
Camo 录像 2026-01-27 01-32-52,44,1.4666666666666666,70.72299,70.34269,106.79000000000002,0.0
Camo 录像 2026-01-27 01-32-52,45,1.5,70.693726,71.18933,101.69999999999999,0.0
Camo 录像 2026-01-27 01-32-52,46,1.5333333333333334,70.62677,72.07421,96.42833333333334,1.0
Camo 录像 2026-01-27 01-32-52,47,1.5666666666666667,70.493805,72.94786,91.12,0.0
Camo 录像 2026-01-27 01-32-52,48,1.6,70.26657,73.7608,85.92000000000002,0.0
Camo 录像 2026-01-27 01-32-52,49,1.6333333333333333,70.2751,73.764915,85.94,0.0
Camo 录像 2026-01-27 01-32-52,50,1.6666666666666667,69.851776,75.38171,77.27999999999997,0.0
Camo 录像 2026-01-27 01-32-52,51,1.7,69.534485,76.09651,73.12,0.0
Camo 录像 2026-01-27 01-32-52,52,1.7333333333333334,69.16867,76.78646,69.0,0.0
Camo 录像 2026-01-27 01-32-52,53,1.7666666666666666,68.8593,77.53043,65.38,0.0
Camo 录像 2026-01-27 01-32-52,54,1.8,68.344635,78.126945,62.05000000000001,0.0
Camo 录像 2026-01-27 01-32-52,55,1.8333333333333333,67.846146,78.7571,59.120000000000005,0.0
Camo 录像 2026-01-27 01-32-52,56,1.8666666666666667,67.30458,79.3324,56.150000000000006,0.0
Camo 录像 2026-01-27 01-32-52,57,1.9,66.74501,79.96212,54.56,0.0
Camo 录像 2026-01-27 01-32-52,58,1.9333333333333333,66.08362,80.40986,52.629999999999995,0.0
Camo 录像 2026-01-27 01-32-52,59,1.9666666666666666,65.53882,81.0311,51.49000000000001,0.0
Camo 录像 2026-01-27 01-32-52,60,2.0,64.951355,81.58632,50.879999999999995,0.0
Camo 录像 2026-01-27 01-32-52,61,2.033333333333333,64.30643,82.02351,50.56,0.0
Camo 录像 2026-01-27 01-32-52,62,2.066666666666667,63.782787,82.66568,51.02000000000001,0.0
Camo 录像 2026-01-27 01-32-52,63,2.1,63.242706,83.17778,51.31,0.0
Camo 录像 2026-01-27 01-32-52,64,2.1333333333333333,62.765404,83.720955,52.18000000000001,0.0
Camo 录像 2026-01-27 01-32-52,65,2.1666666666666665,62.337334,84.26986,53.860000000000014,0.0
Camo 录像 2026-01-27 01-32-52,66,2.2,61.975056,84.78637,56.150000000000006,0.0
Camo 录像 2026-01-27 01-32-52,67,2.2333333333333334,61.708244,85.30386,59.41,0.0
Camo 录像 2026-01-27 01-32-52,68,2.2666666666666666,61.510044,85.88783,62.03,0.0
Camo 录像 2026-01-27 01-32-52,69,2.3,61.408405,86.494514,65.93,0.0
Camo 录像 2026-01-27 01-32-52,70,2.3333333333333335,61.338223,86.96565,69.63,0.0
Camo 录像 2026-01-27 01-32-52,71,2.3666666666666667,61.339382,87.66177,72.59,0.0
Camo 录像 2026-01-27 01-32-52,72,2.4,61.351055,88.19515,76.21000000000004,0.0
Camo 录像 2026-01-27 01-32-52,73,2.433333333333333,61.450806,88.996315,80.65999999999997,0.0
Camo 录像 2026-01-27 01-32-52,74,2.466666666666667,61.576843,89.73119,85.83666666666664,1.0
Camo 录像 2026-01-27 01-32-52,75,2.5,61.739628,90.46783,91.31,0.0
Camo 录像 2026-01-27 01-32-52,76,2.533333333333333,61.94964,91.274284,96.64999999999998,0.0
Camo 录像 2026-01-27 01-32-52,77,2.566666666666667,62.24175,92.084656,101.23000000000002,0.0
Camo 录像 2026-01-27 01-32-52,78,2.6,62.52741,92.75757,106.39999999999998,0.0
Camo 录像 2026-01-27 01-32-52,79,2.6333333333333333,62.85341,93.26738,109.75999999999999,0.0
Camo 录像 2026-01-27 01-32-52,80,2.6666666666666665,63.25597,93.946205,114.38,0.0
Camo 录像 2026-01-27 01-32-52,81,2.7,63.60085,94.20749,116.99000000000001,0.0
Camo 录像 2026-01-27 01-32-52,82,2.7333333333333334,64.17929,95.17638,122.79000000000002,0.0
Camo 录像 2026-01-27 01-32-52,83,2.7666666666666666,64.627625,95.389084,124.55000000000001,0.0
Camo 录像 2026-01-27 01-32-52,84,2.8,65.239105,96.09929,130.05,0.0
Camo 录像 2026-01-27 01-32-52,85,2.8333333333333335,65.7648,96.252235,133.43,0.0
Camo 录像 2026-01-27 01-32-52,86,2.8666666666666667,66.492294,96.99142,135.94,0.0
Camo 录像 2026-01-27 01-32-52,87,2.9,67.13165,97.29382,137.73000000000002,0.0
Camo 录像 2026-01-27 01-32-52,88,2.933333333333333,67.81825,97.746666,138.82999999999998,0.0
Camo 录像 2026-01-27 01-32-52,89,2.966666666666667,68.396225,97.97932,138.83999999999997,0.0
Camo 录像 2026-01-27 01-32-52,90,3.0,68.9884,98.35189,140.32999999999998,0.0
Camo 录像 2026-01-27 01-32-52,91,3.033333333333333,69.57329,98.69079,140.32999999999998,0.0
Camo 录像 2026-01-27 01-32-52,92,3.066666666666667,70.20499,99.27316,139.33999999999997,0.0
Camo 录像 2026-01-27 01-32-52,93,3.1,70.62207,99.45466,138.41000000000003,0.0
Camo 录像 2026-01-27 01-32-52,94,3.1333333333333333,71.13388,99.8592,136.92000000000002,0.0
Camo 录像 2026-01-27 01-32-52,95,3.1666666666666665,71.63144,100.39687,136.28000000000003,0.0
Camo 录像 2026-01-27 01-32-52,96,3.2,72.09718,101.01173,133.75,0.0
Camo 录像 2026-01-27 01-32-52,97,3.2333333333333334,72.46234,101.51554,132.20999999999998,0.0
Camo 录像 2026-01-27 01-32-52,98,3.2666666666666666,72.8221,102.11186,128.03000000000003,0.0
Camo 录像 2026-01-27 01-32-52,99,3.3,73.01381,102.50068,124.21000000000004,0.0
Camo 录像 2026-01-27 01-32-52,100,3.3333333333333335,73.32115,103.26156,120.92000000000002,0.0
Camo 录像 2026-01-27 01-32-52,101,3.3666666666666667,73.38632,103.55608,117.40999999999997,0.0
Camo 录像 2026-01-27 01-32-52,102,3.4,73.69496,104.62599,112.44999999999999,0.0
Camo 录像 2026-01-27 01-32-52,103,3.433333333333333,73.68088,105.1919,108.40999999999997,0.0
Camo 录像 2026-01-27 01-32-52,104,3.466666666666667,73.72769,106.09342,103.39999999999998,0.0
Camo 录像 2026-01-27 01-32-52,105,3.5,73.79938,107.24799,100.25,0.0
Camo 录像 2026-01-27 01-32-52,106,3.533333333333333,73.62709,107.93311,93.30000000000001,0.0
Camo 录像 2026-01-27 01-32-52,107,3.566666666666667,73.37871,108.64201,88.38999999999999,0.0
Camo 录像 2026-01-27 01-32-52,108,3.6,73.163315,109.4744,83.25,0.0
Camo 录像 2026-01-27 01-32-52,109,3.6333333333333333,72.89192,110.254166,78.79000000000002,0.0
Camo 录像 2026-01-27 01-32-52,110,3.6666666666666665,72.631836,111.10487,74.85000000000002,0.0
Camo 录像 2026-01-27 01-32-52,111,3.7,72.32219,111.98249,74.48000000000002,0.0
Camo 录像 2026-01-27 01-32-52,112,3.7333333333333334,71.90755,112.64411,65.88,0.0
Camo 录像 2026-01-27 01-32-52,113,3.7666666666666666,71.5488,113.58174,66.16,0.0
Camo 录像 2026-01-27 01-32-52,114,3.8,71.0394,114.19192,62.56999999999999,0.0
Camo 录像 2026-01-27 01-32-52,115,3.8333333333333335,70.41713,114.497856,55.99000000000001,0.0
Camo 录像 2026-01-27 01-32-52,116,3.8666666666666667,69.93262,115.4412,57.06999999999999,0.0
Camo 录像 2026-01-27 01-32-52,117,3.9,69.34874,116.00948,51.170000000000016,0.0
Camo 录像 2026-01-27 01-32-52,118,3.933333333333333,68.7867,116.80718,52.21000000000001,0.0
Camo 录像 2026-01-27 01-32-52,119,3.966666666666667,68.393936,117.59706,55.099999999999994,0.0
Camo 录像 2026-01-27 01-34-39,0,0.0,61.0,61.0,90.0,0.0
Camo 录像 2026-01-27 01-34-39,1,0.03333333333333333,60.9973,61.00327,89.84000000000003,0.0
Camo 录像 2026-01-27 01-34-39,2,0.06666666666666667,60.943554,60.986008,89.11000000000001,0.0
Camo 录像 2026-01-27 01-34-39,3,0.1,60.82135,60.993374,88.14999999999998,0.0
Camo 录像 2026-01-27 01-34-39,4,0.13333333333333333,60.674217,60.98677,87.59000000000003,0.0
Camo 录像 2026-01-27 01-34-39,5,0.16666666666666666,60.48118,60.96206,86.95999999999998,0.0
Camo 录像 2026-01-27 01-34-39,6,0.2,60.21866,60.946407,85.73000000000002,0.0
Camo 录像 2026-01-27 01-34-39,7,0.23333333333333334,59.918457,60.90078,84.94,0.0
Camo 录像 2026-01-27 01-34-39,8,0.26666666666666666,59.60214,60.834377,84.42000000000002,0.0
Camo 录像 2026-01-27 01-34-39,9,0.3,59.27044,60.75967,83.45999999999998,0.0
Camo 录像 2026-01-27 01-34-39,10,0.3333333333333333,58.948475,60.66415,82.88999999999999,0.0
Camo 录像 2026-01-27 01-34-39,11,0.36666666666666664,58.670074,60.540142,83.37,0.0
Camo 录像 2026-01-27 01-34-39,12,0.4,58.41834,60.418064,84.48000000000002,0.0
Camo 录像 2026-01-27 01-34-39,13,0.43333333333333335,58.19963,60.33024,85.37,0.0
Camo 录像 2026-01-27 01-34-39,14,0.4666666666666667,58.037533,60.23178,87.03999999999996,0.0
Camo 录像 2026-01-27 01-34-39,15,0.5,57.9532,60.14455,89.48000000000002,0.0
Camo 录像 2026-01-27 01-34-39,16,0.5333333333333333,57.92094,60.091457,92.97000000000003,0.0
Camo 录像 2026-01-27 01-34-39,17,0.5666666666666667,58.0225,60.101284,96.80000000000001,0.0
Camo 录像 2026-01-27 01-34-39,18,0.6,58.116882,60.208405,100.06,0.0
Camo 录像 2026-01-27 01-34-39,19,0.6333333333333333,58.378483,60.41888,105.06,0.0
Camo 录像 2026-01-27 01-34-39,20,0.6666666666666666,58.77447,60.761444,109.94999999999999,0.0
Camo 录像 2026-01-27 01-34-39,21,0.7,59.3314,61.125202,115.37,0.0
Camo 录像 2026-01-27 01-34-39,22,0.7333333333333333,59.980534,61.50676,120.93,0.0
Camo 录像 2026-01-27 01-34-39,23,0.7666666666666667,60.666817,61.91472,125.87,0.0
Camo 录像 2026-01-27 01-34-39,24,0.8,61.395985,62.267303,130.39,0.0
Camo 录像 2026-01-27 01-34-39,25,0.8333333333333334,62.12767,62.59211,134.32999999999998,0.0
Camo 录像 2026-01-27 01-34-39,26,0.8666666666666667,62.851727,62.896973,137.93,0.0
Camo 录像 2026-01-27 01-34-39,27,0.9,63.635693,63.218163,140.37,0.0
Camo 录像 2026-01-27 01-34-39,28,0.9333333333333333,64.38315,63.52363,142.23000000000002,0.0
Camo 录像 2026-01-27 01-34-39,29,0.9666666666666667,65.11394,63.81884,143.14999999999998,0.0
Camo 录像 2026-01-27 01-34-39,30,1.0,65.741486,64.1073,143.10000000000002,0.0
Camo 录像 2026-01-27 01-34-39,31,1.0333333333333334,66.38986,64.400856,143.53999999999996,0.0
Camo 录像 2026-01-27 01-34-39,32,1.0666666666666667,66.94226,64.67288,143.48000000000002,0.0
Camo 录像 2026-01-27 01-34-39,33,1.1,67.515366,64.985054,142.39,0.0
Camo 录像 2026-01-27 01-34-39,34,1.1333333333333333,67.97479,65.30294,140.99,0.0
Camo 录像 2026-01-27 01-34-39,35,1.1666666666666667,68.496185,65.698235,139.12,0.0
Camo 录像 2026-01-27 01-34-39,36,1.2,68.95494,66.112175,136.16999999999996,0.0
Camo 录像 2026-01-27 01-34-39,37,1.2333333333333334,69.35062,66.59406,133.78999999999996,0.0
Camo 录像 2026-01-27 01-34-39,38,1.2666666666666666,69.73973,67.1051,130.56,0.0
Camo 录像 2026-01-27 01-34-39,39,1.3,70.03017,67.6081,126.98000000000002,0.0
Camo 录像 2026-01-27 01-34-39,40,1.3333333333333333,70.32266,68.13179,123.38999999999999,0.0
Camo 录像 2026-01-27 01-34-39,41,1.3666666666666667,70.58479,68.68253,119.73000000000002,0.0
Camo 录像 2026-01-27 01-34-39,42,1.4,70.73241,69.29408,116.03999999999996,0.0
Camo 录像 2026-01-27 01-34-39,43,1.4333333333333333,70.88982,70.034966,111.13,0.0
Camo 录像 2026-01-27 01-34-39,44,1.4666666666666666,70.88701,70.78975,106.11000000000001,0.0
Camo 录像 2026-01-27 01-34-39,45,1.5,70.87717,71.61366,100.73000000000002,0.0
Camo 录像 2026-01-27 01-34-39,46,1.5333333333333334,70.76466,72.444885,96.24000000000001,0.0
Camo 录像 2026-01-27 01-34-39,47,1.5666666666666667,70.698074,73.367195,90.87,0.0
Camo 录像 2026-01-27 01-34-39,48,1.6,70.456024,74.17968,86.03999999999996,0.0
Camo 录像 2026-01-27 01-34-39,49,1.6333333333333333,70.11151,74.90397,80.73000000000002,0.0
Camo 录像 2026-01-27 01-34-39,50,1.6666666666666667,69.85077,75.75011,76.53999999999996,0.0
Camo 录像 2026-01-27 01-34-39,51,1.7,69.48723,76.44526,72.25,0.0
Camo 录像 2026-01-27 01-34-39,52,1.7333333333333334,69.14232,77.188965,68.19999999999999,0.0
Camo 录像 2026-01-27 01-34-39,53,1.7666666666666666,68.744156,77.84239,64.53999999999999,0.0
Camo 录像 2026-01-27 01-34-39,54,1.8,68.2816,78.35809,60.66,0.0
Camo 录像 2026-01-27 01-34-39,55,1.8333333333333333,67.84735,78.86255,57.28,0.0
Camo 录像 2026-01-27 01-34-39,56,1.8666666666666667,67.448166,79.44673,56.26999999999998,0.0
Camo 录像 2026-01-27 01-34-39,57,1.9,66.987686,79.82875,52.97,0.0
Camo 录像 2026-01-27 01-34-39,58,1.9333333333333333,66.55205,80.3228,52.49000000000001,0.0
Camo 录像 2026-01-27 01-34-39,59,1.9666666666666666,66.16914,80.856285,51.66,0.0
Camo 录像 2026-01-27 01-34-39,60,2.0,65.74126,81.32762,51.22999999999999,0.0
Camo 录像 2026-01-27 01-34-39,61,2.033333333333333,65.26604,81.75257,51.26999999999998,0.0
Camo 录像 2026-01-27 01-34-39,62,2.066666666666667,64.84482,82.21274,52.03,0.0
Camo 录像 2026-01-27 01-34-39,63,2.1,64.44437,82.74113,53.69999999999999,0.0
Camo 录像 2026-01-27 01-34-39,64,2.1333333333333333,64.09451,83.30676,54.56,0.0
Camo 录像 2026-01-27 01-34-39,65,2.1666666666666665,63.724064,83.75804,56.59,0.0
Camo 录像 2026-01-27 01-34-39,66,2.2,63.528854,84.37351,58.45999999999998,0.0
Camo 录像 2026-01-27 01-34-39,67,2.2333333333333334,63.334602,84.84789,62.079999999999984,0.0
Camo 录像 2026-01-27 01-34-39,68,2.2666666666666666,63.223473,85.41303,65.14999999999998,0.0
Camo 录像 2026-01-27 01-34-39,69,2.3,63.156376,85.88839,67.95999999999998,0.0
Camo 录像 2026-01-27 01-34-39,70,2.3333333333333335,63.14484,86.21777,70.97999999999999,0.0
Camo 录像 2026-01-27 01-34-39,71,2.3666666666666667,63.22915,86.9212,75.38,0.0
Camo 录像 2026-01-27 01-34-39,72,2.4,63.344704,87.536285,79.56,0.0
Camo 录像 2026-01-27 01-34-39,73,2.433333333333333,63.518837,88.19562,84.09499999999997,1.0
Camo 录像 2026-01-27 01-34-39,74,2.466666666666667,63.73012,88.8194,88.82999999999998,0.0
Camo 录像 2026-01-27 01-34-39,75,2.5,63.95714,89.327774,93.61000000000001,0.0
Camo 录像 2026-01-27 01-34-39,76,2.533333333333333,64.297165,90.19806,98.49000000000001,0.0
Camo 录像 2026-01-27 01-34-39,77,2.566666666666667,64.58661,90.665276,103.13999999999999,0.0
Camo 录像 2026-01-27 01-34-39,78,2.6,65.018875,91.623955,108.14999999999998,0.0
Camo 录像 2026-01-27 01-34-39,79,2.6333333333333333,65.40347,92.31427,112.88999999999999,0.0
Camo 录像 2026-01-27 01-34-39,80,2.6666666666666665,65.805374,92.85936,117.25999999999999,0.0
Camo 录像 2026-01-27 01-34-39,81,2.7,66.269455,93.450714,121.12,0.0
Camo 录像 2026-01-27 01-34-39,82,2.7333333333333334,66.72513,93.82184,124.35000000000002,0.0
Camo 录像 2026-01-27 01-34-39,83,2.7666666666666666,67.29619,94.40151,128.51,0.0
Camo 录像 2026-01-27 01-34-39,84,2.8,67.80653,94.617455,130.27999999999997,0.0
Camo 录像 2026-01-27 01-34-39,85,2.8333333333333335,68.411896,95.06551,135.65999999999997,0.0
Camo 录像 2026-01-27 01-34-39,86,2.8666666666666667,69.08887,95.60818,137.62,0.0
Camo 录像 2026-01-27 01-34-39,87,2.9,69.71744,95.981476,139.45,0.0
Camo 录像 2026-01-27 01-34-39,88,2.933333333333333,70.23819,96.04885,138.2,0.0
Camo 录像 2026-01-27 01-34-39,89,2.966666666666667,71.022995,96.884674,140.41999999999996,0.0
Camo 录像 2026-01-27 01-34-39,90,3.0,71.58423,97.15681,141.79999999999995,0.0
Camo 录像 2026-01-27 01-34-39,91,3.033333333333333,72.19034,97.57074,141.74,0.0
Camo 录像 2026-01-27 01-34-39,92,3.066666666666667,72.74582,97.900696,141.15999999999997,0.0
Camo 录像 2026-01-27 01-34-39,93,3.1,73.2142,98.09261,138.7,0.0
Camo 录像 2026-01-27 01-34-39,94,3.1333333333333333,73.91057,98.810745,139.01999999999998,0.0
Camo 录像 2026-01-27 01-34-39,95,3.1666666666666665,74.30936,98.95997,137.74,0.0
Camo 录像 2026-01-27 01-34-39,96,3.2,74.86575,99.61537,135.95,0.0
Camo 录像 2026-01-27 01-34-39,97,3.2333333333333334,75.16568,99.79035,132.2,0.0
Camo 录像 2026-01-27 01-34-39,98,3.2666666666666666,75.608246,100.48921,128.76,0.0
Camo 录像 2026-01-27 01-34-39,99,3.3,75.99342,101.18581,125.40999999999997,0.0
Camo 录像 2026-01-27 01-34-39,100,3.3333333333333335,76.20766,101.62995,120.75,0.0
Camo 录像 2026-01-27 01-34-39,101,3.3666666666666667,76.699005,102.882454,118.34000000000003,0.0
Camo 录像 2026-01-27 01-34-39,102,3.4,76.68367,103.24503,114.03999999999996,0.0
Camo 录像 2026-01-27 01-34-39,103,3.433333333333333,76.73183,103.96755,110.78999999999996,0.0
Camo 录像 2026-01-27 01-34-39,104,3.466666666666667,76.76927,104.80446,103.63999999999999,0.0
Camo 录像 2026-01-27 01-34-39,105,3.5,76.86844,105.97594,100.61000000000001,0.0
Camo 录像 2026-01-27 01-34-39,106,3.533333333333333,76.88115,107.08923,94.64999999999998,0.0
Camo 录像 2026-01-27 01-34-39,107,3.566666666666667,76.73103,108.041115,90.76999999999998,0.0
Camo 录像 2026-01-27 01-34-39,108,3.6,76.36461,108.481575,83.94,0.0
Camo 录像 2026-01-27 01-34-39,109,3.6333333333333333,76.26097,109.77092,80.65999999999997,0.0
Camo 录像 2026-01-27 01-34-39,110,3.6666666666666665,75.83305,110.37204,77.88999999999999,0.0
Camo 录像 2026-01-27 01-34-39,111,3.7,75.27702,110.69686,70.25,0.0
Camo 录像 2026-01-27 01-34-39,112,3.7333333333333334,75.058975,112.18509,68.01999999999998,0.0
Camo 录像 2026-01-27 01-34-39,113,3.7666666666666666,74.34723,112.229195,62.34,0.0
Camo 录像 2026-01-27 01-34-39,114,3.8,73.73851,112.79292,59.78,0.0
Camo 录像 2026-01-27 01-34-39,115,3.8333333333333335,73.23241,113.70042,56.59,0.0
Camo 录像 2026-01-27 01-34-39,116,3.8666666666666667,72.638855,114.37778,54.47999999999999,0.0
Camo 录像 2026-01-27 01-34-39,117,3.9,72.00949,114.94472,52.16,0.0
Camo 录像 2026-01-27 01-34-39,118,3.933333333333333,71.341415,115.30778,51.150000000000006,0.0
Camo 录像 2026-01-27 01-34-39,119,3.966666666666667,71.14029,116.43412,51.94999999999999,0.0
