video,frame,timestamp,x_cm,y_cm,robot_yaw,interpolated
Camo 录像 2026-01-27 05-16-34,0,0.0,61.0,61.0,90.0,0
Camo 录像 2026-01-27 05-16-34,1,0.03333333333333333,60.989166,61.029747,89.92000000000002,0
Camo 录像 2026-01-27 05-16-34,2,0.06666666666666667,60.960278,61.03956,89.63,0
Camo 录像 2026-01-27 05-16-34,3,0.1,60.918705,61.052647,89.23000000000002,0
Camo 录像 2026-01-27 05-16-34,4,0.13333333333333333,60.8751,61.08836,88.82,0
Camo 录像 2026-01-27 05-16-34,5,0.16666666666666666,60.817005,61.083378,88.56,0
Camo 录像 2026-01-27 05-16-34,6,0.2,60.7378,61.093227,88.25,0
Camo 录像 2026-01-27 05-16-34,7,0.23333333333333334,60.620472,61.09746,87.75,0
Camo 录像 2026-01-27 05-16-34,8,0.26666666666666666,60.47835,61.100636,87.11000000000001,0
Camo 录像 2026-01-27 05-16-34,9,0.3,60.318222,61.053925,86.56,0
Camo 录像 2026-01-27 05-16-34,10,0.3333333333333333,60.159233,61.04459,86.28999999999996,0
Camo 录像 2026-01-27 05-16-34,11,0.36666666666666664,60.021145,60.995106,86.44,0
Camo 录像 2026-01-27 05-16-34,12,0.4,59.91409,60.96362,86.82999999999998,0
Camo 录像 2026-01-27 05-16-34,13,0.43333333333333335,59.798508,60.943478,87.24000000000001,0
Camo 录像 2026-01-27 05-16-34,14,0.4666666666666667,59.71061,60.88449,87.93,0
Camo 录像 2026-01-27 05-16-34,15,0.5,59.68362,60.838024,89.17000000000002,0
Camo 录像 2026-01-27 05-16-34,16,0.5333333333333333,59.702736,60.827503,90.55000000000001,0
Camo 录像 2026-01-27 05-16-34,17,0.5666666666666667,59.741528,60.839603,92.13,0
Camo 录像 2026-01-27 05-16-34,18,0.6,59.866318,60.891327,94.47000000000003,0
Camo 录像 2026-01-27 05-16-34,19,0.6333333333333333,60.031544,60.955887,96.37,0
Camo 录像 2026-01-27 05-16-34,20,0.6666666666666666,60.308716,61.058773,99.24000000000001,0
Camo 录像 2026-01-27 05-16-34,21,0.7,60.6228,61.217598,101.51999999999998,0
Camo 录像 2026-01-27 05-16-34,22,0.7333333333333333,60.623005,61.2176,101.51999999999998,0
Camo 录像 2026-01-27 05-16-34,23,0.7666666666666667,61.434055,61.614944,107.25,0
Camo 录像 2026-01-27 05-16-34,24,0.8,61.867527,61.856056,109.43,0
Camo 录像 2026-01-27 05-16-34,25,0.8333333333333334,62.315018,62.098656,112.03999999999996,0
Camo 录像 2026-01-27 05-16-34,26,0.8666666666666667,62.763756,62.330475,113.87,0
Camo 录像 2026-01-27 05-16-34,27,0.9,63.169167,62.57868,115.80000000000001,0
Camo 录像 2026-01-27 05-16-34,28,0.9333333333333333,63.567566,62.81952,117.23000000000002,0
Camo 录像 2026-01-27 05-16-34,29,0.9666666666666667,63.954273,63.044613,118.58999999999997,0
Camo 录像 2026-01-27 05-16-34,30,1.0,64.257904,63.300125,119.32,0
Camo 录像 2026-01-27 05-16-34,31,1.0333333333333334,64.55812,63.534092,119.13,0
Camo 录像 2026-01-27 05-16-34,32,1.0666666666666667,64.82134,63.774002,118.93,0
Camo 录像 2026-01-27 05-16-34,33,1.1,65.078125,63.984406,118.74000000000001,0
Camo 录像 2026-01-27 05-16-34,34,1.1333333333333333,65.301895,64.20336,118.45999999999998,0
Camo 录像 2026-01-27 05-16-34,35,1.1666666666666667,65.40944,64.47641,116.80000000000001,0
Camo 录像 2026-01-27 05-16-34,36,1.2,65.54345,64.75003,115.36000000000001,0
Camo 录像 2026-01-27 05-16-34,37,1.2333333333333334,65.67982,65.02565,114.25,0
Camo 录像 2026-01-27 05-16-34,38,1.2666666666666666,65.74672,65.336655,112.44999999999999,0
Camo 录像 2026-01-27 05-16-34,39,1.3,65.72576,65.66609,110.0,0
Camo 录像 2026-01-27 05-16-34,40,1.3333333333333333,65.74729,65.99986,107.83999999999997,0
Camo 录像 2026-01-27 05-16-34,41,1.3666666666666667,65.71117,66.34556,105.35000000000002,0
Camo 录像 2026-01-27 05-16-34,42,1.4,65.62157,66.708565,102.73000000000002,0
Camo 录像 2026-01-27 05-16-34,43,1.4333333333333333,65.54312,67.067375,100.44999999999999,0
Camo 录像 2026-01-27 05-16-34,44,1.4666666666666666,65.37886,67.44359,97.31,0
Camo 录像 2026-01-27 05-16-34,45,1.5,65.27997,67.821495,95.19,0
Camo 录像 2026-01-27 05-16-34,46,1.5333333333333334,65.11081,68.21624,92.48000000000002,0
Camo 录像 2026-01-27 05-16-34,47,1.5666666666666667,64.93169,68.60822,89.61000000000001,0
Camo 录像 2026-01-27 05-16-34,48,1.6,64.68866,68.96528,87.25,0
Camo 录像 2026-01-27 05-16-34,49,1.6333333333333333,64.48389,69.34219,84.88,0
Camo 录像 2026-01-27 05-16-34,50,1.6666666666666667,64.246346,69.734055,82.43,0
Camo 录像 2026-01-27 05-16-34,51,1.7,64.00249,70.11638,80.13999999999999,0
Camo 录像 2026-01-27 05-16-34,52,1.7333333333333334,64.00227,70.11648,80.13999999999999,0
Camo 录像 2026-01-27 05-16-34,53,1.7666666666666666,63.44686,70.86957,75.92000000000002,0
Camo 录像 2026-01-27 05-16-34,54,1.8,63.130795,71.23791,74.19,0
Camo 录像 2026-01-27 05-16-34,55,1.8333333333333333,62.78805,71.56661,72.05000000000001,0
Camo 录像 2026-01-27 05-16-34,56,1.8666666666666667,62.464294,71.95489,70.47999999999999,0
Camo 录像 2026-01-27 05-16-34,57,1.9,62.123344,72.27651,69.63,0
Camo 录像 2026-01-27 05-16-34,58,1.9333333333333333,61.812153,72.65029,68.88,0
Camo 录像 2026-01-27 05-16-34,59,1.9666666666666666,61.535614,72.97742,67.83999999999997,0
Camo 录像 2026-01-27 05-16-34,60,2.0,61.291405,73.33086,68.03,0
Camo 录像 2026-01-27 05-16-34,61,2.033333333333333,61.077408,73.679146,67.94,0
Camo 录像 2026-01-27 05-16-34,62,2.066666666666667,60.86987,73.95276,68.94999999999999,0
Camo 录像 2026-01-27 05-16-34,63,2.1,60.71158,74.33885,68.62,0
Camo 录像 2026-01-27 05-16-34,64,2.1333333333333333,60.571857,74.60461,69.5,0
Camo 录像 2026-01-27 05-16-34,65,2.1666666666666665,60.445316,74.96042,70.35,0
Camo 录像 2026-01-27 05-16-34,66,2.2,60.35426,75.269684,71.82999999999998,0
Camo 录像 2026-01-27 05-16-34,67,2.2333333333333334,60.30932,75.63285,73.53999999999999,0
Camo 录像 2026-01-27 05-16-34,68,2.2666666666666666,60.28906,75.94966,75.50999999999999,0
Camo 录像 2026-01-27 05-16-34,69,2.3,60.270657,76.278275,77.02999999999997,0
Camo 录像 2026-01-27 05-16-34,70,2.3333333333333335,60.291843,76.62782,79.24000000000001,0
Camo 录像 2026-01-27 05-16-34,71,2.3666666666666667,60.38225,77.015335,81.19,0
Camo 录像 2026-01-27 05-16-34,72,2.4,60.49005,77.39273,83.63999999999999,0
Camo 录像 2026-01-27 05-16-34,73,2.433333333333333,60.622627,77.75132,86.45999999999998,0
Camo 录像 2026-01-27 05-16-34,74,2.466666666666667,60.78321,78.16366,88.51999999999998,0
Camo 录像 2026-01-27 05-16-34,75,2.5,60.98053,78.54411,91.06,0
Camo 录像 2026-01-27 05-16-34,76,2.533333333333333,61.208675,78.98775,93.85000000000002,0
Camo 录像 2026-01-27 05-16-34,77,2.566666666666667,61.466232,79.428215,96.94999999999999,0
Camo 录像 2026-01-27 05-16-34,78,2.6,61.739464,79.791176,99.05000000000001,0
Camo 录像 2026-01-27 05-16-34,79,2.6333333333333333,62.04114,80.27293,101.94,0
Camo 录像 2026-01-27 05-16-34,80,2.6666666666666665,62.35536,80.69758,103.95999999999998,0
Camo 录像 2026-01-27 05-16-34,81,2.7,62.692574,81.20115,106.43,0
Camo 录像 2026-01-27 05-16-34,82,2.7333333333333334,62.692474,81.20074,106.43,0
Camo 录像 2026-01-27 05-16-34,83,2.7666666666666666,63.369926,82.04619,110.93,0
Camo 录像 2026-01-27 05-16-34,84,2.8,63.688072,82.40413,113.11000000000001,0
Camo 录像 2026-01-27 05-16-34,85,2.8333333333333335,64.035835,82.80019,114.50999999999999,0
Camo 录像 2026-01-27 05-16-34,86,2.8666666666666667,64.36684,83.16885,116.01999999999998,0
Camo 录像 2026-01-27 05-16-34,87,2.9,64.68845,83.52764,117.45999999999998,0
Camo 录像 2026-01-27 05-16-34,88,2.933333333333333,64.9738,83.80697,118.11000000000001,0
Camo 录像 2026-01-27 05-16-34,89,2.966666666666667,65.30012,84.311775,118.10000000000002,0
Camo 录像 2026-01-27 05-16-34,90,3.0,65.581345,84.69067,118.36000000000001,0
Camo 录像 2026-01-27 05-16-34,91,3.033333333333333,65.84958,84.99136,118.52999999999997,0
Camo 录像 2026-01-27 05-16-34,92,3.066666666666667,66.13881,85.407364,117.95999999999998,0
Camo 录像 2026-01-27 05-16-34,93,3.1,66.44221,85.8217,117.44999999999999,0
Camo 录像 2026-01-27 05-16-34,94,3.1333333333333333,66.725105,86.16869,116.65999999999997,0
Camo 录像 2026-01-27 05-16-34,95,3.1666666666666665,67.006676,86.54329,116.08999999999997,0
Camo 录像 2026-01-27 05-16-34,96,3.2,67.22331,86.79251,114.75,0
Camo 录像 2026-01-27 05-16-34,97,3.2333333333333334,67.45934,87.27588,113.68,0
Camo 录像 2026-01-27 05-16-34,98,3.2666666666666666,67.6576,87.709694,111.90999999999997,0
Camo 录像 2026-01-27 05-16-34,99,3.3,67.76888,88.121216,110.57,0
Camo 录像 2026-01-27 05-16-34,100,3.3333333333333335,67.85022,88.537926,107.88999999999999,0
Camo 录像 2026-01-27 05-16-34,101,3.3666666666666667,67.85308,88.91238,105.82,0
Camo 录像 2026-01-27 05-16-34,102,3.4,67.79478,89.31181,103.64999999999998,0
Camo 录像 2026-01-27 05-16-34,103,3.433333333333333,67.777306,90.002464,101.12,0
Camo 录像 2026-01-27 05-16-34,104,3.466666666666667,67.6339,90.40051,99.32,0
Camo 录像 2026-01-27 05-16-34,105,3.5,67.49052,90.83735,94.94,0
Camo 录像 2026-01-27 05-16-34,106,3.533333333333333,67.33459,91.402985,92.88999999999999,0
Camo 录像 2026-01-27 05-16-34,107,3.566666666666667,67.15552,91.904305,90.33999999999997,0
Camo 录像 2026-01-27 05-16-34,108,3.6,66.99413,92.47997,88.98000000000002,0
Camo 录像 2026-01-27 05-16-34,109,3.6333333333333333,66.81991,93.155624,85.67000000000002,0
Camo 录像 2026-01-27 05-16-34,110,3.6666666666666665,66.594696,93.67029,83.55000000000001,0
Camo 录像 2026-01-27 05-16-34,111,3.7,66.371506,94.1339,80.20999999999998,0
Camo 录像 2026-01-27 05-16-34,112,3.7333333333333334,66.3676,94.117935,80.19999999999999,0
Camo 录像 2026-01-27 05-16-34,113,3.7666666666666666,65.845566,95.00531,76.06,0
Camo 录像 2026-01-27 05-16-34,114,3.8,65.55522,95.39646,74.44999999999999,0
Camo 录像 2026-01-27 05-16-34,115,3.8333333333333335,65.33482,96.22934,73.07999999999998,0
Camo 录像 2026-01-27 05-16-34,116,3.8666666666666667,65.004,96.462234,72.50999999999999,0
Camo 录像 2026-01-27 05-16-34,117,3.9,64.72357,96.92761,69.87,0
Camo 录像 2026-01-27 05-16-34,118,3.933333333333333,64.44623,97.44642,69.53,0
Camo 录像 2026-01-27 05-16-34,119,3.966666666666667,64.33067,98.03027,71.06,0
Camo 录像 2026-01-27 05-17-17,0,0.0,61.0,61.0,90.0,0
Camo 录像 2026-01-27 05-17-17,1,0.03333333333333333,60.984135,61.02857,89.87,0
Camo 录像 2026-01-27 05-17-17,2,0.06666666666666667,60.977528,61.030872,89.76999999999998,0
Camo 录像 2026-01-27 05-17-17,3,0.1,60.934044,61.06422,89.41999999999996,0
Camo 录像 2026-01-27 05-17-17,4,0.13333333333333333,60.882015,61.085133,88.94999999999999,0
Camo 录像 2026-01-27 05-17-17,5,0.16666666666666666,60.814236,61.106823,88.41999999999996,0
Camo 录像 2026-01-27 05-17-17,6,0.2,60.715527,61.135735,88.0,0
Camo 录像 2026-01-27 05-17-17,7,0.23333333333333334,60.571335,61.13889,87.01999999999998,0
Camo 录像 2026-01-27 05-17-17,8,0.26666666666666666,60.41224,61.127384,86.32,0
Camo 录像 2026-01-27 05-17-17,9,0.3,60.24244,61.129368,85.57999999999998,0
Camo 录像 2026-01-27 05-17-17,10,0.3333333333333333,60.084496,61.10357,85.39999999999998,0
Camo 录像 2026-01-27 05-17-17,11,0.36666666666666664,59.950363,61.07213,85.38999999999999,0
Camo 录像 2026-01-27 05-17-17,12,0.4,59.84443,61.05331,85.58999999999997,0
Camo 录像 2026-01-27 05-17-17,13,0.43333333333333335,59.7558,61.058537,86.06,0
Camo 录像 2026-01-27 05-17-17,14,0.4666666666666667,59.694523,61.013798,86.88999999999999,0
Camo 录像 2026-01-27 05-17-17,15,0.5,59.669403,61.028378,88.40999999999997,0
Camo 录像 2026-01-27 05-17-17,16,0.5333333333333333,59.69792,61.00086,89.49000000000001,0
Camo 录像 2026-01-27 05-17-17,17,0.5666666666666667,59.743774,61.005207,91.37,0
Camo 录像 2026-01-27 05-17-17,18,0.6,59.83821,61.04615,92.97000000000003,0
Camo 录像 2026-01-27 05-17-17,19,0.6333333333333333,59.991882,61.117096,95.01999999999998,0
Camo 录像 2026-01-27 05-17-17,20,0.6666666666666666,60.230247,61.22601,97.25999999999999,0
Camo 录像 2026-01-27 05-17-17,21,0.7,60.519253,61.372574,100.0,0
Camo 录像 2026-01-27 05-17-17,22,0.7333333333333333,60.86404,61.53347,102.90999999999997,0
Camo 录像 2026-01-27 05-17-17,23,0.7666666666666667,61.23936,61.739243,105.69,0
Camo 录像 2026-01-27 05-17-17,24,0.8,61.640022,61.94507,108.15999999999997,0
Camo 录像 2026-01-27 05-17-17,25,0.8333333333333334,62.026295,62.203785,110.26999999999998,0
Camo 录像 2026-01-27 05-17-17,26,0.8666666666666667,62.462048,62.416977,112.57999999999998,0
Camo 录像 2026-01-27 05-17-17,27,0.9,62.864616,62.651997,114.80000000000001,0
Camo 录像 2026-01-27 05-17-17,28,0.9333333333333333,63.259487,62.901066,116.32999999999998,0
Camo 录像 2026-01-27 05-17-17,29,0.9666666666666667,63.648445,63.133003,117.26999999999998,0
Camo 录像 2026-01-27 05-17-17,30,1.0,64.01557,63.368656,117.90999999999997,0
Camo 录像 2026-01-27 05-17-17,31,1.0333333333333334,64.31488,63.631477,117.97000000000003,0
Camo 录像 2026-01-27 05-17-17,32,1.0666666666666667,64.61951,63.872635,118.13999999999999,0
Camo 录像 2026-01-27 05-17-17,33,1.1,64.85553,64.10871,118.38999999999999,0
Camo 录像 2026-01-27 05-17-17,34,1.1333333333333333,65.13286,64.317085,117.75999999999999,0
Camo 录像 2026-01-27 05-17-17,35,1.1666666666666667,65.34747,64.56729,116.88999999999999,0
Camo 录像 2026-01-27 05-17-17,36,1.2,65.49623,64.841194,115.87,0
Camo 录像 2026-01-27 05-17-17,37,1.2333333333333334,65.62181,65.11652,114.16999999999996,0
Camo 录像 2026-01-27 05-17-17,38,1.2666666666666666,65.67143,65.42832,112.23000000000002,0
Camo 录像 2026-01-27 05-17-17,39,1.3,65.696365,65.75226,110.32999999999998,0
Camo 录像 2026-01-27 05-17-17,40,1.3333333333333333,65.668884,66.086914,108.10000000000002,0
Camo 录像 2026-01-27 05-17-17,41,1.3666666666666667,65.60298,66.43637,104.90999999999997,0
Camo 录像 2026-01-27 05-17-17,42,1.4,65.55609,66.806015,102.81,0
Camo 录像 2026-01-27 05-17-17,43,1.4333333333333333,65.48764,67.16434,100.26999999999998,0
Camo 录像 2026-01-27 05-17-17,44,1.4666666666666666,65.37775,67.54184,97.58999999999997,0
Camo 录像 2026-01-27 05-17-17,45,1.5,65.24016,67.93135,95.05000000000001,0
Camo 录像 2026-01-27 05-17-17,46,1.5333333333333334,65.061066,68.31975,92.12,0
Camo 录像 2026-01-27 05-17-17,47,1.5666666666666667,64.89929,68.70543,89.76999999999998,0
Camo 录像 2026-01-27 05-17-17,48,1.6,64.68213,69.08812,87.31,0
Camo 录像 2026-01-27 05-17-17,49,1.6333333333333333,64.44179,69.469666,84.55000000000001,0
Camo 录像 2026-01-27 05-17-17,50,1.6666666666666667,64.18179,69.84711,82.30000000000001,0
Camo 录像 2026-01-27 05-17-17,51,1.7,63.91021,70.21826,80.05000000000001,0
Camo 录像 2026-01-27 05-17-17,52,1.7333333333333334,63.636658,70.58992,77.88,0
Camo 录像 2026-01-27 05-17-17,53,1.7666666666666666,63.364624,70.96419,75.47,0
Camo 录像 2026-01-27 05-17-17,54,1.8,63.07866,71.327286,73.57,0
Camo 录像 2026-01-27 05-17-17,55,1.8333333333333333,62.759716,71.652954,71.66,0
Camo 录像 2026-01-27 05-17-17,56,1.8666666666666667,62.449818,71.979965,69.89999999999998,0
Camo 录像 2026-01-27 05-17-17,57,1.9,62.1342,72.27402,68.25,0
Camo 录像 2026-01-27 05-17-17,58,1.9333333333333333,61.82637,72.62529,67.82,0
Camo 录像 2026-01-27 05-17-17,59,1.9666666666666666,61.538544,72.94644,67.19,0
Camo 录像 2026-01-27 05-17-17,60,2.0,61.272934,73.24484,66.70999999999998,0
Camo 录像 2026-01-27 05-17-17,61,2.033333333333333,61.00699,73.52014,67.32,0
Camo 录像 2026-01-27 05-17-17,62,2.066666666666667,60.7939,73.83093,66.89999999999998,0
Camo 录像 2026-01-27 05-17-17,63,2.1,60.577106,74.11508,67.53,0
Camo 录像 2026-01-27 05-17-17,64,2.1333333333333333,60.381886,74.41823,68.36000000000001,0
Camo 录像 2026-01-27 05-17-17,65,2.1666666666666665,60.199707,74.70018,69.19,0
Camo 录像 2026-01-27 05-17-17,66,2.2,60.072346,75.01671,70.28999999999999,0
Camo 录像 2026-01-27 05-17-17,67,2.2333333333333334,59.995235,75.41185,71.5,0
Camo 录像 2026-01-27 05-17-17,68,2.2666666666666666,59.926567,75.716324,73.28999999999999,0
Camo 录像 2026-01-27 05-17-17,69,2.3,59.89456,76.073166,74.82999999999998,0
Camo 录像 2026-01-27 05-17-17,70,2.3333333333333335,59.89926,76.41193,76.86000000000001,0
Camo 录像 2026-01-27 05-17-17,71,2.3666666666666667,59.951885,76.77348,79.07,0
Camo 录像 2026-01-27 05-17-17,72,2.4,60.041992,77.110794,81.64999999999998,0
Camo 录像 2026-01-27 05-17-17,73,2.433333333333333,60.169106,77.510284,84.06,0
Camo 录像 2026-01-27 05-17-17,74,2.466666666666667,60.313858,77.89473,86.38,0
Camo 录像 2026-01-27 05-17-17,75,2.5,60.471207,78.23816,89.76999999999998,0
Camo 录像 2026-01-27 05-17-17,76,2.533333333333333,60.705467,78.71858,91.31,0
Camo 录像 2026-01-27 05-17-17,77,2.566666666666667,60.947464,79.13507,93.83999999999997,0
Camo 录像 2026-01-27 05-17-17,78,2.6,61.218918,79.63382,96.61000000000001,0
Camo 录像 2026-01-27 05-17-17,79,2.6333333333333333,61.49325,80.04503,99.57,0
Camo 录像 2026-01-27 05-17-17,80,2.6666666666666665,61.804317,80.54437,102.19,0
Camo 录像 2026-01-27 05-17-17,81,2.7,62.124363,80.993195,104.02999999999997,0
Camo 录像 2026-01-27 05-17-17,82,2.7333333333333334,62.4315,81.409805,106.57,0
Camo 录像 2026-01-27 05-17-17,83,2.7666666666666666,62.76526,81.852325,108.38,0
Camo 录像 2026-01-27 05-17-17,84,2.8,63.074223,82.27925,110.32999999999998,0
Camo 录像 2026-01-27 05-17-17,85,2.8333333333333335,63.39921,82.69028,112.58999999999997,0
Camo 录像 2026-01-27 05-17-17,86,2.8666666666666667,63.73125,83.059586,114.24000000000001,0
Camo 录像 2026-01-27 05-17-17,87,2.9,64.009735,83.27934,115.32,0
Camo 录像 2026-01-27 05-17-17,88,2.933333333333333,64.325226,83.6886,116.06,0
Camo 录像 2026-01-27 05-17-17,89,2.966666666666667,64.617325,84.04549,117.03999999999996,0
Camo 录像 2026-01-27 05-17-17,90,3.0,64.93594,84.56555,117.07999999999998,0
Camo 录像 2026-01-27 05-17-17,91,3.033333333333333,65.21419,84.947754,117.08999999999997,0
Camo 录像 2026-01-27 05-17-17,92,3.066666666666667,65.433044,85.236496,116.44999999999999,0
Camo 录像 2026-01-27 05-17-17,93,3.1,65.670044,85.55603,115.88999999999999,0
Camo 录像 2026-01-27 05-17-17,94,3.1333333333333333,65.88664,85.87433,115.40999999999997,0
Camo 录像 2026-01-27 05-17-17,95,3.1666666666666665,66.12158,86.252975,114.88999999999999,0
Camo 录像 2026-01-27 05-17-17,96,3.2,66.373856,86.7525,113.58999999999997,0
Camo 录像 2026-01-27 05-17-17,97,3.2333333333333334,66.531494,87.12883,112.65999999999997,0
Camo 录像 2026-01-27 05-17-17,98,3.2666666666666666,66.702484,87.567535,110.94999999999999,0
Camo 录像 2026-01-27 05-17-17,99,3.3,66.804855,88.01091,109.10000000000002,0
Camo 录像 2026-01-27 05-17-17,100,3.3333333333333335,66.884155,88.4368,107.31,0
Camo 录像 2026-01-27 05-17-17,101,3.3666666666666667,66.86647,88.744995,105.81,0
Camo 录像 2026-01-27 05-17-17,102,3.4,66.82909,89.174835,102.69999999999999,0
Camo 录像 2026-01-27 05-17-17,103,3.433333333333333,66.79584,89.78047,99.94999999999999,0
Camo 录像 2026-01-27 05-17-17,104,3.466666666666667,66.697556,90.29675,96.98000000000002,0
Camo 录像 2026-01-27 05-17-17,105,3.5,66.51691,90.6387,94.38999999999999,0
Camo 录像 2026-01-27 05-17-17,106,3.533333333333333,66.390945,91.361404,92.43,0
Camo 录像 2026-01-27 05-17-17,107,3.566666666666667,66.15849,91.705826,88.55000000000001,0
Camo 录像 2026-01-27 05-17-17,108,3.6,65.983826,92.37161,87.81,0
Camo 录像 2026-01-27 05-17-17,109,3.6333333333333333,65.72258,92.80945,85.53999999999996,0
Camo 录像 2026-01-27 05-17-17,110,3.6666666666666665,65.41632,93.08652,81.18,0
Camo 录像 2026-01-27 05-17-17,111,3.7,65.18623,93.750656,80.98000000000002,0
Camo 录像 2026-01-27 05-17-17,112,3.7333333333333334,64.924774,94.25191,79.19,0
Camo 录像 2026-01-27 05-17-17,113,3.7666666666666666,64.63317,94.72763,76.61000000000001,0
Camo 录像 2026-01-27 05-17-17,114,3.8,64.347404,95.23416,74.89999999999998,0
Camo 录像 2026-01-27 05-17-17,115,3.8333333333333335,64.00747,95.39247,71.19999999999999,0
Camo 录像 2026-01-27 05-17-17,116,3.8666666666666667,63.702732,95.92145,69.44999999999999,0
Camo 录像 2026-01-27 05-17-17,117,3.9,63.378334,96.2836,68.38999999999999,0
Camo 录像 2026-01-27 05-17-17,118,3.933333333333333,63.083965,96.90874,69.41999999999999,0
Camo 录像 2026-01-27 05-17-17,119,3.966666666666667,62.80224,97.37961,70.11000000000001,0
Camo 录像 2026-01-27 05-18-00,0,0.0,61.0,61.0,90.0,0
Camo 录像 2026-01-27 05-18-00,1,0.03333333333333333,61.010048,61.03234,89.98000000000002,0
Camo 录像 2026-01-27 05-18-00,2,0.06666666666666667,61.014263,61.060204,89.82999999999998,0
Camo 录像 2026-01-27 05-18-00,3,0.1,60.94938,61.08831,89.16000000000003,0
Camo 录像 2026-01-27 05-18-00,4,0.13333333333333333,60.890083,61.11287,88.87,0
Camo 录像 2026-01-27 05-18-00,5,0.16666666666666666,60.77631,61.138336,88.57999999999998,0
Camo 录像 2026-01-27 05-18-00,6,0.2,60.66614,61.163635,87.93,0
Camo 录像 2026-01-27 05-18-00,7,0.23333333333333334,60.490158,61.1783,87.17000000000002,0
Camo 录像 2026-01-27 05-18-00,8,0.26666666666666666,60.33505,61.18358,86.43,0
Camo 录像 2026-01-27 05-18-00,9,0.3,60.15382,61.1848,85.5,0
Camo 录像 2026-01-27 05-18-00,10,0.3333333333333333,59.959072,61.176712,85.19999999999999,0
Camo 录像 2026-01-27 05-18-00,11,0.36666666666666664,59.79724,61.173485,85.10000000000002,0
Camo 录像 2026-01-27 05-18-00,12,0.4,59.645763,61.14985,85.75999999999999,0
Camo 录像 2026-01-27 05-18-00,13,0.43333333333333335,59.54943,61.145096,85.77999999999997,0
Camo 录像 2026-01-27 05-18-00,14,0.4666666666666667,59.43338,61.147263,86.25999999999999,0
Camo 录像 2026-01-27 05-18-00,15,0.5,59.34187,61.131325,87.12,0
Camo 录像 2026-01-27 05-18-00,16,0.5333333333333333,59.337955,61.14499,88.82,0
Camo 录像 2026-01-27 05-18-00,17,0.5666666666666667,59.35194,61.147186,90.97000000000003,0
Camo 录像 2026-01-27 05-18-00,18,0.6,59.36867,61.180008,91.94999999999999,0
Camo 录像 2026-01-27 05-18-00,19,0.6333333333333333,59.490276,61.25753,94.07999999999998,0
Camo 录像 2026-01-27 05-18-00,20,0.6666666666666666,59.652023,61.35029,96.74000000000001,0
Camo 录像 2026-01-27 05-18-00,21,0.7,59.92712,61.485054,99.39999999999998,0
Camo 录像 2026-01-27 05-18-00,22,0.7333333333333333,60.275826,61.663307,101.85000000000002,0
Camo 录像 2026-01-27 05-18-00,23,0.7666666666666667,60.624115,61.857643,104.61000000000001,0
Camo 录像 2026-01-27 05-18-00,24,0.8,61.049248,62.0651,107.27999999999997,0
Camo 录像 2026-01-27 05-18-00,25,0.8333333333333334,61.468906,62.31817,109.73000000000002,0
Camo 录像 2026-01-27 05-18-00,26,0.8666666666666667,61.903988,62.552032,111.80000000000001,0
Camo 录像 2026-01-27 05-18-00,27,0.9,62.32298,62.778854,113.89999999999998,0
Camo 录像 2026-01-27 05-18-00,28,0.9333333333333333,62.771847,63.023186,116.07,0
Camo 录像 2026-01-27 05-18-00,29,0.9666666666666667,63.204006,63.286964,117.22000000000003,0
Camo 录像 2026-01-27 05-18-00,30,1.0,63.585896,63.515213,117.73000000000002,0
Camo 录像 2026-01-27 05-18-00,31,1.0333333333333334,63.972225,63.79949,117.87,0
Camo 录像 2026-01-27 05-18-00,32,1.0666666666666667,64.30339,64.05356,117.98000000000002,0
Camo 录像 2026-01-27 05-18-00,33,1.1,64.57103,64.275154,117.63999999999999,0
Camo 录像 2026-01-27 05-18-00,34,1.1333333333333333,64.898224,64.51313,117.84000000000003,0
Camo 录像 2026-01-27 05-18-00,35,1.1666666666666667,65.12508,64.7527,117.0,0
Camo 录像 2026-01-27 05-18-00,36,1.2,65.36754,65.028114,115.98000000000002,0
Camo 录像 2026-01-27 05-18-00,37,1.2333333333333334,65.51785,65.30767,114.99000000000001,0
Camo 录像 2026-01-27 05-18-00,38,1.2666666666666666,65.64415,65.60577,113.12,0
Camo 录像 2026-01-27 05-18-00,39,1.3,65.73308,65.926094,111.23000000000002,0
Camo 录像 2026-01-27 05-18-00,40,1.3333333333333333,65.778076,66.26487,108.94999999999999,0
Camo 录像 2026-01-27 05-18-00,41,1.3666666666666667,65.77353,66.61553,106.52999999999997,0
Camo 录像 2026-01-27 05-18-00,42,1.4,65.67224,66.93338,104.21000000000004,0
Camo 录像 2026-01-27 05-18-00,43,1.4333333333333333,65.66759,67.32739,101.27999999999997,0
Camo 录像 2026-01-27 05-18-00,44,1.4666666666666666,65.58743,67.71365,99.38,0
Camo 录像 2026-01-27 05-18-00,45,1.5,65.476395,68.12303,96.24000000000001,0
Camo 录像 2026-01-27 05-18-00,46,1.5333333333333334,65.31441,68.50747,93.69,0
Camo 录像 2026-01-27 05-18-00,47,1.5666666666666667,65.137085,68.917244,90.82,0
Camo 录像 2026-01-27 05-18-00,48,1.6,64.98201,69.342316,88.09000000000003,0
Camo 录像 2026-01-27 05-18-00,49,1.6333333333333333,64.75778,69.73814,85.82999999999998,0
Camo 录像 2026-01-27 05-18-00,50,1.6666666666666667,64.5206,70.11455,82.93,0
Camo 录像 2026-01-27 05-18-00,51,1.7,64.28349,70.51996,80.86000000000001,0
Camo 录像 2026-01-27 05-18-00,52,1.7333333333333334,64.03558,70.924034,78.82999999999998,0
Camo 录像 2026-01-27 05-18-00,53,1.7666666666666666,63.720737,71.234886,75.94999999999999,0
Camo 录像 2026-01-27 05-18-00,54,1.8,63.503727,71.67965,74.31,0
Camo 录像 2026-01-27 05-18-00,55,1.8333333333333333,63.18378,71.996346,72.92000000000002,0
Camo 录像 2026-01-27 05-18-00,56,1.8666666666666667,62.920918,72.38267,70.25,0
Camo 录像 2026-01-27 05-18-00,57,1.9,62.598804,72.68522,69.49000000000001,0
Camo 录像 2026-01-27 05-18-00,58,1.9333333333333333,62.284367,72.980316,67.81,0
Camo 录像 2026-01-27 05-18-00,59,1.9666666666666666,62.02094,73.357574,67.36000000000001,0
Camo 录像 2026-01-27 05-18-00,60,2.0,61.760426,73.68926,66.98000000000002,0
Camo 录像 2026-01-27 05-18-00,61,2.033333333333333,61.50317,73.99787,66.98000000000002,0
Camo 录像 2026-01-27 05-18-00,62,2.066666666666667,61.257072,74.3033,67.19999999999999,0
Camo 录像 2026-01-27 05-18-00,63,2.1,61.025326,74.57791,67.02000000000001,0
Camo 录像 2026-01-27 05-18-00,64,2.1333333333333333,60.80195,74.84922,68.60000000000002,0
Camo 录像 2026-01-27 05-18-00,65,2.1666666666666665,60.643517,75.21193,68.62,0
Camo 录像 2026-01-27 05-18-00,66,2.2,60.472374,75.524666,70.35000000000002,0
Camo 录像 2026-01-27 05-18-00,67,2.2333333333333334,60.384068,75.90754,71.35000000000002,0
Camo 录像 2026-01-27 05-18-00,68,2.2666666666666666,60.2854,76.15075,72.48000000000002,0
Camo 录像 2026-01-27 05-18-00,69,2.3,60.24394,76.486244,75.49000000000001,0
Camo 录像 2026-01-27 05-18-00,70,2.3333333333333335,60.2562,76.885796,76.38,0
Camo 录像 2026-01-27 05-18-00,71,2.3666666666666667,60.267788,77.19906,79.39999999999998,0
Camo 录像 2026-01-27 05-18-00,72,2.4,60.35696,77.54371,80.51999999999998,0
Camo 录像 2026-01-27 05-18-00,73,2.433333333333333,60.50654,77.99599,83.57,0
Camo 录像 2026-01-27 05-18-00,74,2.466666666666667,60.60663,78.22318,85.48000000000002,0
Camo 录像 2026-01-27 05-18-00,75,2.5,60.809906,78.759315,89.01999999999998,0
Camo 录像 2026-01-27 05-18-00,76,2.533333333333333,61.032005,79.18332,90.75,0
Camo 录像 2026-01-27 05-18-00,77,2.566666666666667,61.261234,79.580696,94.5,0
Camo 录像 2026-01-27 05-18-00,78,2.6,61.534756,80.05396,96.38,0
Camo 录像 2026-01-27 05-18-00,79,2.6333333333333333,61.81206,80.493126,98.64999999999998,0
Camo 录像 2026-01-27 05-18-00,80,2.6666666666666665,62.10808,80.98273,101.30000000000001,0
Camo 录像 2026-01-27 05-18-00,81,2.7,62.38882,81.35732,104.35000000000002,0
Camo 录像 2026-01-27 05-18-00,82,2.7333333333333334,62.67026,81.75056,105.93,0
Camo 录像 2026-01-27 05-18-00,83,2.7666666666666666,62.93957,82.04646,107.62,0
Camo 录像 2026-01-27 05-18-00,84,2.8,63.267384,82.505554,109.13,0
Camo 录像 2026-01-27 05-18-00,85,2.8333333333333335,63.575832,82.86837,111.37,0
Camo 录像 2026-01-27 05-18-00,86,2.8666666666666667,63.901073,83.26508,113.29000000000002,0
Camo 录像 2026-01-27 05-18-00,87,2.9,64.265305,83.69305,114.84000000000003,0
Camo 录像 2026-01-27 05-18-00,88,2.933333333333333,64.613754,84.11293,116.01999999999998,0
Camo 录像 2026-01-27 05-18-00,89,2.966666666666667,64.93872,84.51532,116.51999999999998,0
Camo 录像 2026-01-27 05-18-00,90,3.0,65.20665,84.82399,118.04000000000002,0
Camo 录像 2026-01-27 05-18-00,91,3.033333333333333,65.51062,85.281525,117.25,0
Camo 录像 2026-01-27 05-18-00,92,3.066666666666667,65.72267,85.53195,117.38,0
Camo 录像 2026-01-27 05-18-00,93,3.1,65.93675,85.82997,116.11000000000001,0
Camo 录像 2026-01-27 05-18-00,94,3.1333333333333333,66.20746,86.288055,115.69999999999999,0
Camo 录像 2026-01-27 05-18-00,95,3.1666666666666665,66.475845,86.77067,115.27999999999997,0
Camo 录像 2026-01-27 05-18-00,96,3.2,66.66327,87.06578,114.51999999999998,0
Camo 录像 2026-01-27 05-18-00,97,3.2333333333333334,66.83249,87.4514,114.29000000000002,0
Camo 录像 2026-01-27 05-18-00,98,3.2666666666666666,66.990036,87.82658,110.92000000000002,0
Camo 录像 2026-01-27 05-18-00,99,3.3,67.033585,88.05418,109.50999999999999,0
Camo 录像 2026-01-27 05-18-00,100,3.3333333333333335,67.13779,88.52717,107.51999999999998,0
Camo 录像 2026-01-27 05-18-00,101,3.3666666666666667,67.29294,89.19265,106.44999999999999,0
Camo 录像 2026-01-27 05-18-00,102,3.4,67.29491,89.61753,103.29000000000002,0
Camo 录像 2026-01-27 05-18-00,103,3.433333333333333,67.24391,90.11447,101.91000000000003,0
Camo 录像 2026-01-27 05-18-00,104,3.466666666666667,67.04556,90.33161,98.09000000000003,0
Camo 录像 2026-01-27 05-18-00,105,3.5,67.005905,91.04145,97.02999999999997,0
Camo 录像 2026-01-27 05-18-00,106,3.533333333333333,66.848175,91.53409,94.86000000000001,0
Camo 录像 2026-01-27 05-18-00,107,3.566666666666667,66.59294,91.84954,90.50999999999999,0
Camo 录像 2026-01-27 05-18-00,108,3.6,66.39635,92.4164,89.93,0
Camo 录像 2026-01-27 05-18-00,109,3.6333333333333333,66.30733,93.30584,85.52999999999997,0
Camo 录像 2026-01-27 05-18-00,110,3.6666666666666665,66.01967,93.66062,84.0,0
Camo 录像 2026-01-27 05-18-00,111,3.7,65.80789,94.32192,80.63999999999999,0
Camo 录像 2026-01-27 05-18-00,112,3.7333333333333334,65.42424,94.44575,77.57,0
Camo 录像 2026-01-27 05-18-00,113,3.7666666666666666,65.101135,94.80006,75.25999999999999,0
Camo 录像 2026-01-27 05-18-00,114,3.8,64.842514,95.409744,73.04000000000002,0
Camo 录像 2026-01-27 05-18-00,115,3.8333333333333335,64.60701,96.18559,72.27000000000001,0
Camo 录像 2026-01-27 05-18-00,116,3.8666666666666667,64.206116,96.33645,68.99000000000001,0
Camo 录像 2026-01-27 05-18-00,117,3.9,63.959515,97.099915,69.02000000000001,0
Camo 录像 2026-01-27 05-18-00,118,3.933333333333333,63.549206,97.18181,66.92000000000002,0
Camo 录像 2026-01-27 05-18-00,119,3.966666666666667,63.177967,97.35547,66.61000000000001,0
Camo 录像 2026-01-27 05-18-45,0,0.0,61.0,61.0,90.0,0
Camo 录像 2026-01-27 05-18-45,1,0.03333333333333333,61.00068,61.018543,89.94,0
Camo 录像 2026-01-27 05-18-45,2,0.06666666666666667,61.00161,61.01814,89.94,0
Camo 录像 2026-01-27 05-18-45,3,0.1,60.943863,61.070923,89.5,0
Camo 录像 2026-01-27 05-18-45,4,0.13333333333333333,60.94738,61.068687,89.50999999999999,0
Camo 录像 2026-01-27 05-18-45,5,0.16666666666666666,60.76822,61.100643,88.24000000000001,0
Camo 录像 2026-01-27 05-18-45,6,0.2,60.61442,61.114307,87.56,0
Camo 录像 2026-01-27 05-18-45,7,0.23333333333333334,60.61494,61.113903,87.56,0
Camo 录像 2026-01-27 05-18-45,8,0.26666666666666666,60.258793,61.136955,86.06,0
Camo 录像 2026-01-27 05-18-45,9,0.3,60.10578,61.11593,86.19,0
Camo 录像 2026-01-27 05-18-45,10,0.3333333333333333,59.9617,61.098595,86.06,0
Camo 录像 2026-01-27 05-18-45,11,0.36666666666666664,59.9617,61.098698,86.06,0
Camo 录像 2026-01-27 05-18-45,12,0.4,59.771347,61.049206,86.89999999999998,0
Camo 录像 2026-01-27 05-18-45,13,0.43333333333333335,59.685635,61.01822,87.78999999999996,0
Camo 录像 2026-01-27 05-18-45,14,0.4666666666666667,59.66367,60.997005,88.86000000000001,0
Camo 录像 2026-01-27 05-18-45,15,0.5,59.663876,60.99701,88.87,0
Camo 录像 2026-01-27 05-18-45,16,0.5333333333333333,59.763397,60.945866,92.37,0
Camo 录像 2026-01-27 05-18-45,17,0.5666666666666667,59.87746,60.984226,94.12,0
Camo 录像 2026-01-27 05-18-45,18,0.6,60.079937,61.02384,96.15999999999997,0
Camo 录像 2026-01-27 05-18-45,19,0.6333333333333333,60.080143,61.023846,96.15999999999997,0
Camo 录像 2026-01-27 05-18-45,20,0.6666666666666666,60.723965,61.233353,101.38999999999999,0
Camo 录像 2026-01-27 05-18-45,21,0.7,60.721077,61.23415,101.43,0
Camo 录像 2026-01-27 05-18-45,22,0.7333333333333333,61.571175,61.536983,107.02999999999997,0
Camo 录像 2026-01-27 05-18-45,23,0.7666666666666667,62.044052,61.713074,109.67000000000002,0
Camo 录像 2026-01-27 05-18-45,24,0.8,62.504402,61.915314,111.86000000000001,0
Camo 录像 2026-01-27 05-18-45,25,0.8333333333333334,63.014374,62.082615,114.14999999999998,0
Camo 录像 2026-01-27 05-18-45,26,0.8666666666666667,63.44545,62.284084,116.28999999999996,0
Camo 录像 2026-01-27 05-18-45,27,0.9,63.9177,62.46361,117.86000000000001,0
Camo 录像 2026-01-27 05-18-45,28,0.9333333333333333,64.33845,62.649864,118.52999999999997,0
Camo 录像 2026-01-27 05-18-45,29,0.9666666666666667,64.716125,62.841278,119.07999999999998,0
Camo 录像 2026-01-27 05-18-45,30,1.0,65.04525,63.055923,119.50999999999999,0
Camo 录像 2026-01-27 05-18-45,31,1.0333333333333334,65.353004,63.250904,119.48000000000002,0
Camo 录像 2026-01-27 05-18-45,32,1.0666666666666667,65.58473,63.436096,118.45999999999998,0
Camo 录像 2026-01-27 05-18-45,33,1.1,65.863625,63.610733,118.23000000000002,0
Camo 录像 2026-01-27 05-18-45,34,1.1333333333333333,66.172165,63.8177,117.75,0
Camo 录像 2026-01-27 05-18-45,35,1.1666666666666667,66.36901,64.05821,116.72000000000003,0
Camo 录像 2026-01-27 05-18-45,36,1.2,66.502495,64.31554,114.98000000000002,0
Camo 录像 2026-01-27 05-18-45,37,1.2333333333333334,66.635216,64.593994,113.24000000000001,0
Camo 录像 2026-01-27 05-18-45,38,1.2666666666666666,66.640884,64.59384,113.24000000000001,0
Camo 录像 2026-01-27 05-18-45,39,1.3,66.72059,64.90899,111.27999999999997,0
Camo 录像 2026-01-27 05-18-45,40,1.3333333333333333,66.76225,65.228424,108.88,0
Camo 录像 2026-01-27 05-18-45,41,1.3666666666666667,66.74185,65.56828,106.19,0
Camo 录像 2026-01-27 05-18-45,42,1.4,66.67659,65.942764,104.31,0
Camo 录像 2026-01-27 05-18-45,43,1.4333333333333333,66.66328,66.31282,101.59000000000003,0
Camo 录像 2026-01-27 05-18-45,44,1.4666666666666666,66.49737,67.09325,96.01999999999998,0
Camo 录像 2026-01-27 05-18-45,45,1.5,66.37523,67.49373,93.00999999999999,0
Camo 录像 2026-01-27 05-18-45,46,1.5333333333333334,66.20791,67.88542,90.89999999999998,0
Camo 录像 2026-01-27 05-18-45,47,1.5666666666666667,66.09743,68.29729,88.09000000000003,0
Camo 录像 2026-01-27 05-18-45,48,1.6,66.04035,68.281265,87.76999999999998,0
Camo 录像 2026-01-27 05-18-45,49,1.6333333333333333,65.74828,69.07413,83.40999999999997,0
Camo 录像 2026-01-27 05-18-45,50,1.6666666666666667,65.61344,69.47476,80.81,0
Camo 录像 2026-01-27 05-18-45,51,1.7,65.613335,69.47476,80.80000000000001,0
Camo 录像 2026-01-27 05-18-45,52,1.7333333333333334,65.41487,69.852615,78.86000000000001,0
Camo 录像 2026-01-27 05-18-45,53,1.7666666666666666,65.202,70.24014,76.74000000000001,0
Camo 录像 2026-01-27 05-18-45,54,1.8,64.94737,70.588684,74.75999999999999,0
Camo 录像 2026-01-27 05-18-45,55,1.8333333333333333,64.457054,71.32706,71.19999999999999,0
Camo 录像 2026-01-27 05-18-45,56,1.8666666666666667,64.17787,71.662186,69.98000000000002,0
Camo 录像 2026-01-27 05-18-45,57,1.9,63.94732,72.03917,69.20999999999998,0
Camo 录像 2026-01-27 05-18-45,58,1.9333333333333333,63.663185,72.347046,68.32,0
Camo 录像 2026-01-27 05-18-45,59,1.9666666666666666,63.652725,72.33972,68.31,0
Camo 录像 2026-01-27 05-18-45,60,2.0,63.447876,72.709656,68.6,0
Camo 录像 2026-01-27 05-18-45,61,2.033333333333333,63.020058,73.37637,68.73000000000002,0
Camo 录像 2026-01-27 05-18-45,62,2.066666666666667,62.800415,73.682755,68.89999999999998,0
Camo 录像 2026-01-27 05-18-45,63,2.1,62.57612,73.96321,69.07999999999998,0
Camo 录像 2026-01-27 05-18-45,64,2.1333333333333333,62.58082,73.96904,69.22,0
Camo 录像 2026-01-27 05-18-45,65,2.1666666666666665,62.3572,74.64964,71.87,0
Camo 录像 2026-01-27 05-18-45,66,2.2,62.264732,74.95282,74.19999999999999,0
Camo 录像 2026-01-27 05-18-45,67,2.2333333333333334,62.28569,74.97429,73.57,0
Camo 录像 2026-01-27 05-18-45,68,2.2666666666666666,62.24478,75.28717,75.80000000000001,0
Camo 录像 2026-01-27 05-18-45,69,2.3,62.30951,75.95184,78.94999999999999,0
Camo 录像 2026-01-27 05-18-45,70,2.3333333333333335,62.441185,76.31113,81.39999999999998,0
Camo 录像 2026-01-27 05-18-45,71,2.3666666666666667,62.558434,76.60248,84.65999999999997,0
Camo 录像 2026-01-27 05-18-45,72,2.4,62.752724,76.984924,87.17000000000002,0
Camo 录像 2026-01-27 05-18-45,73,2.433333333333333,63.007805,77.39847,89.09000000000003,0
Camo 录像 2026-01-27 05-18-45,74,2.466666666666667,63.241905,77.74094,91.22000000000003,0
Camo 录像 2026-01-27 05-18-45,75,2.5,63.487175,78.06619,94.25999999999999,0
Camo 录像 2026-01-27 05-18-45,76,2.533333333333333,63.81382,78.499756,97.55000000000001,0
Camo 录像 2026-01-27 05-18-45,77,2.566666666666667,64.159546,78.921906,99.63,0
Camo 录像 2026-01-27 05-18-45,78,2.6,64.49698,79.29805,101.67000000000002,0
Camo 录像 2026-01-27 05-18-45,79,2.6333333333333333,64.78701,79.61934,104.27999999999997,0
Camo 录像 2026-01-27 05-18-45,80,2.6666666666666665,65.16987,80.037,107.22000000000003,0
Camo 录像 2026-01-27 05-18-45,81,2.7,65.20304,80.09682,107.09000000000003,0
Camo 录像 2026-01-27 05-18-45,82,2.7333333333333334,65.816605,80.686584,110.77999999999997,0
Camo 录像 2026-01-27 05-18-45,83,2.7666666666666666,65.818344,80.68826,110.80000000000001,0
Camo 录像 2026-01-27 05-18-45,84,2.8,66.61052,81.476395,113.80000000000001,0
Camo 录像 2026-01-27 05-18-45,85,2.8333333333333335,66.61103,81.477325,113.80000000000001,0
Camo 录像 2026-01-27 05-18-45,86,2.8666666666666667,66.997444,81.81145,116.44999999999999,0
Camo 录像 2026-01-27 05-18-45,87,2.9,67.72247,82.44031,118.19,0
Camo 录像 2026-01-27 05-18-45,88,2.933333333333333,68.06454,82.75688,118.95999999999998,0
Camo 录像 2026-01-27 05-18-45,89,2.966666666666667,68.061584,82.75159,118.87,0
Camo 录像 2026-01-27 05-18-45,90,3.0,68.41016,83.11308,119.19999999999999,0
Camo 录像 2026-01-27 05-18-45,91,3.033333333333333,69.02324,83.74394,118.25,0
Camo 录像 2026-01-27 05-18-45,92,3.066666666666667,69.02773,83.749985,118.25,0
Camo 录像 2026-01-27 05-18-45,93,3.1,69.28651,84.02548,118.51999999999998,0
Camo 录像 2026-01-27 05-18-45,94,3.1333333333333333,69.56691,84.33707,117.57,0
Camo 录像 2026-01-27 05-18-45,95,3.1666666666666665,69.78789,84.57738,117.35000000000002,0
Camo 录像 2026-01-27 05-18-45,96,3.2,70.34687,85.4005,114.14999999999998,0
Camo 录像 2026-01-27 05-18-45,97,3.2333333333333334,70.479454,85.68373,112.75,0
Camo 录像 2026-01-27 05-18-45,98,3.2666666666666666,70.47577,85.67914,112.84000000000003,0
Camo 录像 2026-01-27 05-18-45,99,3.3,70.72162,86.42839,107.99000000000001,0
Camo 录像 2026-01-27 05-18-45,100,3.3333333333333335,70.89725,86.97995,106.73000000000002,0
Camo 录像 2026-01-27 05-18-45,101,3.3666666666666667,70.86686,86.94139,106.44999999999999,0
Camo 录像 2026-01-27 05-18-45,102,3.4,70.743,87.1776,103.36000000000001,0
Camo 录像 2026-01-27 05-18-45,103,3.433333333333333,70.83457,88.38408,98.94,0
Camo 录像 2026-01-27 05-18-45,104,3.466666666666667,70.78092,88.95535,96.23000000000002,0
Camo 录像 2026-01-27 05-18-45,105,3.5,70.493935,89.20743,92.74000000000001,0
Camo 录像 2026-01-27 05-18-45,106,3.533333333333333,70.38097,89.771194,89.93,0
Camo 录像 2026-01-27 05-18-45,107,3.566666666666667,70.35169,89.735504,92.37,0
Camo 录像 2026-01-27 05-18-45,108,3.6,69.984406,90.74567,84.75999999999999,0
Camo 录像 2026-01-27 05-18-45,109,3.6333333333333333,69.99552,90.76492,84.74000000000001,0
Camo 录像 2026-01-27 05-18-45,110,3.6666666666666665,69.7467,91.22232,84.99000000000001,0
Camo 录像 2026-01-27 05-18-45,111,3.7,69.55356,91.789154,82.69999999999999,0
Camo 录像 2026-01-27 05-18-45,112,3.7333333333333334,69.0293,92.69261,75.68,0
Camo 录像 2026-01-27 05-18-45,113,3.7666666666666666,68.75627,93.15054,73.5,0
Camo 录像 2026-01-27 05-18-45,114,3.8,68.59706,93.846756,72.25999999999999,0
Camo 录像 2026-01-27 05-18-45,115,3.8333333333333335,68.236336,94.148285,70.24000000000001,0
Camo 录像 2026-01-27 05-18-45,116,3.8666666666666667,67.96628,94.648224,71.16,0
Camo 录像 2026-01-27 05-18-45,117,3.9,67.70588,95.15376,70.00999999999999,0
Camo 录像 2026-01-27 05-18-45,118,3.933333333333333,67.68221,95.09981,70.30000000000001,0
Camo 录像 2026-01-27 05-18-45,119,3.966666666666667,67.47118,95.64307,69.17000000000002,0
Camo 录像 2026-01-27 05-19-29,0,0.0,61.0,61.0,90.0,0
Camo 录像 2026-01-27 05-19-29,1,0.03333333333333333,60.964436,61.045788,90.47000000000003,0
Camo 录像 2026-01-27 05-19-29,2,0.06666666666666667,60.9513,61.040924,89.74000000000001,0
Camo 录像 2026-01-27 05-19-29,3,0.1,60.89584,61.064587,89.18,0
Camo 录像 2026-01-27 05-19-29,4,0.13333333333333333,60.834778,61.067913,88.98000000000002,0
Camo 录像 2026-01-27 05-19-29,5,0.16666666666666666,60.719604,61.093266,88.49000000000001,0
Camo 录像 2026-01-27 05-19-29,6,0.2,60.548435,61.10634,88.0,0
Camo 录像 2026-01-27 05-19-29,7,0.23333333333333334,60.38513,61.101055,86.98000000000002,0
Camo 录像 2026-01-27 05-19-29,8,0.26666666666666666,60.207085,61.08657,86.41000000000003,0
Camo 录像 2026-01-27 05-19-29,9,0.3,60.0185,61.077026,85.68,0
Camo 录像 2026-01-27 05-19-29,10,0.3333333333333333,59.858334,61.05406,85.75,0
Camo 录像 2026-01-27 05-19-29,11,0.36666666666666664,59.732056,61.04018,85.72000000000003,0
Camo 录像 2026-01-27 05-19-29,12,0.4,59.634228,61.021423,86.32,0
Camo 录像 2026-01-27 05-19-29,13,0.43333333333333335,59.54956,61.003925,86.88999999999999,0
Camo 录像 2026-01-27 05-19-29,14,0.4666666666666667,59.499718,61.007973,87.64999999999998,0
Camo 录像 2026-01-27 05-19-29,15,0.5,59.50036,61.01807,89.42000000000002,0
Camo 录像 2026-01-27 05-19-29,16,0.5333333333333333,59.533566,61.03528,91.29000000000002,0
Camo 录像 2026-01-27 05-19-29,17,0.5666666666666667,59.601894,61.07527,93.02999999999997,0
Camo 录像 2026-01-27 05-19-29,18,0.6,59.704617,61.164406,94.74000000000001,0
Camo 录像 2026-01-27 05-19-29,19,0.6333333333333333,59.919903,61.283875,96.94,0
Camo 录像 2026-01-27 05-19-29,20,0.6666666666666666,60.19249,61.434277,99.80000000000001,0
Camo 录像 2026-01-27 05-19-29,21,0.7,60.191353,61.434986,99.79000000000002,0
Camo 录像 2026-01-27 05-19-29,22,0.7333333333333333,60.864513,61.865475,105.42000000000002,0
Camo 录像 2026-01-27 05-19-29,23,0.7666666666666667,61.254116,62.102932,108.07,0
Camo 录像 2026-01-27 05-19-29,24,0.8,61.663208,62.37932,110.31,0
Camo 录像 2026-01-27 05-19-29,25,0.8333333333333334,62.093613,62.632862,112.38999999999999,0
Camo 录像 2026-01-27 05-19-29,26,0.8666666666666667,62.51645,62.883667,114.62,0
Camo 录像 2026-01-27 05-19-29,27,0.9,62.943783,63.14288,116.38,0
Camo 录像 2026-01-27 05-19-29,28,0.9333333333333333,63.360397,63.394176,117.59000000000003,0
Camo 录像 2026-01-27 05-19-29,29,0.9666666666666667,63.744087,63.64548,118.50999999999999,0
Camo 录像 2026-01-27 05-19-29,30,1.0,64.06703,63.91218,118.41000000000003,0
Camo 录像 2026-01-27 05-19-29,31,1.0333333333333334,64.39114,64.16376,118.88999999999999,0
Camo 录像 2026-01-27 05-19-29,32,1.0666666666666667,64.70558,64.39043,118.50999999999999,0
Camo 录像 2026-01-27 05-19-29,33,1.1,64.96512,64.605545,118.56,0
Camo 录像 2026-01-27 05-19-29,34,1.1333333333333333,65.20636,64.84563,117.62,0
Camo 录像 2026-01-27 05-19-29,35,1.1666666666666667,65.38632,65.113266,116.66000000000003,0
Camo 录像 2026-01-27 05-19-29,36,1.2,65.54617,65.39957,115.21000000000004,0
Camo 录像 2026-01-27 05-19-29,37,1.2333333333333334,65.58464,65.68016,113.5,0
Camo 录像 2026-01-27 05-19-29,38,1.2666666666666666,65.67381,65.99652,110.92000000000002,0
Camo 录像 2026-01-27 05-19-29,39,1.3,65.698395,66.32843,109.22000000000003,0
Camo 录像 2026-01-27 05-19-29,40,1.3333333333333333,65.70662,66.671646,106.67000000000002,0
Camo 录像 2026-01-27 05-19-29,41,1.3666666666666667,65.63316,66.98767,103.89999999999998,0
Camo 录像 2026-01-27 05-19-29,42,1.4,65.61148,67.3602,101.81,0
Camo 录像 2026-01-27 05-19-29,43,1.4333333333333333,65.489334,67.69618,98.72000000000003,0
Camo 录像 2026-01-27 05-19-29,44,1.4666666666666666,65.38362,68.07976,96.43,0
Camo 录像 2026-01-27 05-19-29,45,1.5,65.202515,68.44589,93.5,0
Camo 录像 2026-01-27 05-19-29,46,1.5333333333333334,65.01535,68.822296,91.17000000000002,0
Camo 录像 2026-01-27 05-19-29,47,1.5666666666666667,64.80614,69.19942,88.86000000000001,0
Camo 录像 2026-01-27 05-19-29,48,1.6,64.55908,69.59091,85.87,0
Camo 录像 2026-01-27 05-19-29,49,1.6333333333333333,64.26143,69.957275,83.50999999999999,0
Camo 录像 2026-01-27 05-19-29,50,1.6666666666666667,63.989483,70.31659,80.80000000000001,0
Camo 录像 2026-01-27 05-19-29,51,1.7,63.991833,70.3194,80.82,0
Camo 录像 2026-01-27 05-19-29,52,1.7333333333333334,63.391315,71.069016,76.77999999999997,0
Camo 录像 2026-01-27 05-19-29,53,1.7666666666666666,63.050705,71.39198,75.18,0
Camo 录像 2026-01-27 05-19-29,54,1.8,62.781254,71.79724,72.86000000000001,0
Camo 录像 2026-01-27 05-19-29,55,1.8333333333333333,62.4385,72.10286,70.79000000000002,0
Camo 录像 2026-01-27 05-19-29,56,1.8666666666666667,62.12187,72.43948,69.30000000000001,0
Camo 录像 2026-01-27 05-19-29,57,1.9,61.812428,72.76526,68.32,0
Camo 录像 2026-01-27 05-19-29,58,1.9333333333333333,61.507137,73.034134,67.60000000000002,0
Camo 录像 2026-01-27 05-19-29,59,1.9666666666666666,61.255756,73.37732,67.43,0
Camo 录像 2026-01-27 05-19-29,60,2.0,61.005203,73.65378,67.13999999999999,0
Camo 录像 2026-01-27 05-19-29,61,2.033333333333333,60.763844,73.93942,67.42000000000002,0
Camo 录像 2026-01-27 05-19-29,62,2.066666666666667,60.541504,74.20381,67.50999999999999,0
Camo 录像 2026-01-27 05-19-29,63,2.1,60.324596,74.484024,68.25999999999999,0
Camo 录像 2026-01-27 05-19-29,64,2.1333333333333333,60.146088,74.754135,68.37,0
Camo 录像 2026-01-27 05-19-29,65,2.1666666666666665,59.999317,75.06201,69.88999999999999,0
Camo 录像 2026-01-27 05-19-29,66,2.2,59.88898,75.36049,71.75999999999999,0
Camo 录像 2026-01-27 05-19-29,67,2.2333333333333334,59.811344,75.731,73.63,0
Camo 录像 2026-01-27 05-19-29,68,2.2666666666666666,59.746563,76.052444,75.25,0
Camo 录像 2026-01-27 05-19-29,69,2.3,59.72179,76.36896,77.07999999999998,0
Camo 录像 2026-01-27 05-19-29,70,2.3333333333333335,59.73911,76.7047,79.09000000000003,0
Camo 录像 2026-01-27 05-19-29,71,2.3666666666666667,59.79291,77.05208,81.89999999999998,0
Camo 录像 2026-01-27 05-19-29,72,2.4,59.88343,77.34299,84.46000000000004,0
Camo 录像 2026-01-27 05-19-29,73,2.433333333333333,60.02665,77.77162,86.76999999999998,0
Camo 录像 2026-01-27 05-19-29,74,2.466666666666667,60.18712,78.15764,89.25,0
Camo 录像 2026-01-27 05-19-29,75,2.5,60.403347,78.56923,91.64999999999998,0
Camo 录像 2026-01-27 05-19-29,76,2.533333333333333,60.651306,79.01051,94.61000000000001,0
Camo 录像 2026-01-27 05-19-29,77,2.566666666666667,60.92817,79.43509,96.93,0
Camo 录像 2026-01-27 05-19-29,78,2.6,61.23556,79.9388,99.82,0
Camo 录像 2026-01-27 05-19-29,79,2.6333333333333333,61.53281,80.3331,102.69,0
Camo 录像 2026-01-27 05-19-29,80,2.6666666666666665,61.865173,80.787186,104.74000000000001,0
Camo 录像 2026-01-27 05-19-29,81,2.7,61.861416,80.78032,104.69999999999999,0
Camo 录像 2026-01-27 05-19-29,82,2.7333333333333334,62.481926,81.47386,110.36000000000001,0
Camo 录像 2026-01-27 05-19-29,83,2.7666666666666666,62.860027,81.996994,111.18,0
Camo 录像 2026-01-27 05-19-29,84,2.8,63.211044,82.45462,112.44999999999999,0
Camo 录像 2026-01-27 05-19-29,85,2.8333333333333335,63.559395,82.79358,113.79000000000002,0
Camo 录像 2026-01-27 05-19-29,86,2.8666666666666667,63.925655,83.16716,115.88,0
Camo 录像 2026-01-27 05-19-29,87,2.9,64.26691,83.5251,117.41000000000003,0
Camo 录像 2026-01-27 05-19-29,88,2.933333333333333,64.6199,83.95543,117.37,0
Camo 录像 2026-01-27 05-19-29,89,2.966666666666667,64.92804,84.25377,117.23000000000002,0
Camo 录像 2026-01-27 05-19-29,90,3.0,65.17816,84.50937,117.96000000000004,0
Camo 录像 2026-01-27 05-19-29,91,3.033333333333333,65.47069,84.91185,117.72000000000003,0
Camo 录像 2026-01-27 05-19-29,92,3.066666666666667,65.743,85.3069,117.61000000000001,0
Camo 录像 2026-01-27 05-19-29,93,3.1,65.93086,85.5067,116.67000000000002,0
Camo 录像 2026-01-27 05-19-29,94,3.1333333333333333,66.189835,85.976074,116.25,0
Camo 录像 2026-01-27 05-19-29,95,3.1666666666666665,66.39302,86.32478,114.81,0
Camo 录像 2026-01-27 05-19-29,96,3.2,66.561005,86.71872,113.97000000000003,0
Camo 录像 2026-01-27 05-19-29,97,3.2333333333333334,66.70497,87.13672,112.17000000000002,0
Camo 录像 2026-01-27 05-19-29,98,3.2666666666666666,66.7775,87.48172,110.85000000000002,0
Camo 录像 2026-01-27 05-19-29,99,3.3,66.84201,87.865204,108.91000000000003,0
Camo 录像 2026-01-27 05-19-29,100,3.3333333333333335,66.8521,88.22713,106.64999999999998,0
Camo 录像 2026-01-27 05-19-29,101,3.3666666666666667,66.8658,88.75412,104.69999999999999,0
Camo 录像 2026-01-27 05-19-29,102,3.4,66.75696,89.07127,100.89999999999998,0
Camo 录像 2026-01-27 05-19-29,103,3.433333333333333,66.67578,89.57692,98.07999999999998,0
Camo 录像 2026-01-27 05-19-29,104,3.466666666666667,66.57051,90.09216,97.01999999999998,0
Camo 录像 2026-01-27 05-19-29,105,3.5,66.40732,90.55354,94.30000000000001,0
Camo 录像 2026-01-27 05-19-29,106,3.533333333333333,66.269745,91.14728,91.14999999999998,0
Camo 录像 2026-01-27 05-19-29,107,3.566666666666667,66.00577,91.315125,87.97000000000003,0
Camo 录像 2026-01-27 05-19-29,108,3.6,65.83276,91.925995,85.68,0
Camo 录像 2026-01-27 05-19-29,109,3.6333333333333333,65.614105,92.501144,84.92000000000002,0
Camo 录像 2026-01-27 05-19-29,110,3.6666666666666665,65.36412,92.88896,80.43,0
Camo 录像 2026-01-27 05-19-29,111,3.7,65.36601,92.898605,80.47000000000003,0
Camo 录像 2026-01-27 05-19-29,112,3.7333333333333334,64.77336,93.688126,78.88,0
Camo 录像 2026-01-27 05-19-29,113,3.7666666666666666,64.55185,94.427414,75.4,0
Camo 录像 2026-01-27 05-19-29,114,3.8,64.19513,94.54666,71.82999999999998,0
Camo 录像 2026-01-27 05-19-29,115,3.8333333333333335,63.84995,94.883194,69.79000000000002,0
Camo 录像 2026-01-27 05-19-29,116,3.8666666666666667,63.558937,95.44827,68.23000000000002,0
Camo 录像 2026-01-27 05-19-29,117,3.9,63.22282,95.81192,67.57999999999998,0
Camo 录像 2026-01-27 05-19-29,118,3.933333333333333,62.910793,96.409195,70.29000000000002,0
Camo 录像 2026-01-27 05-19-29,119,3.966666666666667,62.933838,96.89902,71.60000000000002,0
Camo 录像 2026-01-27 05-20-14,0,0.0,61.0,61.0,90.0,0
Camo 录像 2026-01-27 05-20-14,1,0.03333333333333333,60.983177,61.019093,90.07,0
Camo 录像 2026-01-27 05-20-14,2,0.06666666666666667,60.93126,61.064205,90.01999999999998,0
Camo 录像 2026-01-27 05-20-14,3,0.1,60.90157,61.056614,89.19999999999999,0
Camo 录像 2026-01-27 05-20-14,4,0.13333333333333333,60.831295,61.06613,88.82,0
Camo 录像 2026-01-27 05-20-14,5,0.16666666666666666,60.73426,61.075397,88.53999999999996,0
Camo 录像 2026-01-27 05-20-14,6,0.2,60.597176,61.09869,88.32,0
Camo 录像 2026-01-27 05-20-14,7,0.23333333333333334,60.438034,61.060513,87.30000000000001,0
Camo 录像 2026-01-27 05-20-14,8,0.26666666666666666,60.25094,61.05697,86.39999999999998,0
Camo 录像 2026-01-27 05-20-14,9,0.3,60.03386,61.044697,85.23000000000002,0
Camo 录像 2026-01-27 05-20-14,10,0.3333333333333333,59.86225,60.99621,85.73000000000002,0
Camo 录像 2026-01-27 05-20-14,11,0.36666666666666664,59.71253,60.95277,85.73000000000002,0
Camo 录像 2026-01-27 05-20-14,12,0.4,59.56983,60.91959,86.32999999999998,0
Camo 录像 2026-01-27 05-20-14,13,0.43333333333333335,59.448864,60.885178,86.52999999999997,0
Camo 录像 2026-01-27 05-20-14,14,0.4666666666666667,59.346058,60.87071,87.64999999999998,0
Camo 录像 2026-01-27 05-20-14,15,0.5,59.321472,60.842777,88.77999999999997,0
Camo 录像 2026-01-27 05-20-14,16,0.5333333333333333,59.345573,60.82767,90.49000000000001,0
Camo 录像 2026-01-27 05-20-14,17,0.5666666666666667,59.396503,60.84257,92.15999999999997,0
Camo 录像 2026-01-27 05-20-14,18,0.6,59.515244,60.898785,93.77999999999997,0
Camo 录像 2026-01-27 05-20-14,19,0.6333333333333333,59.68476,61.002438,96.30000000000001,0
Camo 录像 2026-01-27 05-20-14,20,0.6666666666666666,59.95955,61.123158,98.68,0
Camo 录像 2026-01-27 05-20-14,21,0.7,60.27679,61.305042,101.14999999999998,0
Camo 录像 2026-01-27 05-20-14,22,0.7333333333333333,60.62669,61.51175,104.32999999999998,0
Camo 录像 2026-01-27 05-20-14,23,0.7666666666666667,61.047363,61.714417,106.85000000000002,0
Camo 录像 2026-01-27 05-20-14,24,0.8,61.44473,61.965683,109.19,0
Camo 录像 2026-01-27 05-20-14,25,0.8333333333333334,61.87666,62.210705,111.42000000000002,0
Camo 录像 2026-01-27 05-20-14,26,0.8666666666666667,62.2964,62.451508,113.57,0
Camo 录像 2026-01-27 05-20-14,27,0.9,62.726704,62.68821,115.63,0
Camo 录像 2026-01-27 05-20-14,28,0.9333333333333333,63.102734,62.971367,117.35000000000002,0
Camo 录像 2026-01-27 05-20-14,29,0.9666666666666667,63.540287,63.19684,117.88,0
Camo 录像 2026-01-27 05-20-14,30,1.0,63.880375,63.446106,118.40999999999997,0
Camo 录像 2026-01-27 05-20-14,31,1.0333333333333334,64.20117,63.70344,118.59000000000003,0
Camo 录像 2026-01-27 05-20-14,32,1.0666666666666667,64.52756,63.94581,118.44999999999999,0
Camo 录像 2026-01-27 05-20-14,33,1.1,64.80768,64.164764,118.38,0
Camo 录像 2026-01-27 05-20-14,34,1.1333333333333333,65.069626,64.38068,118.02999999999997,0
Camo 录像 2026-01-27 05-20-14,35,1.1666666666666667,65.261505,64.62846,117.13999999999999,0
Camo 录像 2026-01-27 05-20-14,36,1.2,65.47925,64.87642,115.57,0
Camo 录像 2026-01-27 05-20-14,37,1.2333333333333334,65.6214,65.151276,114.17000000000002,0
Camo 录像 2026-01-27 05-20-14,38,1.2666666666666666,65.66914,65.433655,111.88999999999999,0
Camo 录像 2026-01-27 05-20-14,39,1.3,65.69583,65.7381,109.90999999999997,0
Camo 录像 2026-01-27 05-20-14,40,1.3333333333333333,65.66109,66.04547,107.30000000000001,0
Camo 录像 2026-01-27 05-20-14,41,1.3666666666666667,65.58708,66.368225,105.36000000000001,0
Camo 录像 2026-01-27 05-20-14,42,1.4,65.52002,66.71405,102.38999999999999,0
Camo 录像 2026-01-27 05-20-14,43,1.4333333333333333,65.40967,67.04813,99.87,0
Camo 录像 2026-01-27 05-20-14,44,1.4666666666666666,65.227554,67.38963,96.94999999999999,0
Camo 录像 2026-01-27 05-20-14,45,1.5,65.04077,67.74916,94.19,0
Camo 录像 2026-01-27 05-20-14,46,1.5333333333333334,64.87996,68.13513,92.00999999999999,0
Camo 录像 2026-01-27 05-20-14,47,1.5666666666666667,64.69835,68.502045,89.32,0
Camo 录像 2026-01-27 05-20-14,48,1.6,64.4391,68.86604,86.72000000000003,0
Camo 录像 2026-01-27 05-20-14,49,1.6333333333333333,64.22101,69.23334,84.13,0
Camo 录像 2026-01-27 05-20-14,50,1.6666666666666667,63.90817,69.55609,81.26999999999998,0
Camo 录像 2026-01-27 05-20-14,51,1.7,63.663578,69.92656,79.57,0
Camo 录像 2026-01-27 05-20-14,52,1.7333333333333334,63.382732,70.28058,77.06,0
Camo 录像 2026-01-27 05-20-14,53,1.7666666666666666,63.076176,70.61383,74.94999999999999,0
Camo 录像 2026-01-27 05-20-14,54,1.8,62.74824,70.94089,73.18,0
Camo 录像 2026-01-27 05-20-14,55,1.8333333333333333,62.372746,71.20923,70.72,0
Camo 录像 2026-01-27 05-20-14,56,1.8666666666666667,62.083126,71.575455,69.57,0
Camo 录像 2026-01-27 05-20-14,57,1.9,61.741215,71.88249,68.53999999999999,0
Camo 录像 2026-01-27 05-20-14,58,1.9333333333333333,61.416073,72.16527,67.89999999999998,0
Camo 录像 2026-01-27 05-20-14,59,1.9666666666666666,61.13086,72.47969,67.24000000000001,0
Camo 录像 2026-01-27 05-20-14,60,2.0,60.82492,72.71657,66.75999999999999,0
Camo 录像 2026-01-27 05-20-14,61,2.033333333333333,60.576485,73.02942,67.24000000000001,0
Camo 录像 2026-01-27 05-20-14,62,2.066666666666667,60.29858,73.250595,66.94999999999999,0
Camo 录像 2026-01-27 05-20-14,63,2.1,60.08653,73.55969,67.63,0
Camo 录像 2026-01-27 05-20-14,64,2.1333333333333333,59.85156,73.76987,67.80000000000001,0
Camo 录像 2026-01-27 05-20-14,65,2.1666666666666665,59.680286,74.08,69.92000000000002,0
Camo 录像 2026-01-27 05-20-14,66,2.2,59.55354,74.37338,71.32999999999998,0
Camo 录像 2026-01-27 05-20-14,67,2.2333333333333334,59.458683,74.65915,73.0,0
Camo 录像 2026-01-27 05-20-14,68,2.2666666666666666,59.389164,74.91878,74.28999999999999,0
Camo 录像 2026-01-27 05-20-14,69,2.3,59.37997,75.24887,75.64999999999998,0
Camo 录像 2026-01-27 05-20-14,70,2.3333333333333335,59.385975,75.585724,78.03999999999996,0
Camo 录像 2026-01-27 05-20-14,71,2.3666666666666667,59.45176,75.90599,80.52999999999997,0
Camo 录像 2026-01-27 05-20-14,72,2.4,59.53439,76.21994,83.24000000000001,0
Camo 录像 2026-01-27 05-20-14,73,2.433333333333333,59.649433,76.55322,85.60000000000002,0
Camo 录像 2026-01-27 05-20-14,74,2.466666666666667,59.816917,76.9924,87.50999999999999,0
Camo 录像 2026-01-27 05-20-14,75,2.5,59.970264,77.278244,90.68,0
Camo 录像 2026-01-27 05-20-14,76,2.533333333333333,60.21126,77.76817,93.51999999999998,0
Camo 录像 2026-01-27 05-20-14,77,2.566666666666667,60.45986,78.19766,96.28999999999996,0
Camo 录像 2026-01-27 05-20-14,78,2.6,60.731586,78.65083,98.45999999999998,0
Camo 录像 2026-01-27 05-20-14,79,2.6333333333333333,61.000526,79.02756,101.88,0
Camo 录像 2026-01-27 05-20-14,80,2.6666666666666665,61.302334,79.46161,103.76999999999998,0
Camo 录像 2026-01-27 05-20-14,81,2.7,61.60747,79.85486,106.02999999999997,0
Camo 录像 2026-01-27 05-20-14,82,2.7333333333333334,61.924664,80.26541,107.81,0
Camo 录像 2026-01-27 05-20-14,83,2.7666666666666666,62.25562,80.6723,109.80000000000001,0
Camo 录像 2026-01-27 05-20-14,84,2.8,62.53541,81.00581,111.73000000000002,0
Camo 录像 2026-01-27 05-20-14,85,2.8333333333333335,62.890423,81.44194,113.63,0
Camo 录像 2026-01-27 05-20-14,86,2.8666666666666667,63.21597,81.77113,115.23000000000002,0
Camo 录像 2026-01-27 05-20-14,87,2.9,63.527813,82.10278,116.25999999999999,0
Camo 录像 2026-01-27 05-20-14,88,2.933333333333333,63.828472,82.45676,116.74000000000001,0
Camo 录像 2026-01-27 05-20-14,89,2.966666666666667,64.07025,82.70529,117.10000000000002,0
Camo 录像 2026-01-27 05-20-14,90,3.0,64.36485,83.14281,117.49000000000001,0
Camo 录像 2026-01-27 05-20-14,91,3.033333333333333,64.64166,83.50775,117.09000000000003,0
Camo 录像 2026-01-27 05-20-14,92,3.066666666666667,64.85481,83.81192,116.97000000000003,0
Camo 录像 2026-01-27 05-20-14,93,3.1,65.10324,84.11763,115.95999999999998,0
Camo 录像 2026-01-27 05-20-14,94,3.1333333333333333,65.37225,84.54042,114.95999999999998,0
Camo 录像 2026-01-27 05-20-14,95,3.1666666666666665,65.64488,84.938065,114.76999999999998,0
Camo 录像 2026-01-27 05-20-14,96,3.2,65.857025,85.261856,113.36000000000001,0
Camo 录像 2026-01-27 05-20-14,97,3.2333333333333334,66.01738,85.60028,112.63999999999999,0
Camo 录像 2026-01-27 05-20-14,98,3.2666666666666666,66.18257,86.04068,110.57999999999998,0
Camo 录像 2026-01-27 05-20-14,99,3.3,66.26988,86.43852,109.14999999999998,0
Camo 录像 2026-01-27 05-20-14,100,3.3333333333333335,66.28746,86.7818,106.88999999999999,0
Camo 录像 2026-01-27 05-20-14,101,3.3666666666666667,66.30702,87.247284,104.80000000000001,0
Camo 录像 2026-01-27 05-20-14,102,3.4,66.2137,87.67384,102.28999999999996,0
Camo 录像 2026-01-27 05-20-14,103,3.433333333333333,66.08377,88.12402,99.60000000000002,0
Camo 录像 2026-01-27 05-20-14,104,3.466666666666667,65.89641,88.52832,98.0,0
Camo 录像 2026-01-27 05-20-14,105,3.5,65.71504,88.98604,93.63999999999999,0
Camo 录像 2026-01-27 05-20-14,106,3.533333333333333,65.52936,89.536255,91.48000000000002,0
Camo 录像 2026-01-27 05-20-14,107,3.566666666666667,65.3183,90.028015,89.17000000000002,0
Camo 录像 2026-01-27 05-20-14,108,3.6,65.03349,90.32391,87.53999999999996,0
Camo 录像 2026-01-27 05-20-14,109,3.6333333333333333,64.74672,90.66145,83.42000000000002,0
Camo 录像 2026-01-27 05-20-14,110,3.6666666666666665,64.54724,91.297226,80.98000000000002,0
Camo 录像 2026-01-27 05-20-14,111,3.7,64.29881,91.814835,80.59000000000003,0
Camo 录像 2026-01-27 05-20-14,112,3.7333333333333334,63.969456,92.090515,79.00999999999999,0
Camo 录像 2026-01-27 05-20-14,113,3.7666666666666666,63.746822,92.71484,74.23000000000002,0
Camo 录像 2026-01-27 05-20-14,114,3.8,63.455044,93.18808,73.1,0
Camo 录像 2026-01-27 05-20-14,115,3.8333333333333335,63.088108,93.36865,70.69,0
Camo 录像 2026-01-27 05-20-14,116,3.8666666666666667,62.7764,93.801865,71.66,0
Camo 录像 2026-01-27 05-20-14,117,3.9,62.409336,93.98471,68.01999999999998,0
Camo 录像 2026-01-27 05-20-14,118,3.933333333333333,62.1146,94.45009,70.32,0
Camo 录像 2026-01-27 05-20-14,119,3.966666666666667,61.992603,95.15375,72.13,0
Camo 录像 2026-01-27 05-20-56,0,0.0,61.0,61.0,90.0,0
Camo 录像 2026-01-27 05-20-56,1,0.03333333333333333,61.024704,61.000446,89.86000000000001,0
Camo 录像 2026-01-27 05-20-56,2,0.06666666666666667,61.014153,61.00673,89.78999999999996,0
Camo 录像 2026-01-27 05-20-56,3,0.1,60.992577,61.01445,89.44999999999999,0
Camo 录像 2026-01-27 05-20-56,4,0.13333333333333333,60.955513,61.013474,89.06,0
Camo 录像 2026-01-27 05-20-56,5,0.16666666666666666,60.86812,61.024677,88.51999999999998,0
Camo 录像 2026-01-27 05-20-56,6,0.2,60.78711,61.02163,88.62,0
Camo 录像 2026-01-27 05-20-56,7,0.23333333333333334,60.68272,61.005886,87.53999999999996,0
Camo 录像 2026-01-27 05-20-56,8,0.26666666666666666,60.530792,61.000397,87.12,0
Camo 录像 2026-01-27 05-20-56,9,0.3,60.388012,60.983772,86.11000000000001,0
Camo 录像 2026-01-27 05-20-56,10,0.3333333333333333,60.218693,60.950615,85.93,0
Camo 录像 2026-01-27 05-20-56,11,0.36666666666666664,60.090794,60.927437,85.89999999999998,0
Camo 录像 2026-01-27 05-20-56,12,0.4,59.99598,60.886555,86.22000000000003,0
Camo 录像 2026-01-27 05-20-56,13,0.43333333333333335,59.89935,60.8677,86.67000000000002,0
Camo 录像 2026-01-27 05-20-56,14,0.4666666666666667,59.851086,60.837982,87.48000000000002,0
Camo 录像 2026-01-27 05-20-56,15,0.5,59.82468,60.81785,88.5,0
Camo 录像 2026-01-27 05-20-56,16,0.5333333333333333,59.86416,60.785374,90.25,0
Camo 录像 2026-01-27 05-20-56,17,0.5666666666666667,59.902645,60.787704,92.19999999999999,0
Camo 录像 2026-01-27 05-20-56,18,0.6,59.991154,60.818428,93.48000000000002,0
Camo 录像 2026-01-27 05-20-56,19,0.6333333333333333,60.14082,60.8756,95.77999999999997,0
Camo 录像 2026-01-27 05-20-56,20,0.6666666666666666,60.374096,60.958813,98.65999999999997,0
Camo 录像 2026-01-27 05-20-56,21,0.7,60.65828,61.06436,101.11000000000001,0
Camo 录像 2026-01-27 05-20-56,22,0.7333333333333333,60.997902,61.219376,103.89999999999998,0
Camo 录像 2026-01-27 05-20-56,23,0.7666666666666667,61.351776,61.371243,106.49000000000001,0
Camo 录像 2026-01-27 05-20-56,24,0.8,61.722153,61.549232,109.25999999999999,0
Camo 录像 2026-01-27 05-20-56,25,0.8333333333333334,62.170914,61.74098,111.37,0
Camo 录像 2026-01-27 05-20-56,26,0.8666666666666667,62.527847,61.932148,113.18,0
Camo 录像 2026-01-27 05-20-56,27,0.9,62.978714,62.110546,115.52999999999997,0
Camo 录像 2026-01-27 05-20-56,28,0.9333333333333333,63.415436,62.299114,117.39999999999998,0
Camo 录像 2026-01-27 05-20-56,29,0.9666666666666667,63.870506,62.47417,118.35000000000002,0
Camo 录像 2026-01-27 05-20-56,30,1.0,64.29515,62.65894,119.30000000000001,0
Camo 录像 2026-01-27 05-20-56,31,1.0333333333333334,64.64313,62.865124,119.24000000000001,0
Camo 录像 2026-01-27 05-20-56,32,1.0666666666666667,65.02814,63.05334,119.34000000000003,0
Camo 录像 2026-01-27 05-20-56,33,1.1,65.32609,63.21732,119.23000000000002,0
Camo 录像 2026-01-27 05-20-56,34,1.1333333333333333,65.63366,63.391705,119.09000000000003,0
Camo 录像 2026-01-27 05-20-56,35,1.1666666666666667,65.83075,63.602123,118.35000000000002,0
Camo 录像 2026-01-27 05-20-56,36,1.2,66.06839,63.83253,116.89999999999998,0
Camo 录像 2026-01-27 05-20-56,37,1.2333333333333334,66.22373,64.0909,115.30000000000001,0
Camo 录像 2026-01-27 05-20-56,38,1.2666666666666666,66.314026,64.35306,113.25999999999999,0
Camo 录像 2026-01-27 05-20-56,39,1.3,66.3552,64.64043,111.60000000000002,0
Camo 录像 2026-01-27 05-20-56,40,1.3333333333333333,66.42626,64.94202,109.60000000000002,0
Camo 录像 2026-01-27 05-20-56,41,1.3666666666666667,66.44144,65.234924,106.39999999999998,0
Camo 录像 2026-01-27 05-20-56,42,1.4,66.3792,65.572525,103.70999999999998,0
Camo 录像 2026-01-27 05-20-56,43,1.4333333333333333,66.31692,65.90274,101.19,0
Camo 录像 2026-01-27 05-20-56,44,1.4666666666666666,66.25458,66.268524,99.05000000000001,0
Camo 录像 2026-01-27 05-20-56,45,1.5,66.09675,66.629456,95.78999999999996,0
Camo 录像 2026-01-27 05-20-56,46,1.5333333333333334,66.01218,67.0464,93.72000000000003,0
Camo 录像 2026-01-27 05-20-56,47,1.5666666666666667,65.802475,67.423965,91.62,0
Camo 录像 2026-01-27 05-20-56,48,1.6,65.611946,67.82843,88.5,0
Camo 录像 2026-01-27 05-20-56,49,1.6333333333333333,65.40257,68.24367,85.99000000000001,0
Camo 录像 2026-01-27 05-20-56,50,1.6666666666666667,65.15597,68.62018,83.5,0
Camo 录像 2026-01-27 05-20-56,51,1.7,64.87691,68.98018,81.12,0
Camo 录像 2026-01-27 05-20-56,52,1.7333333333333334,64.64648,69.36894,79.17000000000002,0
Camo 录像 2026-01-27 05-20-56,53,1.7666666666666666,64.408295,69.74599,77.05000000000001,0
Camo 录像 2026-01-27 05-20-56,54,1.8,64.153114,70.08028,75.31,0
Camo 录像 2026-01-27 05-20-56,55,1.8333333333333333,63.910225,70.42325,73.14999999999998,0
Camo 录像 2026-01-27 05-20-56,56,1.8666666666666667,63.67,70.754395,71.53999999999999,0
Camo 录像 2026-01-27 05-20-56,57,1.9,63.41127,71.06351,69.97,0
Camo 录像 2026-01-27 05-20-56,58,1.9333333333333333,63.168983,71.379166,69.42000000000002,0
Camo 录像 2026-01-27 05-20-56,59,1.9666666666666666,62.946915,71.69144,68.48000000000002,0
Camo 录像 2026-01-27 05-20-56,60,2.0,62.699272,71.964355,68.48000000000002,0
Camo 录像 2026-01-27 05-20-56,61,2.033333333333333,62.510193,72.273575,68.75999999999999,0
Camo 录像 2026-01-27 05-20-56,62,2.066666666666667,62.33333,72.58943,69.12,0
Camo 录像 2026-01-27 05-20-56,63,2.1,62.13189,72.84303,69.69,0
Camo 录像 2026-01-27 05-20-56,64,2.1333333333333333,61.968903,73.13417,69.92000000000002,0
Camo 录像 2026-01-27 05-20-56,65,2.1666666666666665,61.792336,73.368835,70.01999999999998,0
Camo 录像 2026-01-27 05-20-56,66,2.2,61.728012,73.72179,71.73000000000002,0
Camo 录像 2026-01-27 05-20-56,67,2.2333333333333334,61.634995,74.000046,73.63,0
Camo 录像 2026-01-27 05-20-56,68,2.2666666666666666,61.57852,74.27023,75.48000000000002,0
Camo 录像 2026-01-27 05-20-56,69,2.3,61.558212,74.56813,77.15999999999997,0
Camo 录像 2026-01-27 05-20-56,70,2.3333333333333335,61.59149,74.89386,78.88,0
Camo 录像 2026-01-27 05-20-56,71,2.3666666666666667,61.682083,75.23277,80.81,0
Camo 录像 2026-01-27 05-20-56,72,2.4,61.786232,75.52489,83.78999999999996,0
Camo 录像 2026-01-27 05-20-56,73,2.433333333333333,61.912643,75.80414,85.88,0
Camo 录像 2026-01-27 05-20-56,74,2.466666666666667,62.15377,76.26285,88.07999999999998,0
Camo 录像 2026-01-27 05-20-56,75,2.5,62.37081,76.58292,90.39999999999998,0
Camo 录像 2026-01-27 05-20-56,76,2.533333333333333,62.6336,76.962845,93.5,0
Camo 录像 2026-01-27 05-20-56,77,2.566666666666667,62.927155,77.33951,95.85000000000002,0
Camo 录像 2026-01-27 05-20-56,78,2.6,63.22106,77.69905,99.62,0
Camo 录像 2026-01-27 05-20-56,79,2.6333333333333333,63.554626,78.08197,102.07,0
Camo 录像 2026-01-27 05-20-56,80,2.6666666666666665,63.876312,78.41522,104.01999999999998,0
Camo 录像 2026-01-27 05-20-56,81,2.7,64.23019,78.79118,106.5,0
Camo 录像 2026-01-27 05-20-56,82,2.7333333333333334,64.6117,79.15631,108.37,0
Camo 录像 2026-01-27 05-20-56,83,2.7666666666666666,64.98255,79.517746,111.01999999999998,0
Camo 录像 2026-01-27 05-20-56,84,2.8,65.35774,79.813034,112.37,0
Camo 录像 2026-01-27 05-20-56,85,2.8333333333333335,65.77184,80.191605,114.09000000000003,0
Camo 录像 2026-01-27 05-20-56,86,2.8666666666666667,66.16832,80.4751,116.44999999999999,0
Camo 录像 2026-01-27 05-20-56,87,2.9,66.5913,80.81993,117.25999999999999,0
Camo 录像 2026-01-27 05-20-56,88,2.933333333333333,66.946495,81.0712,118.06,0
Camo 录像 2026-01-27 05-20-56,89,2.966666666666667,67.3165,81.39032,118.72000000000003,0
Camo 录像 2026-01-27 05-20-56,90,3.0,67.5383,81.54816,118.87,0
Camo 录像 2026-01-27 05-20-56,91,3.033333333333333,67.914986,81.975464,118.27999999999997,0
Camo 录像 2026-01-27 05-20-56,92,3.066666666666667,68.135605,82.216385,119.14999999999998,0
Camo 录像 2026-01-27 05-20-56,93,3.1,68.39825,82.540436,118.28999999999996,0
Camo 录像 2026-01-27 05-20-56,94,3.1333333333333333,68.648865,82.88876,117.56,0
Camo 录像 2026-01-27 05-20-56,95,3.1666666666666665,68.89384,83.22093,116.61000000000001,0
Camo 录像 2026-01-27 05-20-56,96,3.2,69.03539,83.456635,115.73000000000002,0
Camo 录像 2026-01-27 05-20-56,97,3.2333333333333334,69.21057,83.81218,114.22000000000003,0
Camo 录像 2026-01-27 05-20-56,98,3.2666666666666666,69.3433,84.143936,112.67000000000002,0
Camo 录像 2026-01-27 05-20-56,99,3.3,69.483864,84.56552,110.53999999999996,0
Camo 录像 2026-01-27 05-20-56,100,3.3333333333333335,69.468,84.80951,108.76999999999998,0
Camo 录像 2026-01-27 05-20-56,101,3.3666666666666667,69.53582,85.229935,107.73000000000002,0
Camo 录像 2026-01-27 05-20-56,102,3.4,69.48221,85.60101,104.19,0
Camo 录像 2026-01-27 05-20-56,103,3.433333333333333,69.4001,85.97159,101.44999999999999,0
Camo 录像 2026-01-27 05-20-56,104,3.466666666666667,69.46656,86.6429,98.87,0
Camo 录像 2026-01-27 05-20-56,105,3.5,69.3919,87.14307,95.72000000000003,0
Camo 录像 2026-01-27 05-20-56,106,3.533333333333333,69.31294,87.72356,94.97000000000003,0
Camo 录像 2026-01-27 05-20-56,107,3.566666666666667,69.11869,88.11276,92.87,0
Camo 录像 2026-01-27 05-20-56,108,3.6,68.92583,88.5235,90.68,0
Camo 录像 2026-01-27 05-20-56,109,3.6333333333333333,68.80302,89.112305,87.38999999999999,0
Camo 录像 2026-01-27 05-20-56,110,3.6666666666666665,68.55876,89.517975,85.60000000000002,0
Camo 录像 2026-01-27 05-20-56,111,3.7,68.44128,90.16885,82.49000000000001,0
Camo 录像 2026-01-27 05-20-56,112,3.7333333333333334,68.19147,90.582886,79.28999999999996,0
Camo 录像 2026-01-27 05-20-56,113,3.7666666666666666,67.80673,90.69472,76.73000000000002,0
Camo 录像 2026-01-27 05-20-56,114,3.8,67.625275,91.30731,77.76999999999998,0
Camo 录像 2026-01-27 05-20-56,115,3.8333333333333335,67.39065,91.789215,75.53999999999999,0
Camo 录像 2026-01-27 05-20-56,116,3.8666666666666667,67.04743,91.99596,70.99000000000001,0
Camo 录像 2026-01-27 05-20-56,117,3.9,66.85542,92.60664,69.59,0
Camo 录像 2026-01-27 05-20-56,118,3.933333333333333,66.51824,92.89076,72.38999999999999,0
Camo 录像 2026-01-27 05-20-56,119,3.966666666666667,66.417725,93.74994,69.75999999999999,0
Camo 录像 2026-01-27 05-21-41,0,0.0,61.0,61.0,90.0,0
Camo 录像 2026-01-27 05-21-41,1,0.03333333333333333,61.02246,60.996613,89.77999999999997,0
Camo 录像 2026-01-27 05-21-41,2,0.06666666666666667,61.02322,61.01772,89.63999999999999,0
Camo 录像 2026-01-27 05-21-41,3,0.1,61.02272,61.028934,89.48000000000002,0
Camo 录像 2026-01-27 05-21-41,4,0.13333333333333333,60.985565,61.04258,88.85000000000002,0
Camo 录像 2026-01-27 05-21-41,5,0.16666666666666666,60.933064,61.044964,88.44,0
Camo 录像 2026-01-27 05-21-41,6,0.2,60.858406,61.05074,87.91999999999996,0
Camo 录像 2026-01-27 05-21-41,7,0.23333333333333334,60.725533,61.07963,87.44,0
Camo 录像 2026-01-27 05-21-41,8,0.26666666666666666,60.579372,61.018543,86.76999999999998,0
Camo 录像 2026-01-27 05-21-41,9,0.3,60.430973,60.99336,86.32999999999998,0
Camo 录像 2026-01-27 05-21-41,10,0.3333333333333333,60.256348,60.954132,85.61000000000001,0
Camo 录像 2026-01-27 05-21-41,11,0.36666666666666664,60.10546,60.906174,85.58999999999997,0
Camo 录像 2026-01-27 05-21-41,12,0.4,59.979588,60.88357,85.87,0
Camo 录像 2026-01-27 05-21-41,13,0.43333333333333335,59.8775,60.84668,86.44999999999999,0
Camo 录像 2026-01-27 05-21-41,14,0.4666666666666667,59.783283,60.84177,86.83999999999997,0
Camo 录像 2026-01-27 05-21-41,15,0.5,59.734188,60.791695,87.90999999999997,0
Camo 录像 2026-01-27 05-21-41,16,0.5333333333333333,59.749413,60.740173,89.06,0
Camo 录像 2026-01-27 05-21-41,17,0.5666666666666667,59.77839,60.758152,91.02999999999997,0
Camo 录像 2026-01-27 05-21-41,18,0.6,59.849743,60.739788,92.36000000000001,0
Camo 录像 2026-01-27 05-21-41,19,0.6333333333333333,59.97469,60.813637,94.93,0
Camo 录像 2026-01-27 05-21-41,20,0.6666666666666666,60.17797,60.859104,96.78999999999996,0
Camo 录像 2026-01-27 05-21-41,21,0.7,60.451466,60.965454,99.41999999999996,0
Camo 录像 2026-01-27 05-21-41,22,0.7333333333333333,60.45073,60.967712,99.39999999999998,0
Camo 录像 2026-01-27 05-21-41,23,0.7666666666666667,61.10285,61.334377,104.56,0
Camo 录像 2026-01-27 05-21-41,24,0.8,61.5251,61.493835,107.20999999999998,0
Camo 录像 2026-01-27 05-21-41,25,0.8333333333333334,61.923367,61.73522,109.51999999999998,0
Camo 录像 2026-01-27 05-21-41,26,0.8666666666666667,62.35452,61.960464,112.16999999999996,0
Camo 录像 2026-01-27 05-21-41,27,0.9,62.79911,62.155277,114.07,0
Camo 录像 2026-01-27 05-21-41,28,0.9333333333333333,63.2342,62.38491,116.13999999999999,0
Camo 录像 2026-01-27 05-21-41,29,0.9666666666666667,63.66086,62.603256,117.40999999999997,0
Camo 录像 2026-01-27 05-21-41,30,1.0,64.080215,62.810944,118.14999999999998,0
Camo 录像 2026-01-27 05-21-41,31,1.0333333333333334,64.448875,63.042458,118.62,0
Camo 录像 2026-01-27 05-21-41,32,1.0666666666666667,64.78979,63.255287,118.52999999999997,0
Camo 录像 2026-01-27 05-21-41,33,1.1,65.06148,63.461903,118.14999999999998,0
Camo 录像 2026-01-27 05-21-41,34,1.1333333333333333,65.38545,63.63278,118.20999999999998,0
Camo 录像 2026-01-27 05-21-41,35,1.1666666666666667,65.63746,63.844887,117.86000000000001,0
Camo 录像 2026-01-27 05-21-41,36,1.2,65.825035,64.068436,116.61000000000001,0
Camo 录像 2026-01-27 05-21-41,37,1.2333333333333334,65.96261,64.3151,115.06,0
Camo 录像 2026-01-27 05-21-41,38,1.2666666666666666,66.06613,64.584625,113.60000000000002,0
Camo 录像 2026-01-27 05-21-41,39,1.3,66.06581,64.88725,111.95999999999998,0
Camo 录像 2026-01-27 05-21-41,40,1.3333333333333333,66.11371,65.173355,109.20999999999998,0
Camo 录像 2026-01-27 05-21-41,41,1.3666666666666667,66.10258,65.489395,107.0,0
Camo 录像 2026-01-27 05-21-41,42,1.4,66.05832,65.81502,104.48000000000002,0
Camo 录像 2026-01-27 05-21-41,43,1.4333333333333333,65.96828,66.16092,102.00999999999999,0
Camo 录像 2026-01-27 05-21-41,44,1.4666666666666666,65.89059,66.493866,99.06,0
Camo 录像 2026-01-27 05-21-41,45,1.5,65.73003,66.86197,96.31,0
Camo 录像 2026-01-27 05-21-41,46,1.5333333333333334,65.57466,67.22304,93.70999999999998,0
Camo 录像 2026-01-27 05-21-41,47,1.5666666666666667,65.38406,67.5849,90.91999999999996,0
Camo 录像 2026-01-27 05-21-41,48,1.6,65.181595,67.949234,88.33999999999997,0
Camo 录像 2026-01-27 05-21-41,49,1.6333333333333333,64.98162,68.308975,85.81,0
Camo 录像 2026-01-27 05-21-41,50,1.6666666666666667,64.75276,68.67482,83.49000000000001,0
Camo 录像 2026-01-27 05-21-41,51,1.7,64.464386,69.02443,80.73000000000002,0
Camo 录像 2026-01-27 05-21-41,52,1.7333333333333334,64.46316,69.023605,80.70999999999998,0
Camo 录像 2026-01-27 05-21-41,53,1.7666666666666666,63.8795,69.747406,76.31,0
Camo 录像 2026-01-27 05-21-41,54,1.8,63.5823,70.10324,74.66,0
Camo 录像 2026-01-27 05-21-41,55,1.8333333333333333,63.24456,70.42621,72.74000000000001,0
Camo 录像 2026-01-27 05-21-41,56,1.8666666666666667,62.927174,70.75372,70.75,0
Camo 录像 2026-01-27 05-21-41,57,1.9,62.607235,71.0643,69.63,0
Camo 录像 2026-01-27 05-21-41,58,1.9333333333333333,62.274647,71.35858,68.61000000000001,0
Camo 录像 2026-01-27 05-21-41,59,1.9666666666666666,61.974045,71.65845,67.75999999999999,0
Camo 录像 2026-01-27 05-21-41,60,2.0,61.713524,71.95531,67.57,0
Camo 录像 2026-01-27 05-21-41,61,2.033333333333333,61.46006,72.2711,67.37,0
Camo 录像 2026-01-27 05-21-41,62,2.066666666666667,61.20808,72.55498,67.41,0
Camo 录像 2026-01-27 05-21-41,63,2.1,60.975643,72.81491,67.61000000000001,0
Camo 录像 2026-01-27 05-21-41,64,2.1333333333333333,60.750057,73.093994,68.11000000000001,0
Camo 录像 2026-01-27 05-21-41,65,2.1666666666666665,60.56147,73.36934,68.63999999999999,0
Camo 录像 2026-01-27 05-21-41,66,2.2,60.410114,73.65103,69.74000000000001,0
Camo 录像 2026-01-27 05-21-41,67,2.2333333333333334,60.3115,73.93091,71.44999999999999,0
Camo 录像 2026-01-27 05-21-41,68,2.2666666666666666,60.262268,74.21777,72.83999999999997,0
Camo 录像 2026-01-27 05-21-41,69,2.3,60.235783,74.51912,74.94999999999999,0
Camo 录像 2026-01-27 05-21-41,70,2.3333333333333335,60.243816,74.80556,76.45999999999998,0
Camo 录像 2026-01-27 05-21-41,71,2.3666666666666667,60.306114,75.12019,78.63999999999999,0
Camo 录像 2026-01-27 05-21-41,72,2.4,60.42916,75.45186,80.99000000000001,0
Camo 录像 2026-01-27 05-21-41,73,2.433333333333333,60.56484,75.74953,83.10000000000002,0
Camo 录像 2026-01-27 05-21-41,74,2.466666666666667,60.73478,76.09296,85.76999999999998,0
Camo 录像 2026-01-27 05-21-41,75,2.5,60.94896,76.54968,88.85000000000002,0
Camo 录像 2026-01-27 05-21-41,76,2.533333333333333,61.15235,76.83449,91.58999999999997,0
Camo 录像 2026-01-27 05-21-41,77,2.566666666666667,61.427376,77.30089,94.15999999999997,0
Camo 录像 2026-01-27 05-21-41,78,2.6,61.695713,77.70317,97.01999999999998,0
Camo 录像 2026-01-27 05-21-41,79,2.6333333333333333,61.95694,78.00256,99.39999999999998,0
Camo 录像 2026-01-27 05-21-41,80,2.6666666666666665,62.26786,78.41991,101.77999999999997,0
Camo 录像 2026-01-27 05-21-41,81,2.7,62.571934,78.8468,104.19999999999999,0
Camo 录像 2026-01-27 05-21-41,82,2.7333333333333334,62.573563,78.84961,104.20999999999998,0
Camo 录像 2026-01-27 05-21-41,83,2.7666666666666666,63.172043,79.54985,108.36000000000001,0
Camo 录像 2026-01-27 05-21-41,84,2.8,63.52383,80.00035,110.30000000000001,0
Camo 录像 2026-01-27 05-21-41,85,2.8333333333333335,63.83638,80.33014,112.51999999999998,0
Camo 录像 2026-01-27 05-21-41,86,2.8666666666666667,64.19267,80.68364,114.03999999999996,0
Camo 录像 2026-01-27 05-21-41,87,2.9,64.54563,81.00574,115.78999999999996,0
Camo 录像 2026-01-27 05-21-41,88,2.933333333333333,64.84669,81.22957,116.5,0
Camo 录像 2026-01-27 05-21-41,89,2.966666666666667,65.180176,81.556046,116.74000000000001,0
Camo 录像 2026-01-27 05-21-41,90,3.0,65.531944,81.963684,117.53999999999996,0
Camo 录像 2026-01-27 05-21-41,91,3.033333333333333,65.80451,82.22609,117.14999999999998,0
Camo 录像 2026-01-27 05-21-41,92,3.066666666666667,66.10495,82.583694,117.55000000000001,0
Camo 录像 2026-01-27 05-21-41,93,3.1,66.35225,82.880356,117.73000000000002,0
Camo 录像 2026-01-27 05-21-41,94,3.1333333333333333,66.60943,83.18158,116.28999999999996,0
Camo 录像 2026-01-27 05-21-41,95,3.1666666666666665,66.82695,83.45122,115.60000000000002,0
Camo 录像 2026-01-27 05-21-41,96,3.2,67.082596,83.82321,114.41999999999996,0
Camo 录像 2026-01-27 05-21-41,97,3.2333333333333334,67.29305,84.214676,113.43,0
Camo 录像 2026-01-27 05-21-41,98,3.2666666666666666,67.43931,84.53165,111.91999999999996,0
Camo 录像 2026-01-27 05-21-41,99,3.3,67.56937,84.892365,110.75999999999999,0
Camo 录像 2026-01-27 05-21-41,100,3.3333333333333335,67.651405,85.23442,107.75999999999999,0
Camo 录像 2026-01-27 05-21-41,101,3.3666666666666667,67.74443,85.68176,106.68,0
Camo 录像 2026-01-27 05-21-41,102,3.4,67.708534,85.98842,103.94999999999999,0
Camo 录像 2026-01-27 05-21-41,103,3.433333333333333,67.690346,86.45302,101.55000000000001,0
Camo 录像 2026-01-27 05-21-41,104,3.466666666666667,67.63058,86.97446,99.25,0
Camo 录像 2026-01-27 05-21-41,105,3.5,67.47142,87.33531,95.44999999999999,0
Camo 录像 2026-01-27 05-21-41,106,3.533333333333333,67.26671,87.70439,93.56,0
Camo 录像 2026-01-27 05-21-41,107,3.566666666666667,67.11187,88.23129,90.70999999999998,0
Camo 录像 2026-01-27 05-21-41,108,3.6,66.95487,88.7986,88.66999999999996,0
Camo 录像 2026-01-27 05-21-41,109,3.6333333333333333,66.714485,89.24495,86.55000000000001,0
Camo 录像 2026-01-27 05-21-41,110,3.6666666666666665,66.46828,89.66873,84.08999999999997,0
Camo 录像 2026-01-27 05-21-41,111,3.7,66.21494,90.11922,80.56,0
Camo 录像 2026-01-27 05-21-41,112,3.7333333333333334,66.21613,90.12575,80.73000000000002,0
Camo 录像 2026-01-27 05-21-41,113,3.7666666666666666,65.61323,90.83037,75.86000000000001,0
Camo 录像 2026-01-27 05-21-41,114,3.8,65.35316,91.363525,76.31,0
Camo 录像 2026-01-27 05-21-41,115,3.8333333333333335,65.074,91.86838,72.83999999999997,0
Camo 录像 2026-01-27 05-21-41,116,3.8666666666666667,64.705086,92.08632,70.56,0
Camo 录像 2026-01-27 05-21-41,117,3.9,64.447235,92.74362,69.95999999999998,0
Camo 录像 2026-01-27 05-21-41,118,3.933333333333333,64.106514,93.05141,68.25999999999999,0
Camo 录像 2026-01-27 05-21-41,119,3.966666666666667,63.759575,93.29555,70.38,0
Camo 录像 2026-01-27 05-23-52,0,0.0,61.0,61.0,90.0,0
Camo 录像 2026-01-27 05-23-52,1,0.03333333333333333,61.002922,61.02124,89.99000000000001,0
Camo 录像 2026-01-27 05-23-52,2,0.06666666666666667,61.00715,61.02035,89.88,0
Camo 录像 2026-01-27 05-23-52,3,0.1,60.965904,61.043022,89.38,0
Camo 录像 2026-01-27 05-23-52,4,0.13333333333333333,60.92986,61.03238,89.18,0
Camo 录像 2026-01-27 05-23-52,5,0.16666666666666666,60.84668,61.047024,88.68,0
Camo 录像 2026-01-27 05-23-52,6,0.2,60.737087,61.056477,88.10000000000002,0
Camo 录像 2026-01-27 05-23-52,7,0.23333333333333334,60.594917,61.072926,87.38999999999999,0
Camo 录像 2026-01-27 05-23-52,8,0.26666666666666666,60.42336,61.070454,86.75999999999999,0
Camo 录像 2026-01-27 05-23-52,9,0.3,60.24449,61.0814,85.61000000000001,0
Camo 录像 2026-01-27 05-23-52,10,0.3333333333333333,60.094242,61.05247,85.60000000000002,0
Camo 录像 2026-01-27 05-23-52,11,0.36666666666666664,59.921177,61.05946,85.41000000000003,0
Camo 录像 2026-01-27 05-23-52,12,0.4,59.80651,61.021603,85.82,0
Camo 录像 2026-01-27 05-23-52,13,0.43333333333333335,59.72743,60.98759,86.12,0
Camo 录像 2026-01-27 05-23-52,14,0.4666666666666667,59.658665,60.963352,86.73000000000002,0
Camo 录像 2026-01-27 05-23-52,15,0.5,59.604156,60.932358,87.19999999999999,0
Camo 录像 2026-01-27 05-23-52,16,0.5333333333333333,59.612785,60.90845,89.17000000000002,0
Camo 录像 2026-01-27 05-23-52,17,0.5666666666666667,59.67635,60.87426,90.52999999999997,0
Camo 录像 2026-01-27 05-23-52,18,0.6,59.74881,60.86044,92.32,0
Camo 录像 2026-01-27 05-23-52,19,0.6333333333333333,59.88175,60.904026,94.12,0
Camo 录像 2026-01-27 05-23-52,20,0.6666666666666666,60.05485,60.97055,96.0,0
Camo 录像 2026-01-27 05-23-52,21,0.7,60.359535,61.045235,98.96000000000004,0
Camo 录像 2026-01-27 05-23-52,22,0.7333333333333333,60.678947,61.199345,101.55000000000001,0
Camo 录像 2026-01-27 05-23-52,23,0.7666666666666667,61.063717,61.355736,104.32,0
Camo 录像 2026-01-27 05-23-52,24,0.8,61.45573,61.536713,106.99000000000001,0
Camo 录像 2026-01-27 05-23-52,25,0.8333333333333334,61.917637,61.73444,109.55000000000001,0
Camo 录像 2026-01-27 05-23-52,26,0.8666666666666667,62.359722,61.943417,111.81,0
Camo 录像 2026-01-27 05-23-52,27,0.9,62.846928,62.139763,114.13999999999999,0
Camo 录像 2026-01-27 05-23-52,28,0.9333333333333333,63.283863,62.34357,115.76999999999998,0
Camo 录像 2026-01-27 05-23-52,29,0.9666666666666667,63.775715,62.545963,117.63999999999999,0
Camo 录像 2026-01-27 05-23-52,30,1.0,64.22284,62.732178,118.60000000000002,0
Camo 录像 2026-01-27 05-23-52,31,1.0333333333333334,64.57817,62.939766,118.75999999999999,0
Camo 录像 2026-01-27 05-23-52,32,1.0666666666666667,64.91283,63.14809,118.75999999999999,0
Camo 录像 2026-01-27 05-23-52,33,1.1,65.27678,63.336933,118.86000000000001,0
Camo 录像 2026-01-27 05-23-52,34,1.1333333333333333,65.592255,63.49833,118.92000000000002,0
Camo 录像 2026-01-27 05-23-52,35,1.1666666666666667,65.88728,63.68415,118.59000000000003,0
Camo 录像 2026-01-27 05-23-52,36,1.2,66.10794,63.898727,117.92000000000002,0
Camo 录像 2026-01-27 05-23-52,37,1.2333333333333334,66.2702,64.12862,116.21000000000004,0
Camo 录像 2026-01-27 05-23-52,38,1.2666666666666666,66.45236,64.38281,114.71000000000004,0
Camo 录像 2026-01-27 05-23-52,39,1.3,66.56102,64.66135,113.05000000000001,0
Camo 录像 2026-01-27 05-23-52,40,1.3333333333333333,66.62663,64.95369,110.97000000000003,0
Camo 录像 2026-01-27 05-23-52,41,1.3666666666666667,66.663635,65.269165,108.51999999999998,0
Camo 录像 2026-01-27 05-23-52,42,1.4,66.68715,65.58514,106.25,0
Camo 录像 2026-01-27 05-23-52,43,1.4333333333333333,66.58984,65.91241,103.59000000000003,0
Camo 录像 2026-01-27 05-23-52,44,1.4666666666666666,66.57127,66.26221,100.80000000000001,0
Camo 录像 2026-01-27 05-23-52,45,1.5,66.48523,66.62599,98.29000000000002,0
Camo 录像 2026-01-27 05-23-52,46,1.5333333333333334,66.399734,66.99722,95.66000000000003,0
Camo 录像 2026-01-27 05-23-52,47,1.5666666666666667,66.23596,67.36708,93.30000000000001,0
Camo 录像 2026-01-27 05-23-52,48,1.6,66.088486,67.75906,90.38999999999999,0
Camo 录像 2026-01-27 05-23-52,49,1.6333333333333333,65.90236,68.14047,87.69999999999999,0
Camo 录像 2026-01-27 05-23-52,50,1.6666666666666667,65.66135,68.50342,85.48000000000002,0
Camo 录像 2026-01-27 05-23-52,51,1.7,65.43114,68.86782,82.74000000000001,0
Camo 录像 2026-01-27 05-23-52,52,1.7333333333333334,65.22238,69.24028,80.34000000000003,0
Camo 录像 2026-01-27 05-23-52,53,1.7666666666666666,64.98067,69.612114,78.27999999999997,0
Camo 录像 2026-01-27 05-23-52,54,1.8,64.73602,69.97331,76.31,0
Camo 录像 2026-01-27 05-23-52,55,1.8333333333333333,64.45143,70.30587,74.46000000000001,0
Camo 录像 2026-01-27 05-23-52,56,1.8666666666666667,64.15141,70.61858,72.88999999999999,0
Camo 录像 2026-01-27 05-23-52,57,1.9,63.857616,70.93838,71.11000000000001,0
Camo 录像 2026-01-27 05-23-52,58,1.9333333333333333,63.56309,71.2326,69.86000000000001,0
Camo 录像 2026-01-27 05-23-52,59,1.9666666666666666,63.321102,71.59396,69.17000000000002,0
Camo 录像 2026-01-27 05-23-52,60,2.0,63.064747,71.89394,68.94,0
Camo 录像 2026-01-27 05-23-52,61,2.033333333333333,62.81474,72.184296,68.97000000000003,0
Camo 录像 2026-01-27 05-23-52,62,2.066666666666667,62.622814,72.50411,68.67000000000002,0
Camo 录像 2026-01-27 05-23-52,63,2.1,62.422794,72.791275,68.99000000000001,0
Camo 录像 2026-01-27 05-23-52,64,2.1333333333333333,62.226624,73.059494,69.12,0
Camo 录像 2026-01-27 05-23-52,65,2.1666666666666665,62.07503,73.35809,69.83000000000001,0
Camo 录像 2026-01-27 05-23-52,66,2.2,61.927517,73.608154,70.79000000000002,0
Camo 录像 2026-01-27 05-23-52,67,2.2333333333333334,61.837463,73.90161,72.69999999999999,0
Camo 录像 2026-01-27 05-23-52,68,2.2666666666666666,61.79948,74.20324,74.46000000000001,0
Camo 录像 2026-01-27 05-23-52,69,2.3,61.759342,74.42306,75.05000000000001,0
Camo 录像 2026-01-27 05-23-52,70,2.3333333333333335,61.811195,74.77864,77.12,0
Camo 录像 2026-01-27 05-23-52,71,2.3666666666666667,61.84525,75.06443,80.01999999999998,0
Camo 录像 2026-01-27 05-23-52,72,2.4,61.97593,75.39342,82.52999999999997,0
Camo 录像 2026-01-27 05-23-52,73,2.433333333333333,62.136864,75.72882,84.94,0
Camo 录像 2026-01-27 05-23-52,74,2.466666666666667,62.321472,76.06923,86.73000000000002,0
Camo 录像 2026-01-27 05-23-52,75,2.5,62.54035,76.47027,89.69999999999999,0
Camo 录像 2026-01-27 05-23-52,76,2.533333333333333,62.757103,76.76153,91.47000000000003,0
Camo 录像 2026-01-27 05-23-52,77,2.566666666666667,63.052464,77.20541,95.04000000000002,0
Camo 录像 2026-01-27 05-23-52,78,2.6,63.34937,77.61363,97.48000000000002,0
Camo 录像 2026-01-27 05-23-52,79,2.6333333333333333,63.64921,77.99034,100.18,0
Camo 录像 2026-01-27 05-23-52,80,2.6666666666666665,63.955402,78.347946,103.06,0
Camo 录像 2026-01-27 05-23-52,81,2.7,64.28522,78.734726,104.88999999999999,0
Camo 录像 2026-01-27 05-23-52,82,2.7333333333333334,64.62181,79.11469,107.71000000000004,0
Camo 录像 2026-01-27 05-23-52,83,2.7666666666666666,64.967865,79.50015,109.44,0
Camo 录像 2026-01-27 05-23-52,84,2.8,65.28439,79.77322,110.60000000000002,0
Camo 录像 2026-01-27 05-23-52,85,2.8333333333333335,65.62463,80.08826,113.18,0
Camo 录像 2026-01-27 05-23-52,86,2.8666666666666667,66.02574,80.472206,114.43,0
Camo 录像 2026-01-27 05-23-52,87,2.9,66.40521,80.7623,116.39999999999998,0
Camo 录像 2026-01-27 05-23-52,88,2.933333333333333,66.792404,81.07233,117.37,0
Camo 录像 2026-01-27 05-23-52,89,2.966666666666667,67.12903,81.34797,118.48000000000002,0
Camo 录像 2026-01-27 05-23-52,90,3.0,67.525665,81.725174,119.00999999999999,0
Camo 录像 2026-01-27 05-23-52,91,3.033333333333333,67.85991,82.0656,119.18,0
Camo 录像 2026-01-27 05-23-52,92,3.066666666666667,68.16608,82.35503,119.14999999999998,0
Camo 录像 2026-01-27 05-23-52,93,3.1,68.43796,82.64102,118.75,0
Camo 录像 2026-01-27 05-23-52,94,3.1333333333333333,68.7289,82.97238,118.01999999999998,0
Camo 录像 2026-01-27 05-23-52,95,3.1666666666666665,69.01814,83.31418,117.69999999999999,0
Camo 录像 2026-01-27 05-23-52,96,3.2,69.2581,83.597305,117.25999999999999,0
Camo 录像 2026-01-27 05-23-52,97,3.2333333333333334,69.42865,83.822586,115.73000000000002,0
Camo 录像 2026-01-27 05-23-52,98,3.2666666666666666,69.70035,84.25828,114.64999999999998,0
Camo 录像 2026-01-27 05-23-52,99,3.3,69.83864,84.56911,113.25999999999999,0
Camo 录像 2026-01-27 05-23-52,100,3.3333333333333335,69.95622,84.88811,110.58000000000004,0
Camo 录像 2026-01-27 05-23-52,101,3.3666666666666667,70.05525,85.279465,108.82,0
Camo 录像 2026-01-27 05-23-52,102,3.4,70.051315,85.56837,106.33000000000004,0
Camo 录像 2026-01-27 05-23-52,103,3.433333333333333,70.16945,86.21587,104.29000000000002,0
Camo 录像 2026-01-27 05-23-52,104,3.466666666666667,70.050735,86.53955,102.63,0
Camo 录像 2026-01-27 05-23-52,105,3.5,70.02971,87.10978,99.0,0
Camo 录像 2026-01-27 05-23-52,106,3.533333333333333,69.89674,87.53247,96.01999999999998,0
Camo 录像 2026-01-27 05-23-52,107,3.566666666666667,69.70148,87.935486,94.57,0
Camo 录像 2026-01-27 05-23-52,108,3.6,69.478424,88.28519,92.16000000000003,0
Camo 录像 2026-01-27 05-23-52,109,3.6333333333333333,69.31743,88.8136,87.58000000000004,0
Camo 录像 2026-01-27 05-23-52,110,3.6666666666666665,69.08533,89.25524,85.0,0
Camo 录像 2026-01-27 05-23-52,111,3.7,68.89348,89.851715,84.63999999999999,0
Camo 录像 2026-01-27 05-23-52,112,3.7333333333333334,68.64618,90.292816,82.58000000000004,0
Camo 录像 2026-01-27 05-23-52,113,3.7666666666666666,68.38736,90.7726,80.08000000000004,0
Camo 录像 2026-01-27 05-23-52,114,3.8,68.099335,91.163765,76.32,0
Camo 录像 2026-01-27 05-23-52,115,3.8333333333333335,67.7525,91.45584,74.27000000000001,0
Camo 录像 2026-01-27 05-23-52,116,3.8666666666666667,67.46211,91.899536,72.48000000000002,0
Camo 录像 2026-01-27 05-23-52,117,3.9,67.19017,92.39009,73.23000000000002,0
Camo 录像 2026-01-27 05-23-52,118,3.933333333333333,66.97905,93.02656,70.38999999999999,0
Camo 录像 2026-01-27 05-23-52,119,3.966666666666667,66.586136,93.167244,71.79000000000002,0
Camo 录像 2026-01-27 05-24-36,0,0.0,61.0,61.0,90.0,0
Camo 录像 2026-01-27 05-24-36,1,0.03333333333333333,61.022346,61.011436,90.11000000000001,0
Camo 录像 2026-01-27 05-24-36,2,0.06666666666666667,61.022087,61.031303,90.30000000000001,0
Camo 录像 2026-01-27 05-24-36,3,0.1,61.00625,61.016636,89.57,0
Camo 录像 2026-01-27 05-24-36,4,0.13333333333333333,60.94663,61.046535,89.30000000000001,0
Camo 录像 2026-01-27 05-24-36,5,0.16666666666666666,60.86609,61.027855,88.58999999999997,0
Camo 录像 2026-01-27 05-24-36,6,0.2,60.73385,61.03966,87.77999999999997,0
Camo 录像 2026-01-27 05-24-36,7,0.23333333333333334,60.58395,61.02021,87.28999999999996,0
Camo 录像 2026-01-27 05-24-36,8,0.26666666666666666,60.40862,61.002472,86.35000000000002,0
Camo 录像 2026-01-27 05-24-36,9,0.3,60.215298,60.995888,85.55000000000001,0
Camo 录像 2026-01-27 05-24-36,10,0.3333333333333333,60.05883,60.974934,85.44,0
Camo 录像 2026-01-27 05-24-36,11,0.36666666666666664,59.94284,60.92451,85.77999999999997,0
Camo 录像 2026-01-27 05-24-36,12,0.4,59.840786,60.894505,85.92000000000002,0
Camo 录像 2026-01-27 05-24-36,13,0.43333333333333335,59.751656,60.89602,86.05000000000001,0
Camo 录像 2026-01-27 05-24-36,14,0.4666666666666667,59.70214,60.846237,87.02999999999997,0
Camo 录像 2026-01-27 05-24-36,15,0.5,59.688255,60.845383,88.37,0
Camo 录像 2026-01-27 05-24-36,16,0.5333333333333333,59.74004,60.829716,89.99000000000001,0
Camo 录像 2026-01-27 05-24-36,17,0.5666666666666667,59.7972,60.837055,91.56,0
Camo 录像 2026-01-27 05-24-36,18,0.6,59.911297,60.87912,93.13,0
Camo 录像 2026-01-27 05-24-36,19,0.6333333333333333,60.059223,60.951363,95.07999999999998,0
Camo 录像 2026-01-27 05-24-36,20,0.6666666666666666,60.29981,61.03211,97.82,0
Camo 录像 2026-01-27 05-24-36,21,0.7,60.30272,61.028843,97.76999999999998,0
Camo 录像 2026-01-27 05-24-36,22,0.7333333333333333,60.94384,61.361446,103.31,0
Camo 录像 2026-01-27 05-24-36,23,0.7666666666666667,61.310642,61.547096,105.72000000000003,0
Camo 录像 2026-01-27 05-24-36,24,0.8,61.705936,61.803772,108.94999999999999,0
Camo 录像 2026-01-27 05-24-36,25,0.8333333333333334,62.12488,62.02784,110.68,0
Camo 录像 2026-01-27 05-24-36,26,0.8666666666666667,62.578686,62.247005,112.87,0
Camo 录像 2026-01-27 05-24-36,27,0.9,63.00809,62.47028,114.83999999999997,0
Camo 录像 2026-01-27 05-24-36,28,0.9333333333333333,63.440052,62.712646,116.75999999999999,0
Camo 录像 2026-01-27 05-24-36,29,0.9666666666666667,63.85067,62.936283,118.02999999999997,0
Camo 录像 2026-01-27 05-24-36,30,1.0,64.25026,63.152206,118.38,0
Camo 录像 2026-01-27 05-24-36,31,1.0333333333333334,64.60435,63.382534,118.82999999999998,0
Camo 录像 2026-01-27 05-24-36,32,1.0666666666666667,64.93056,63.59973,118.99000000000001,0
Camo 录像 2026-01-27 05-24-36,33,1.1,65.23456,63.800346,118.70999999999998,0
Camo 录像 2026-01-27 05-24-36,34,1.1333333333333333,65.49241,63.978687,118.23000000000002,0
Camo 录像 2026-01-27 05-24-36,35,1.1666666666666667,65.71027,64.202805,117.83999999999997,0
Camo 录像 2026-01-27 05-24-36,36,1.2,65.90334,64.43822,116.49000000000001,0
Camo 录像 2026-01-27 05-24-36,37,1.2333333333333334,66.06265,64.68692,114.75999999999999,0
Camo 录像 2026-01-27 05-24-36,38,1.2666666666666666,66.158966,64.97252,113.20999999999998,0
Camo 录像 2026-01-27 05-24-36,39,1.3,66.15235,65.2764,111.43,0
Camo 录像 2026-01-27 05-24-36,40,1.3333333333333333,66.23129,65.571335,108.88,0
Camo 录像 2026-01-27 05-24-36,41,1.3666666666666667,66.195694,65.88156,106.70999999999998,0
Camo 录像 2026-01-27 05-24-36,42,1.4,66.21993,66.20618,103.80000000000001,0
Camo 录像 2026-01-27 05-24-36,43,1.4333333333333333,66.14941,66.530716,101.52999999999997,0
Camo 录像 2026-01-27 05-24-36,44,1.4666666666666666,66.05792,66.87535,98.75999999999999,0
Camo 录像 2026-01-27 05-24-36,45,1.5,65.9579,67.231155,95.97000000000003,0
Camo 录像 2026-01-27 05-24-36,46,1.5333333333333334,65.78986,67.59032,93.39999999999998,0
Camo 录像 2026-01-27 05-24-36,47,1.5666666666666667,65.61457,67.95468,90.75,0
Camo 录像 2026-01-27 05-24-36,48,1.6,65.351974,68.31119,87.99000000000001,0
Camo 录像 2026-01-27 05-24-36,49,1.6333333333333333,65.1746,68.70482,85.69999999999999,0
Camo 录像 2026-01-27 05-24-36,50,1.6666666666666667,64.88902,69.06111,83.02999999999997,0
Camo 录像 2026-01-27 05-24-36,51,1.7,64.88872,69.06091,83.02999999999997,0
Camo 录像 2026-01-27 05-24-36,52,1.7333333333333334,64.321,69.79314,78.52999999999997,0
Camo 录像 2026-01-27 05-24-36,53,1.7666666666666666,64.042114,70.14757,76.47000000000003,0
Camo 录像 2026-01-27 05-24-36,54,1.8,63.73394,70.47925,74.57,0
Camo 录像 2026-01-27 05-24-36,55,1.8333333333333333,63.437283,70.785675,72.62,0
Camo 录像 2026-01-27 05-24-36,56,1.8666666666666667,63.103745,71.07834,70.53,0
Camo 录像 2026-01-27 05-24-36,57,1.9,62.84467,71.43877,69.69999999999999,0
Camo 录像 2026-01-27 05-24-36,58,1.9333333333333333,62.519207,71.71202,68.95999999999998,0
Camo 录像 2026-01-27 05-24-36,59,1.9666666666666666,62.266075,72.022,68.44999999999999,0
Camo 录像 2026-01-27 05-24-36,60,2.0,62.003834,72.31096,68.06,0
Camo 录像 2026-01-27 05-24-36,61,2.033333333333333,61.76002,72.57393,67.80000000000001,0
Camo 录像 2026-01-27 05-24-36,62,2.066666666666667,61.542953,72.86798,68.16,0
Camo 录像 2026-01-27 05-24-36,63,2.1,61.335373,73.13359,68.44999999999999,0
Camo 录像 2026-01-27 05-24-36,64,2.1333333333333333,61.12845,73.38075,69.28999999999999,0
Camo 录像 2026-01-27 05-24-36,65,2.1666666666666665,60.985134,73.67259,70.03999999999999,0
Camo 录像 2026-01-27 05-24-36,66,2.2,60.852642,73.92453,71.25999999999999,0
Camo 录像 2026-01-27 05-24-36,67,2.2333333333333334,60.77385,74.224045,72.67000000000002,0
Camo 录像 2026-01-27 05-24-36,68,2.2666666666666666,60.717537,74.5334,74.74000000000001,0
Camo 录像 2026-01-27 05-24-36,69,2.3,60.685043,74.800415,75.97999999999999,0
Camo 录像 2026-01-27 05-24-36,70,2.3333333333333335,60.68478,75.1082,77.85000000000002,0
Camo 录像 2026-01-27 05-24-36,71,2.3666666666666667,60.732376,75.395325,79.98000000000002,0
Camo 录像 2026-01-27 05-24-36,72,2.4,60.855007,75.78299,82.92000000000002,0
Camo 录像 2026-01-27 05-24-36,73,2.433333333333333,60.995007,76.13785,85.25999999999999,0
Camo 录像 2026-01-27 05-24-36,74,2.466666666666667,61.158905,76.481,87.63,0
Camo 录像 2026-01-27 05-24-36,75,2.5,61.370087,76.87904,90.38999999999999,0
Camo 录像 2026-01-27 05-24-36,76,2.533333333333333,61.594624,77.231735,93.73000000000002,0
Camo 录像 2026-01-27 05-24-36,77,2.566666666666667,61.875423,77.63901,95.75999999999999,0
Camo 录像 2026-01-27 05-24-36,78,2.6,62.14821,78.072754,98.45999999999998,0
Camo 录像 2026-01-27 05-24-36,79,2.6333333333333333,62.437416,78.42496,101.11000000000001,0
Camo 录像 2026-01-27 05-24-36,80,2.6666666666666665,62.75937,78.91666,103.61000000000001,0
Camo 录像 2026-01-27 05-24-36,81,2.7,62.75927,78.91603,103.60000000000002,0
Camo 录像 2026-01-27 05-24-36,82,2.7333333333333334,63.354187,79.647705,107.62,0
Camo 录像 2026-01-27 05-24-36,83,2.7666666666666666,63.657047,80.00523,110.30000000000001,0
Camo 录像 2026-01-27 05-24-36,84,2.8,63.9831,80.36653,112.51999999999998,0
Camo 录像 2026-01-27 05-24-36,85,2.8333333333333335,64.33566,80.75601,113.19,0
Camo 录像 2026-01-27 05-24-36,86,2.8666666666666667,64.68439,81.07042,115.17000000000002,0
Camo 录像 2026-01-27 05-24-36,87,2.9,65.032394,81.38878,116.95999999999998,0
Camo 录像 2026-01-27 05-24-36,88,2.933333333333333,65.39843,81.75256,117.52999999999997,0
Camo 录像 2026-01-27 05-24-36,89,2.966666666666667,65.71442,82.04419,117.88999999999999,0
Camo 录像 2026-01-27 05-24-36,90,3.0,66.03098,82.371475,118.33999999999997,0
Camo 录像 2026-01-27 05-24-36,91,3.033333333333333,66.3348,82.72363,118.80000000000001,0
Camo 录像 2026-01-27 05-24-36,92,3.066666666666667,66.606094,83.04294,118.18,0
Camo 录像 2026-01-27 05-24-36,93,3.1,66.87216,83.373795,117.74000000000001,0
Camo 录像 2026-01-27 05-24-36,94,3.1333333333333333,67.13472,83.69347,117.20999999999998,0
Camo 录像 2026-01-27 05-24-36,95,3.1666666666666665,67.375336,83.984924,116.50999999999999,0
Camo 录像 2026-01-27 05-24-36,96,3.2,67.608925,84.30733,115.43,0
Camo 录像 2026-01-27 05-24-36,97,3.2333333333333334,67.80551,84.64218,113.48000000000002,0
Camo 录像 2026-01-27 05-24-36,98,3.2666666666666666,67.980354,85.01875,112.67000000000002,0
Camo 录像 2026-01-27 05-24-36,99,3.3,68.09031,85.35448,111.33999999999997,0
Camo 录像 2026-01-27 05-24-36,100,3.3333333333333335,68.196266,85.771484,108.94,0
Camo 录像 2026-01-27 05-24-36,101,3.3666666666666667,68.244286,86.198654,106.95999999999998,0
Camo 录像 2026-01-27 05-24-36,102,3.4,68.20301,86.60556,104.15999999999997,0
Camo 录像 2026-01-27 05-24-36,103,3.433333333333333,68.12403,87.032974,102.31,0
Camo 录像 2026-01-27 05-24-36,104,3.466666666666667,67.99048,87.43181,98.98000000000002,0
Camo 录像 2026-01-27 05-24-36,105,3.5,67.87357,87.93605,97.11000000000001,0
Camo 录像 2026-01-27 05-24-36,106,3.533333333333333,67.69506,88.38623,94.72000000000003,0
Camo 录像 2026-01-27 05-24-36,107,3.566666666666667,67.49466,88.82306,90.36000000000001,0
Camo 录像 2026-01-27 05-24-36,108,3.6,67.24961,89.15854,87.36000000000001,0
Camo 录像 2026-01-27 05-24-36,109,3.6333333333333333,67.06665,89.77225,87.13,0
Camo 录像 2026-01-27 05-24-36,110,3.6666666666666665,66.80793,90.154434,83.24000000000001,0
Camo 录像 2026-01-27 05-24-36,111,3.7,66.82952,90.21918,84.58999999999997,0
Camo 录像 2026-01-27 05-24-36,112,3.7333333333333334,66.274124,91.00488,78.24000000000001,0
Camo 录像 2026-01-27 05-24-36,113,3.7666666666666666,66.061356,91.611374,76.05000000000001,0
Camo 录像 2026-01-27 05-24-36,114,3.8,65.712555,91.838974,74.28999999999999,0
Camo 录像 2026-01-27 05-24-36,115,3.8333333333333335,65.42281,92.264404,71.87,0
Camo 录像 2026-01-27 05-24-36,116,3.8666666666666667,65.147995,92.73604,70.28999999999999,0
Camo 录像 2026-01-27 05-24-36,117,3.9,64.8271,93.13107,72.03,0
Camo 录像 2026-01-27 05-24-36,118,3.933333333333333,64.50662,93.51102,71.1,0
Camo 录像 2026-01-27 05-24-36,119,3.966666666666667,64.204285,93.89336,68.43,0
Camo 录像 2026-01-27 05-25-21,0,0.0,61.0,61.0,90.0,0
Camo 录像 2026-01-27 05-25-21,1,0.03333333333333333,60.98494,60.991005,90.10000000000002,0
Camo 录像 2026-01-27 05-25-21,2,0.06666666666666667,60.957344,60.9928,90.07999999999998,0
Camo 录像 2026-01-27 05-25-21,3,0.1,60.93137,60.95766,89.45999999999998,0
Camo 录像 2026-01-27 05-25-21,4,0.13333333333333333,60.851048,60.963284,89.06,0
Camo 录像 2026-01-27 05-25-21,5,0.16666666666666666,60.7322,60.973167,88.13999999999999,0
Camo 录像 2026-01-27 05-25-21,6,0.2,60.60546,60.952717,87.82,0
Camo 录像 2026-01-27 05-25-21,7,0.23333333333333334,60.43614,60.955746,87.26999999999998,0
Camo 录像 2026-01-27 05-25-21,8,0.26666666666666666,60.26047,60.928345,85.94,0
Camo 录像 2026-01-27 05-25-21,9,0.3,60.059586,60.94085,85.70999999999998,0
Camo 录像 2026-01-27 05-25-21,10,0.3333333333333333,59.92513,60.84272,85.75999999999999,0
Camo 录像 2026-01-27 05-25-21,11,0.36666666666666664,59.784637,60.858063,85.52999999999997,0
Camo 录像 2026-01-27 05-25-21,12,0.4,59.708023,60.81205,86.62,0
Camo 录像 2026-01-27 05-25-21,13,0.43333333333333335,59.63966,60.763336,86.88,0
Camo 录像 2026-01-27 05-25-21,14,0.4666666666666667,59.56621,60.733925,87.57999999999998,0
Camo 录像 2026-01-27 05-25-21,15,0.5,59.557777,60.706776,89.02999999999997,0
Camo 录像 2026-01-27 05-25-21,16,0.5333333333333333,59.58153,60.683125,91.0,0
Camo 录像 2026-01-27 05-25-21,17,0.5666666666666667,59.629616,60.679565,92.57999999999998,0
Camo 录像 2026-01-27 05-25-21,18,0.6,59.74148,60.7185,94.39999999999998,0
Camo 录像 2026-01-27 05-25-21,19,0.6333333333333333,59.90579,60.788914,96.49000000000001,0
Camo 录像 2026-01-27 05-25-21,20,0.6666666666666666,60.170444,60.898773,99.26999999999998,0
Camo 录像 2026-01-27 05-25-21,21,0.7,60.50157,61.038197,102.07999999999998,0
Camo 录像 2026-01-27 05-25-21,22,0.7333333333333333,60.873455,61.206005,104.54000000000002,0
Camo 录像 2026-01-27 05-25-21,23,0.7666666666666667,61.29972,61.384743,107.10000000000002,0
Camo 录像 2026-01-27 05-25-21,24,0.8,61.732777,61.60782,109.92000000000002,0
Camo 录像 2026-01-27 05-25-21,25,0.8333333333333334,62.2236,61.79254,112.13,0
Camo 录像 2026-01-27 05-25-21,26,0.8666666666666667,62.683727,61.996243,114.10000000000002,0
Camo 录像 2026-01-27 05-25-21,27,0.9,63.149067,62.16963,116.31,0
Camo 录像 2026-01-27 05-25-21,28,0.9333333333333333,63.548626,62.399754,117.63,0
Camo 录像 2026-01-27 05-25-21,29,0.9666666666666667,64.026825,62.554237,118.60000000000002,0
Camo 录像 2026-01-27 05-25-21,30,1.0,64.34978,62.777786,118.94,0
Camo 录像 2026-01-27 05-25-21,31,1.0333333333333334,64.72034,62.97297,119.07999999999998,0
Camo 录像 2026-01-27 05-25-21,32,1.0666666666666667,65.01337,63.16752,118.69999999999999,0
Camo 录像 2026-01-27 05-25-21,33,1.1,65.32251,63.33309,118.49000000000001,0
Camo 录像 2026-01-27 05-25-21,34,1.1333333333333333,65.58826,63.518135,118.14999999999998,0
Camo 录像 2026-01-27 05-25-21,35,1.1666666666666667,65.77049,63.744713,117.31,0
Camo 录像 2026-01-27 05-25-21,36,1.2,65.98993,63.955593,115.82,0
Camo 录像 2026-01-27 05-25-21,37,1.2333333333333334,66.082214,64.21861,114.22000000000003,0
Camo 录像 2026-01-27 05-25-21,38,1.2666666666666666,66.17874,64.480545,112.5,0
Camo 录像 2026-01-27 05-25-21,39,1.3,66.20926,64.78265,110.07999999999998,0
Camo 录像 2026-01-27 05-25-21,40,1.3333333333333333,66.21596,65.08835,108.02999999999997,0
Camo 录像 2026-01-27 05-25-21,41,1.3666666666666667,66.219925,65.400116,105.68,0
Camo 录像 2026-01-27 05-25-21,42,1.4,66.14615,65.75183,103.06,0
Camo 录像 2026-01-27 05-25-21,43,1.4333333333333333,66.04712,66.10486,100.27999999999997,0
Camo 录像 2026-01-27 05-25-21,44,1.4666666666666666,65.95102,66.46607,97.70999999999998,0
Camo 录像 2026-01-27 05-25-21,45,1.5,65.886826,66.829056,94.87,0
Camo 录像 2026-01-27 05-25-21,46,1.5333333333333334,65.7168,67.19802,92.42000000000002,0
Camo 录像 2026-01-27 05-25-21,47,1.5666666666666667,65.607285,67.57512,89.60000000000002,0
Camo 录像 2026-01-27 05-25-21,48,1.6,65.39615,67.94258,87.09000000000003,0
Camo 录像 2026-01-27 05-25-21,49,1.6333333333333333,65.185165,68.30336,84.69,0
Camo 录像 2026-01-27 05-25-21,50,1.6666666666666667,65.05528,68.67432,82.31,0
Camo 录像 2026-01-27 05-25-21,51,1.7,64.80014,69.02912,80.14999999999998,0
Camo 录像 2026-01-27 05-25-21,52,1.7333333333333334,64.5282,69.398605,77.67000000000002,0
Camo 录像 2026-01-27 05-25-21,53,1.7666666666666666,64.321335,69.756165,75.97,0
Camo 录像 2026-01-27 05-25-21,54,1.8,64.03862,70.10495,73.88999999999999,0
Camo 录像 2026-01-27 05-25-21,55,1.8333333333333333,63.702267,70.42002,71.69999999999999,0
Camo 录像 2026-01-27 05-25-21,56,1.8666666666666667,63.472195,70.76594,70.82999999999998,0
Camo 录像 2026-01-27 05-25-21,57,1.9,63.169064,71.0731,69.32999999999998,0
Camo 录像 2026-01-27 05-25-21,58,1.9333333333333333,62.918278,71.39161,68.75,0
Camo 录像 2026-01-27 05-25-21,59,1.9666666666666666,62.660107,71.677895,68.15,0
Camo 录像 2026-01-27 05-25-21,60,2.0,62.41757,71.981346,68.16,0
Camo 录像 2026-01-27 05-25-21,61,2.033333333333333,62.22578,72.28717,68.51999999999998,0
Camo 录像 2026-01-27 05-25-21,62,2.066666666666667,61.99261,72.54918,68.65,0
Camo 录像 2026-01-27 05-25-21,63,2.1,61.744835,72.794655,68.81,0
Camo 录像 2026-01-27 05-25-21,64,2.1333333333333333,61.580616,73.091286,69.82,0
Camo 录像 2026-01-27 05-25-21,65,2.1666666666666665,61.421635,73.37591,71.04000000000002,0
Camo 录像 2026-01-27 05-25-21,66,2.2,61.304855,73.65097,71.94,0
Camo 录像 2026-01-27 05-25-21,67,2.2333333333333334,61.25319,73.97835,74.28,0
Camo 录像 2026-01-27 05-25-21,68,2.2666666666666666,61.23666,74.277115,76.09000000000003,0
Camo 录像 2026-01-27 05-25-21,69,2.3,61.252453,74.56622,77.79000000000002,0
Camo 录像 2026-01-27 05-25-21,70,2.3333333333333335,61.303303,74.878174,79.94999999999999,0
Camo 录像 2026-01-27 05-25-21,71,2.3666666666666667,61.43786,75.197586,81.85000000000002,0
Camo 录像 2026-01-27 05-25-21,72,2.4,61.595833,75.54036,84.70999999999998,0
Camo 录像 2026-01-27 05-25-21,73,2.433333333333333,61.74332,75.85478,86.92000000000002,0
Camo 录像 2026-01-27 05-25-21,74,2.466666666666667,61.949257,76.23408,89.36000000000001,0
Camo 录像 2026-01-27 05-25-21,75,2.5,62.167507,76.58176,92.40999999999997,0
Camo 录像 2026-01-27 05-25-21,76,2.533333333333333,62.442394,76.96263,94.84000000000003,0
Camo 录像 2026-01-27 05-25-21,77,2.566666666666667,62.730633,77.36585,97.52999999999997,0
Camo 录像 2026-01-27 05-25-21,78,2.6,63.026524,77.72864,100.18,0
Camo 录像 2026-01-27 05-25-21,79,2.6333333333333333,63.357975,78.1204,102.88,0
Camo 录像 2026-01-27 05-25-21,80,2.6666666666666665,63.71771,78.52424,105.20999999999998,0
Camo 录像 2026-01-27 05-25-21,81,2.7,64.01698,78.81563,108.24000000000001,0
Camo 录像 2026-01-27 05-25-21,82,2.7333333333333334,64.369156,79.14959,109.42000000000002,0
Camo 录像 2026-01-27 05-25-21,83,2.7666666666666666,64.77051,79.55447,112.0,0
Camo 录像 2026-01-27 05-25-21,84,2.8,65.12132,79.87133,114.06,0
Camo 录像 2026-01-27 05-25-21,85,2.8333333333333335,65.498276,80.19798,115.69,0
Camo 录像 2026-01-27 05-25-21,86,2.8666666666666667,65.856094,80.46759,116.62,0
Camo 录像 2026-01-27 05-25-21,87,2.9,66.21867,80.777725,118.35000000000002,0
Camo 录像 2026-01-27 05-25-21,88,2.933333333333333,66.5406,81.041626,118.09000000000003,0
Camo 录像 2026-01-27 05-25-21,89,2.966666666666667,66.91736,81.40915,118.74000000000001,0
Camo 录像 2026-01-27 05-25-21,90,3.0,67.20679,81.67947,118.94,0
Camo 录像 2026-01-27 05-25-21,91,3.033333333333333,67.55571,82.05295,118.94999999999999,0
Camo 录像 2026-01-27 05-25-21,92,3.066666666666667,67.82445,82.35437,118.88999999999999,0
Camo 录像 2026-01-27 05-25-21,93,3.1,68.0437,82.609856,118.97000000000003,0
Camo 录像 2026-01-27 05-25-21,94,3.1333333333333333,68.31961,82.92079,117.19,0
Camo 录像 2026-01-27 05-25-21,95,3.1666666666666665,68.58562,83.22038,116.76999999999998,0
Camo 录像 2026-01-27 05-25-21,96,3.2,68.7899,83.51253,115.31,0
Camo 录像 2026-01-27 05-25-21,97,3.2333333333333334,68.964096,83.83123,114.06,0
Camo 录像 2026-01-27 05-25-21,98,3.2666666666666666,69.1514,84.19264,113.07999999999998,0
Camo 录像 2026-01-27 05-25-21,99,3.3,69.26912,84.54922,111.34000000000003,0
Camo 录像 2026-01-27 05-25-21,100,3.3333333333333335,69.30795,84.83081,108.39999999999998,0
Camo 录像 2026-01-27 05-25-21,101,3.3666666666666667,69.38245,85.260315,105.77999999999997,0
Camo 录像 2026-01-27 05-25-21,102,3.4,69.38182,85.705475,103.56,0
Camo 录像 2026-01-27 05-25-21,103,3.433333333333333,69.379166,86.21997,101.55000000000001,0
Camo 录像 2026-01-27 05-25-21,104,3.466666666666667,69.34209,86.728966,98.14999999999998,0
Camo 录像 2026-01-27 05-25-21,105,3.5,69.21794,87.176,96.51999999999998,0
Camo 录像 2026-01-27 05-25-21,106,3.533333333333333,69.05133,87.616615,94.18,0
Camo 录像 2026-01-27 05-25-21,107,3.566666666666667,68.845535,88.01083,89.94,0
Camo 录像 2026-01-27 05-25-21,108,3.6,68.78024,88.67973,87.80000000000001,0
Camo 录像 2026-01-27 05-25-21,109,3.6333333333333333,68.47197,88.95911,84.57999999999998,0
Camo 录像 2026-01-27 05-25-21,110,3.6666666666666665,68.28227,89.49143,82.32,0
Camo 录像 2026-01-27 05-25-21,111,3.7,68.028595,89.910225,79.93,0
Camo 录像 2026-01-27 05-25-21,112,3.7333333333333334,67.72391,90.28931,80.25,0
Camo 录像 2026-01-27 05-25-21,113,3.7666666666666666,67.52086,90.82362,77.86000000000001,0
Camo 录像 2026-01-27 05-25-21,114,3.8,67.20752,91.16873,74.24000000000001,0
Camo 录像 2026-01-27 05-25-21,115,3.8333333333333335,66.94798,91.64913,72.18,0
Camo 录像 2026-01-27 05-25-21,116,3.8666666666666667,66.645874,92.039246,70.79000000000002,0
Camo 录像 2026-01-27 05-25-21,117,3.9,66.32503,92.3785,69.72,0
Camo 录像 2026-01-27 05-25-21,118,3.933333333333333,66.09212,92.937416,71.0,0
Camo 录像 2026-01-27 05-25-21,119,3.966666666666667,66.004364,93.4873,71.30000000000001,0
Camo 录像 2026-01-27 05-26-06,0,0.0,61.0,61.0,90.0,0
Camo 录像 2026-01-27 05-26-06,1,0.03333333333333333,60.99735,61.00996,89.89999999999998,0
Camo 录像 2026-01-27 05-26-06,2,0.06666666666666667,60.985657,60.992344,90.11000000000001,0
Camo 录像 2026-01-27 05-26-06,3,0.1,60.951515,60.976574,90.21000000000004,0
Camo 录像 2026-01-27 05-26-06,4,0.13333333333333333,60.89347,60.93864,89.32,0
Camo 录像 2026-01-27 05-26-06,5,0.16666666666666666,60.806236,60.909386,89.06,0
Camo 录像 2026-01-27 05-26-06,6,0.2,60.66805,60.869553,88.24000000000001,0
Camo 录像 2026-01-27 05-26-06,7,0.23333333333333334,60.49886,60.833538,87.50999999999999,0
Camo 录像 2026-01-27 05-26-06,8,0.26666666666666666,60.313553,60.78059,86.93,0
Camo 录像 2026-01-27 05-26-06,9,0.3,60.124165,60.723896,86.18,0
Camo 录像 2026-01-27 05-26-06,10,0.3333333333333333,59.934105,60.64898,85.75,0
Camo 录像 2026-01-27 05-26-06,11,0.36666666666666664,59.7793,60.579136,85.77999999999997,0
Camo 录像 2026-01-27 05-26-06,12,0.4,59.654686,60.52976,85.74000000000001,0
Camo 录像 2026-01-27 05-26-06,13,0.43333333333333335,59.562775,60.470303,86.93,0
Camo 录像 2026-01-27 05-26-06,14,0.4666666666666667,59.48533,60.41582,86.96000000000004,0
Camo 录像 2026-01-27 05-26-06,15,0.5,59.452824,60.339333,88.22000000000003,0
Camo 录像 2026-01-27 05-26-06,16,0.5333333333333333,59.480892,60.29081,89.97000000000003,0
Camo 录像 2026-01-27 05-26-06,17,0.5666666666666667,59.520172,60.25608,91.66000000000003,0
Camo 录像 2026-01-27 05-26-06,18,0.6,59.628914,60.28286,93.05000000000001,0
Camo 录像 2026-01-27 05-26-06,19,0.6333333333333333,59.763916,60.306698,95.23000000000002,0
Camo 录像 2026-01-27 05-26-06,20,0.6666666666666666,60.006172,60.376965,98.07,0
Camo 录像 2026-01-27 05-26-06,21,0.7,60.28372,60.512123,100.67000000000002,0
Camo 录像 2026-01-27 05-26-06,22,0.7333333333333333,60.593792,60.660362,103.31,0
Camo 录像 2026-01-27 05-26-06,23,0.7666666666666667,60.963932,60.826996,105.98000000000002,0
Camo 录像 2026-01-27 05-26-06,24,0.8,61.34753,61.037422,108.32999999999998,0
Camo 录像 2026-01-27 05-26-06,25,0.8333333333333334,61.747692,61.23886,110.94999999999999,0
Camo 录像 2026-01-27 05-26-06,26,0.8666666666666667,62.161343,61.442703,113.13,0
Camo 录像 2026-01-27 05-26-06,27,0.9,62.574123,61.64233,115.02999999999997,0
Camo 录像 2026-01-27 05-26-06,28,0.9333333333333333,62.985134,61.84844,116.87,0
Camo 录像 2026-01-27 05-26-06,29,0.9666666666666667,63.37609,62.055294,118.12,0
Camo 录像 2026-01-27 05-26-06,30,1.0,63.742836,62.241333,118.57999999999998,0
Camo 录像 2026-01-27 05-26-06,31,1.0333333333333334,64.05721,62.439747,118.85000000000002,0
Camo 录像 2026-01-27 05-26-06,32,1.0666666666666667,64.358185,62.629078,118.80000000000001,0
Camo 录像 2026-01-27 05-26-06,33,1.1,64.62449,62.805313,118.47000000000003,0
Camo 录像 2026-01-27 05-26-06,34,1.1333333333333333,64.85753,62.970417,118.24000000000001,0
Camo 录像 2026-01-27 05-26-06,35,1.1666666666666667,65.03917,63.16583,117.52999999999997,0
Camo 录像 2026-01-27 05-26-06,36,1.2,65.17738,63.372158,116.27999999999997,0
Camo 录像 2026-01-27 05-26-06,37,1.2333333333333334,65.266205,63.603355,114.84000000000003,0
Camo 录像 2026-01-27 05-26-06,38,1.2666666666666666,65.28927,63.86946,113.07,0
Camo 录像 2026-01-27 05-26-06,39,1.3,65.29053,64.132164,111.18,0
Camo 录像 2026-01-27 05-26-06,40,1.3333333333333333,65.27829,64.422874,108.59000000000003,0
Camo 录像 2026-01-27 05-26-06,41,1.3666666666666667,65.22954,64.722725,105.99000000000001,0
Camo 录像 2026-01-27 05-26-06,42,1.4,65.15483,65.03427,103.81,0
Camo 录像 2026-01-27 05-26-06,43,1.4333333333333333,65.06729,65.3556,100.92000000000002,0
Camo 录像 2026-01-27 05-26-06,44,1.4666666666666666,64.92102,65.67956,98.56,0
Camo 录像 2026-01-27 05-26-06,45,1.5,64.81796,66.02219,95.75999999999999,0
Camo 录像 2026-01-27 05-26-06,46,1.5333333333333334,64.64632,66.36395,93.24000000000001,0
Camo 录像 2026-01-27 05-26-06,47,1.5666666666666667,64.43678,66.69134,90.87,0
Camo 录像 2026-01-27 05-26-06,48,1.6,64.25739,67.0485,87.91000000000003,0
Camo 录像 2026-01-27 05-26-06,49,1.6333333333333333,64.027115,67.39311,85.49000000000001,0
Camo 录像 2026-01-27 05-26-06,50,1.6666666666666667,63.76836,67.731575,82.77999999999997,0
Camo 录像 2026-01-27 05-26-06,51,1.7,63.49897,68.059326,80.34000000000003,0
Camo 录像 2026-01-27 05-26-06,52,1.7333333333333334,63.211704,68.39454,78.24000000000001,0
Camo 录像 2026-01-27 05-26-06,53,1.7666666666666666,62.91152,68.70839,75.86000000000001,0
Camo 录像 2026-01-27 05-26-06,54,1.8,62.59075,69.02019,74.24000000000001,0
Camo 录像 2026-01-27 05-26-06,55,1.8333333333333333,62.27989,69.32879,72.21000000000001,0
Camo 录像 2026-01-27 05-26-06,56,1.8666666666666667,61.94453,69.59623,70.22,0
Camo 录像 2026-01-27 05-26-06,57,1.9,61.613377,69.86608,69.57999999999998,0
Camo 录像 2026-01-27 05-26-06,58,1.9333333333333333,61.2937,70.15533,68.36000000000001,0
Camo 录像 2026-01-27 05-26-06,59,1.9666666666666666,60.99347,70.43312,67.41000000000003,0
Camo 录像 2026-01-27 05-26-06,60,2.0,60.70079,70.69327,67.36000000000001,0
Camo 录像 2026-01-27 05-26-06,61,2.033333333333333,60.418705,70.95528,67.60000000000002,0
Camo 录像 2026-01-27 05-26-06,62,2.066666666666667,60.164402,71.18045,67.09,0
Camo 录像 2026-01-27 05-26-06,63,2.1,59.904446,71.46784,68.24000000000001,0
Camo 录像 2026-01-27 05-26-06,64,2.1333333333333333,59.66146,71.71912,68.59,0
Camo 录像 2026-01-27 05-26-06,65,2.1666666666666665,59.438274,71.99183,69.88999999999999,0
Camo 录像 2026-01-27 05-26-06,66,2.2,59.266773,72.26446,71.09,0
Camo 录像 2026-01-27 05-26-06,67,2.2333333333333334,59.143715,72.55635,72.75,0
Camo 录像 2026-01-27 05-26-06,68,2.2666666666666666,59.04701,72.849236,74.18,0
Camo 录像 2026-01-27 05-26-06,69,2.3,58.989536,73.1283,75.82999999999998,0
Camo 录像 2026-01-27 05-26-06,70,2.3333333333333335,58.984898,73.419464,77.76999999999998,0
Camo 录像 2026-01-27 05-26-06,71,2.3666666666666667,59.050415,73.70692,79.76999999999998,0
Camo 录像 2026-01-27 05-26-06,72,2.4,59.16658,74.03502,82.36000000000001,0
Camo 录像 2026-01-27 05-26-06,73,2.433333333333333,59.305794,74.36657,85.38999999999999,0
Camo 录像 2026-01-27 05-26-06,74,2.466666666666667,59.481293,74.745544,86.82999999999998,0
Camo 录像 2026-01-27 05-26-06,75,2.5,59.67204,75.08704,90.29000000000002,0
Camo 录像 2026-01-27 05-26-06,76,2.533333333333333,59.90137,75.5118,93.32,0
Camo 录像 2026-01-27 05-26-06,77,2.566666666666667,60.157326,75.95791,95.43,0
Camo 录像 2026-01-27 05-26-06,78,2.6,60.42371,76.33978,97.63,0
Camo 录像 2026-01-27 05-26-06,79,2.6333333333333333,60.702717,76.755455,100.87,0
Camo 录像 2026-01-27 05-26-06,80,2.6666666666666665,60.99718,77.09682,102.67000000000002,0
Camo 录像 2026-01-27 05-26-06,81,2.7,61.306515,77.539276,105.27999999999997,0
Camo 录像 2026-01-27 05-26-06,82,2.7333333333333334,61.612988,77.89197,107.14999999999998,0
Camo 录像 2026-01-27 05-26-06,83,2.7666666666666666,61.929153,78.24654,109.31,0
Camo 录像 2026-01-27 05-26-06,84,2.8,62.26748,78.681145,111.63,0
Camo 录像 2026-01-27 05-26-06,85,2.8333333333333335,62.61386,79.0655,113.09000000000003,0
Camo 录像 2026-01-27 05-26-06,86,2.8666666666666667,62.983185,79.36632,115.38999999999999,0
Camo 录像 2026-01-27 05-26-06,87,2.9,63.339954,79.708,115.99000000000001,0
Camo 录像 2026-01-27 05-26-06,88,2.933333333333333,63.66591,80.01367,117.77999999999997,0
Camo 录像 2026-01-27 05-26-06,89,2.966666666666667,63.99706,80.3826,118.17000000000002,0
Camo 录像 2026-01-27 05-26-06,90,3.0,64.26957,80.66132,117.79000000000002,0
Camo 录像 2026-01-27 05-26-06,91,3.033333333333333,64.541466,81.03443,118.38999999999999,0
Camo 录像 2026-01-27 05-26-06,92,3.066666666666667,64.75441,81.31525,118.19,0
Camo 录像 2026-01-27 05-26-06,93,3.1,64.980804,81.64476,117.54000000000002,0
Camo 录像 2026-01-27 05-26-06,94,3.1333333333333333,65.190285,81.95067,116.85000000000002,0
Camo 录像 2026-01-27 05-26-06,95,3.1666666666666665,65.40934,82.273125,115.80000000000001,0
Camo 录像 2026-01-27 05-26-06,96,3.2,65.61763,82.62936,114.71000000000004,0
Camo 录像 2026-01-27 05-26-06,97,3.2333333333333334,65.786545,82.93324,113.61000000000001,0
Camo 录像 2026-01-27 05-26-06,98,3.2666666666666666,65.93494,83.225464,112.68,0
Camo 录像 2026-01-27 05-26-06,99,3.3,66.071014,83.57758,110.39999999999998,0
Camo 录像 2026-01-27 05-26-06,100,3.3333333333333335,66.16615,83.917404,108.87,0
Camo 录像 2026-01-27 05-26-06,101,3.3666666666666667,66.256134,84.3793,107.18,0
Camo 录像 2026-01-27 05-26-06,102,3.4,66.22508,84.6514,103.48000000000002,0
Camo 录像 2026-01-27 05-26-06,103,3.433333333333333,66.1991,85.2023,101.87,0
Camo 录像 2026-01-27 05-26-06,104,3.466666666666667,66.0739,85.580864,100.04000000000002,0
Camo 录像 2026-01-27 05-26-06,105,3.5,65.942856,86.00619,97.19,0
Camo 录像 2026-01-27 05-26-06,106,3.533333333333333,65.735306,86.33492,93.32999999999998,0
Camo 录像 2026-01-27 05-26-06,107,3.566666666666667,65.525055,86.746826,90.73000000000002,0
Camo 录像 2026-01-27 05-26-06,108,3.6,65.316315,87.26923,88.21000000000004,0
Camo 录像 2026-01-27 05-26-06,109,3.6333333333333333,65.0907,87.75882,87.07,0
Camo 录像 2026-01-27 05-26-06,110,3.6666666666666665,64.818245,88.15584,83.23000000000002,0
Camo 录像 2026-01-27 05-26-06,111,3.7,64.55768,88.62824,80.72000000000003,0
Camo 录像 2026-01-27 05-26-06,112,3.7333333333333334,64.270065,88.98233,78.5,0
Camo 录像 2026-01-27 05-26-06,113,3.7666666666666666,64.0146,89.61711,76.72000000000003,0
Camo 录像 2026-01-27 05-26-06,114,3.8,63.68475,89.79328,74.34,0
Camo 录像 2026-01-27 05-26-06,115,3.8333333333333335,63.394444,90.29147,72.15,0
Camo 录像 2026-01-27 05-26-06,116,3.8666666666666667,63.055878,90.56472,71.11000000000001,0
Camo 录像 2026-01-27 05-26-06,117,3.9,62.7374,90.99688,69.62,0
Camo 录像 2026-01-27 05-26-06,118,3.933333333333333,62.397152,91.233826,68.87,0
Camo 录像 2026-01-27 05-26-06,119,3.966666666666667,62.126633,91.781296,69.47,0
Camo 录像 2026-01-27 05-26-49,0,0.0,61.0,61.0,90.0,0
Camo 录像 2026-01-27 05-26-49,1,0.03333333333333333,60.949474,61.012592,89.98000000000002,0
Camo 录像 2026-01-27 05-26-49,2,0.06666666666666667,60.893875,61.01618,89.60000000000002,0
Camo 录像 2026-01-27 05-26-49,3,0.1,60.80805,61.029873,89.30000000000001,0
Camo 录像 2026-01-27 05-26-49,4,0.13333333333333333,60.67889,61.057053,88.65999999999997,0
Camo 录像 2026-01-27 05-26-49,5,0.16666666666666666,60.523327,61.066483,88.03999999999996,0
Camo 录像 2026-01-27 05-26-49,6,0.2,60.52322,61.066685,88.03999999999996,0
Camo 录像 2026-01-27 05-26-49,7,0.23333333333333334,60.331833,61.09111,87.01999999999998,0
Camo 录像 2026-01-27 05-26-49,8,0.26666666666666666,60.134457,61.092625,86.51999999999998,0
Camo 录像 2026-01-27 05-26-49,9,0.3,59.739944,61.027824,85.32999999999998,0
Camo 录像 2026-01-27 05-26-49,10,0.3333333333333333,59.569523,61.05677,85.82,0
Camo 录像 2026-01-27 05-26-49,11,0.36666666666666664,59.43993,60.998714,85.76999999999998,0
Camo 录像 2026-01-27 05-26-49,12,0.4,59.33393,60.988235,86.12,0
Camo 录像 2026-01-27 05-26-49,13,0.43333333333333335,59.237717,60.951397,86.56,0
Camo 录像 2026-01-27 05-26-49,14,0.4666666666666667,59.23761,60.951603,86.55000000000001,0
Camo 录像 2026-01-27 05-26-49,15,0.5,59.18562,60.930107,87.57999999999998,0
Camo 录像 2026-01-27 05-26-49,16,0.5333333333333333,59.195427,60.90025,88.90999999999997,0
Camo 录像 2026-01-27 05-26-49,17,0.5666666666666667,59.242134,60.875275,90.51999999999998,0
Camo 录像 2026-01-27 05-26-49,18,0.6,59.31374,60.901688,92.05000000000001,0
Camo 录像 2026-01-27 05-26-49,19,0.6333333333333333,59.4394,60.923676,94.0,0
Camo 录像 2026-01-27 05-26-49,20,0.6666666666666666,59.625175,60.968678,96.0,0
Camo 录像 2026-01-27 05-26-49,21,0.7,59.90437,61.067165,98.69999999999999,0
Camo 录像 2026-01-27 05-26-49,22,0.7333333333333333,60.21921,61.213043,101.32999999999998,0
Camo 录像 2026-01-27 05-26-49,23,0.7666666666666667,60.58689,61.39412,104.07999999999998,0
Camo 录像 2026-01-27 05-26-49,24,0.8,60.982346,61.57908,106.27999999999997,0
Camo 录像 2026-01-27 05-26-49,25,0.8333333333333334,61.393166,61.80218,108.88999999999999,0
Camo 录像 2026-01-27 05-26-49,26,0.8666666666666667,61.808025,62.03841,111.32999999999998,0
Camo 录像 2026-01-27 05-26-49,27,0.9,62.25218,62.24446,113.39999999999998,0
Camo 录像 2026-01-27 05-26-49,28,0.9333333333333333,62.65494,62.49533,115.32999999999998,0
Camo 录像 2026-01-27 05-26-49,29,0.9666666666666667,63.09222,62.71885,117.02999999999997,0
Camo 录像 2026-01-27 05-26-49,30,1.0,63.456722,62.959396,117.62,0
Camo 录像 2026-01-27 05-26-49,31,1.0333333333333334,63.809364,63.178833,118.38999999999999,0
Camo 录像 2026-01-27 05-26-49,32,1.0666666666666667,64.13655,63.404633,118.39999999999998,0
Camo 录像 2026-01-27 05-26-49,33,1.1,64.4194,63.61395,118.69999999999999,0
Camo 录像 2026-01-27 05-26-49,34,1.1333333333333333,64.6788,63.79555,118.50999999999999,0
Camo 录像 2026-01-27 05-26-49,35,1.1666666666666667,64.89224,63.99701,118.05000000000001,0
Camo 录像 2026-01-27 05-26-49,36,1.2,65.07921,64.21573,116.73000000000002,0
Camo 录像 2026-01-27 05-26-49,37,1.2333333333333334,65.22664,64.46117,115.33999999999997,0
Camo 录像 2026-01-27 05-26-49,38,1.2666666666666666,65.324265,64.72879,113.63,0
Camo 录像 2026-01-27 05-26-49,39,1.3,65.3707,65.0152,111.60000000000002,0
Camo 录像 2026-01-27 05-26-49,40,1.3333333333333333,65.42848,65.3109,109.43,0
Camo 录像 2026-01-27 05-26-49,41,1.3666666666666667,65.42232,65.61979,106.69,0
Camo 录像 2026-01-27 05-26-49,42,1.4,65.476685,65.93144,104.44,0
Camo 录像 2026-01-27 05-26-49,43,1.4333333333333333,65.44533,66.26227,102.19999999999999,0
Camo 录像 2026-01-27 05-26-49,44,1.4666666666666666,65.42485,66.584145,99.57999999999998,0
Camo 录像 2026-01-27 05-26-49,45,1.5,65.35326,66.92419,96.99000000000001,0
Camo 录像 2026-01-27 05-26-49,46,1.5333333333333334,65.2708,67.25867,94.33999999999997,0
Camo 录像 2026-01-27 05-26-49,47,1.5666666666666667,65.105484,67.59658,91.27999999999997,0
Camo 录像 2026-01-27 05-26-49,48,1.6,64.96838,67.93715,89.08999999999997,0
Camo 录像 2026-01-27 05-26-49,49,1.6333333333333333,64.78697,68.279655,86.72000000000003,0
Camo 录像 2026-01-27 05-26-49,50,1.6666666666666667,64.57066,68.60504,84.31,0
Camo 录像 2026-01-27 05-26-49,51,1.7,64.34567,68.946625,81.75,0
Camo 录像 2026-01-27 05-26-49,52,1.7333333333333334,64.08644,69.281906,79.52999999999997,0
Camo 录像 2026-01-27 05-26-49,53,1.7666666666666666,63.79559,69.61502,77.38,0
Camo 录像 2026-01-27 05-26-49,54,1.8,63.502346,69.9373,75.26999999999998,0
Camo 录像 2026-01-27 05-26-49,55,1.8333333333333333,63.198166,70.275246,73.61000000000001,0
Camo 录像 2026-01-27 05-26-49,56,1.8666666666666667,62.87258,70.59639,71.82,0
Camo 录像 2026-01-27 05-26-49,57,1.9,62.556683,70.91681,70.18,0
Camo 录像 2026-01-27 05-26-49,58,1.9333333333333333,62.249287,71.228966,68.74000000000001,0
Camo 录像 2026-01-27 05-26-49,59,1.9666666666666666,61.929523,71.48926,67.68,0
Camo 录像 2026-01-27 05-26-49,60,2.0,61.665504,71.82433,67.66999999999999,0
Camo 录像 2026-01-27 05-26-49,61,2.033333333333333,61.400444,72.09457,67.69,0
Camo 录像 2026-01-27 05-26-49,62,2.066666666666667,61.168427,72.39286,67.85,0
Camo 录像 2026-01-27 05-26-49,63,2.1,60.951546,72.6778,68.0,0
Camo 录像 2026-01-27 05-26-49,64,2.1333333333333333,60.744644,72.93709,68.26999999999998,0
Camo 录像 2026-01-27 05-26-49,65,2.1666666666666665,60.57778,73.21244,69.16,0
Camo 录像 2026-01-27 05-26-49,66,2.2,60.442184,73.47997,70.62,0
Camo 录像 2026-01-27 05-26-49,67,2.2333333333333334,60.364773,73.798935,71.74000000000001,0
Camo 录像 2026-01-27 05-26-49,68,2.2666666666666666,60.30822,74.046455,73.47999999999999,0
Camo 录像 2026-01-27 05-26-49,69,2.3,60.31462,74.40702,75.22,0
Camo 录像 2026-01-27 05-26-49,70,2.3333333333333335,60.321053,74.672935,76.86000000000001,0
Camo 录像 2026-01-27 05-26-49,71,2.3666666666666667,60.37456,75.00338,78.77999999999997,0
Camo 录像 2026-01-27 05-26-49,72,2.4,60.47304,75.30006,81.45999999999998,0
Camo 录像 2026-01-27 05-26-49,73,2.433333333333333,60.617905,75.671585,83.83999999999997,0
Camo 录像 2026-01-27 05-26-49,74,2.466666666666667,60.768063,76.06526,86.39999999999998,0
Camo 录像 2026-01-27 05-26-49,75,2.5,60.936108,76.412415,88.40999999999997,0
Camo 录像 2026-01-27 05-26-49,76,2.533333333333333,61.15151,76.83074,91.52999999999997,0
Camo 录像 2026-01-27 05-26-49,77,2.566666666666667,61.349293,77.119965,94.60000000000002,0
Camo 录像 2026-01-27 05-26-49,78,2.6,61.651283,77.65448,97.01999999999998,0
Camo 录像 2026-01-27 05-26-49,79,2.6333333333333333,61.918434,78.0497,99.56,0
Camo 录像 2026-01-27 05-26-49,80,2.6666666666666665,62.19442,78.3982,102.73000000000002,0
Camo 录像 2026-01-27 05-26-49,81,2.7,62.510406,78.82587,104.53999999999996,0
Camo 录像 2026-01-27 05-26-49,82,2.7333333333333334,62.79314,79.13425,106.81,0
Camo 录像 2026-01-27 05-26-49,83,2.7666666666666666,63.119564,79.577774,108.90999999999997,0
Camo 录像 2026-01-27 05-26-49,84,2.8,63.473194,79.9727,111.19999999999999,0
Camo 录像 2026-01-27 05-26-49,85,2.8333333333333335,63.82783,80.33453,112.5,0
Camo 录像 2026-01-27 05-26-49,86,2.8666666666666667,64.18193,80.622284,114.13999999999999,0
Camo 录像 2026-01-27 05-26-49,87,2.9,64.56923,80.99205,116.41999999999996,0
Camo 录像 2026-01-27 05-26-49,88,2.933333333333333,64.92143,81.293236,117.94999999999999,0
Camo 录像 2026-01-27 05-26-49,89,2.966666666666667,65.26596,81.549355,117.88999999999999,0
Camo 录像 2026-01-27 05-26-49,90,3.0,65.62904,81.91513,119.13,0
Camo 录像 2026-01-27 05-26-49,91,3.033333333333333,65.995514,82.276115,118.39999999999998,0
Camo 录像 2026-01-27 05-26-49,92,3.066666666666667,66.32912,82.621086,118.44,0
Camo 录像 2026-01-27 05-26-49,93,3.1,66.63217,82.93385,118.19,0
Camo 录像 2026-01-27 05-26-49,94,3.1333333333333333,66.94148,83.28202,118.40999999999997,0
Camo 录像 2026-01-27 05-26-49,95,3.1666666666666665,67.196594,83.5303,117.01999999999998,0
Camo 录像 2026-01-27 05-26-49,96,3.2,67.48833,83.87585,115.72000000000003,0
Camo 录像 2026-01-27 05-26-49,97,3.2333333333333334,67.71164,84.20108,114.63999999999999,0
Camo 录像 2026-01-27 05-26-49,98,3.2666666666666666,67.91258,84.59768,114.25999999999999,0
Camo 录像 2026-01-27 05-26-49,99,3.3,68.05768,84.91975,112.03999999999996,0
Camo 录像 2026-01-27 05-26-49,100,3.3333333333333335,68.146545,85.272026,110.97000000000003,0
Camo 录像 2026-01-27 05-26-49,101,3.3666666666666667,68.21246,85.646706,108.75999999999999,0
Camo 录像 2026-01-27 05-26-49,102,3.4,68.24573,86.069824,106.86000000000001,0
Camo 录像 2026-01-27 05-26-49,103,3.433333333333333,68.20094,86.44781,104.69999999999999,0
Camo 录像 2026-01-27 05-26-49,104,3.466666666666667,68.12894,86.8528,100.95999999999998,0
Camo 录像 2026-01-27 05-26-49,105,3.5,68.010956,87.224045,98.16999999999996,0
Camo 录像 2026-01-27 05-26-49,106,3.533333333333333,67.949646,87.82574,96.63999999999999,0
Camo 录像 2026-01-27 05-26-49,107,3.566666666666667,67.77315,88.213554,93.01999999999998,0
Camo 录像 2026-01-27 05-26-49,108,3.6,67.63544,88.723854,91.75999999999999,0
Camo 录像 2026-01-27 05-26-49,109,3.6333333333333333,67.50198,89.31331,87.93,0
Camo 录像 2026-01-27 05-26-49,110,3.6666666666666665,67.25232,89.63238,86.64999999999998,0
Camo 录像 2026-01-27 05-26-49,111,3.7,67.093094,90.21643,83.57,0
Camo 录像 2026-01-27 05-26-49,112,3.7333333333333334,66.82309,90.520836,82.26999999999998,0
Camo 录像 2026-01-27 05-26-49,113,3.7666666666666666,66.59656,90.9845,80.25999999999999,0
Camo 录像 2026-01-27 05-26-49,114,3.8,66.39206,91.5086,77.22000000000003,0
Camo 录像 2026-01-27 05-26-49,115,3.8333333333333335,66.11832,91.82756,76.56,0
Camo 录像 2026-01-27 05-26-49,116,3.8666666666666667,65.86389,92.22418,74.41,0
Camo 录像 2026-01-27 05-26-49,117,3.9,65.64307,92.7736,71.14999999999998,0
Camo 录像 2026-01-27 05-26-49,118,3.933333333333333,65.3396,92.996315,72.02999999999997,0
Camo 录像 2026-01-27 05-26-49,119,3.966666666666667,65.079346,93.34286,69.28999999999999,0
Camo 录像 2026-01-27 05-27-33,0,0.0,61.0,61.0,90.0,0
Camo 录像 2026-01-27 05-27-33,1,0.03333333333333333,60.97617,61.006668,89.76999999999998,0
Camo 录像 2026-01-27 05-27-33,2,0.06666666666666667,60.918186,61.023823,89.58000000000004,0
Camo 录像 2026-01-27 05-27-33,3,0.1,60.894928,60.996937,89.34000000000003,0
Camo 录像 2026-01-27 05-27-33,4,0.13333333333333333,60.826466,60.998238,88.75999999999999,0
Camo 录像 2026-01-27 05-27-33,5,0.16666666666666666,60.737194,60.988636,88.42000000000002,0
Camo 录像 2026-01-27 05-27-33,6,0.2,60.622932,60.949863,87.94999999999999,0
Camo 录像 2026-01-27 05-27-33,7,0.23333333333333334,60.47285,60.92465,87.17000000000002,0
Camo 录像 2026-01-27 05-27-33,8,0.26666666666666666,60.298683,60.900234,86.41000000000003,0
Camo 录像 2026-01-27 05-27-33,9,0.3,60.13911,60.82531,85.36000000000001,0
Camo 录像 2026-01-27 05-27-33,10,0.3333333333333333,59.983795,60.77287,85.38,0
Camo 录像 2026-01-27 05-27-33,11,0.36666666666666664,59.82167,60.749496,85.10000000000002,0
Camo 录像 2026-01-27 05-27-33,12,0.4,59.730274,60.670593,85.64999999999998,0
Camo 录像 2026-01-27 05-27-33,13,0.43333333333333335,59.6227,60.66051,86.24000000000001,0
Camo 录像 2026-01-27 05-27-33,14,0.4666666666666667,59.55765,60.595345,86.48000000000002,0
Camo 录像 2026-01-27 05-27-33,15,0.5,59.533257,60.55661,87.59000000000003,0
Camo 录像 2026-01-27 05-27-33,16,0.5333333333333333,59.56835,60.543255,89.13999999999999,0
Camo 录像 2026-01-27 05-27-33,17,0.5666666666666667,59.626354,60.5225,90.89999999999998,0
Camo 录像 2026-01-27 05-27-33,18,0.6,59.746128,60.551743,92.44,0
Camo 录像 2026-01-27 05-27-33,19,0.6333333333333333,59.903706,60.617172,94.56,0
Camo 录像 2026-01-27 05-27-33,20,0.6666666666666666,59.90025,60.624756,94.62,0
Camo 录像 2026-01-27 05-27-33,21,0.7,60.42841,60.86894,99.96000000000004,0
Camo 录像 2026-01-27 05-27-33,22,0.7333333333333333,60.73844,61.053608,102.41000000000003,0
Camo 录像 2026-01-27 05-27-33,23,0.7666666666666667,61.09745,61.242977,105.30000000000001,0
Camo 录像 2026-01-27 05-27-33,24,0.8,61.489418,61.446262,107.49000000000001,0
Camo 录像 2026-01-27 05-27-33,25,0.8333333333333334,61.862675,61.703648,110.09000000000003,0
Camo 录像 2026-01-27 05-27-33,26,0.8666666666666667,62.25117,61.94956,112.09000000000003,0
Camo 录像 2026-01-27 05-27-33,27,0.9,62.638477,62.193413,113.92000000000002,0
Camo 录像 2026-01-27 05-27-33,28,0.9333333333333333,63.090076,62.407417,115.72000000000003,0
Camo 录像 2026-01-27 05-27-33,29,0.9666666666666667,63.48776,62.647903,116.89999999999998,0
Camo 录像 2026-01-27 05-27-33,30,1.0,63.85712,62.87855,117.50999999999999,0
Camo 录像 2026-01-27 05-27-33,31,1.0333333333333334,64.15599,63.133564,117.80000000000001,0
Camo 录像 2026-01-27 05-27-33,32,1.0666666666666667,64.48212,63.355484,117.69999999999999,0
Camo 录像 2026-01-27 05-27-33,33,1.1,64.73956,63.562843,117.71000000000004,0
Camo 录像 2026-01-27 05-27-33,34,1.1333333333333333,64.97908,63.760464,117.11000000000001,0
Camo 录像 2026-01-27 05-27-33,35,1.1666666666666667,65.18146,63.98163,116.49000000000001,0
Camo 录像 2026-01-27 05-27-33,36,1.2,65.35033,64.22226,115.35000000000002,0
Camo 录像 2026-01-27 05-27-33,37,1.2333333333333334,65.44917,64.47377,113.55000000000001,0
Camo 录像 2026-01-27 05-27-33,38,1.2666666666666666,65.50667,64.74816,111.73000000000002,0
Camo 录像 2026-01-27 05-27-33,39,1.3,65.49443,65.05177,109.75,0
Camo 录像 2026-01-27 05-27-33,40,1.3333333333333333,65.4733,65.3587,107.46000000000004,0
Camo 录像 2026-01-27 05-27-33,41,1.3666666666666667,65.39017,65.6635,104.57,0
Camo 录像 2026-01-27 05-27-33,42,1.4,65.37161,65.99666,102.59000000000003,0
Camo 录像 2026-01-27 05-27-33,43,1.4333333333333333,65.25522,66.32948,99.62,0
Camo 录像 2026-01-27 05-27-33,44,1.4666666666666666,65.11931,66.66554,97.33000000000004,0
Camo 录像 2026-01-27 05-27-33,45,1.5,64.95749,67.022675,94.25,0
Camo 录像 2026-01-27 05-27-33,46,1.5333333333333334,64.80049,67.38112,91.33000000000004,0
Camo 录像 2026-01-27 05-27-33,47,1.5666666666666667,64.56279,67.7332,89.31,0
Camo 录像 2026-01-27 05-27-33,48,1.6,64.35591,68.09282,86.57,0
Camo 录像 2026-01-27 05-27-33,49,1.6333333333333333,64.11398,68.45622,83.96000000000004,0
Camo 录像 2026-01-27 05-27-33,50,1.6666666666666667,64.112335,68.45538,83.97000000000003,0
Camo 录像 2026-01-27 05-27-33,51,1.7,63.57935,69.16484,79.04000000000002,0
Camo 录像 2026-01-27 05-27-33,52,1.7333333333333334,63.251232,69.49382,76.69,0
Camo 录像 2026-01-27 05-27-33,53,1.7666666666666666,62.961376,69.84276,74.69,0
Camo 录像 2026-01-27 05-27-33,54,1.8,62.645985,70.17682,72.54000000000002,0
Camo 录像 2026-01-27 05-27-33,55,1.8333333333333333,62.305645,70.498276,70.69,0
Camo 录像 2026-01-27 05-27-33,56,1.8666666666666667,61.957684,70.792114,68.66000000000003,0
Camo 录像 2026-01-27 05-27-33,57,1.9,61.608692,71.08647,67.28,0
Camo 录像 2026-01-27 05-27-33,58,1.9333333333333333,61.280598,71.40837,66.94999999999999,0
Camo 录像 2026-01-27 05-27-33,59,1.9666666666666666,60.961575,71.7021,66.24000000000001,0
Camo 录像 2026-01-27 05-27-33,60,2.0,60.64665,71.97186,66.10000000000002,0
Camo 录像 2026-01-27 05-27-33,61,2.033333333333333,60.34979,72.262726,65.85000000000002,0
Camo 录像 2026-01-27 05-27-33,62,2.066666666666667,60.075855,72.51909,66.24000000000001,0
Camo 录像 2026-01-27 05-27-33,63,2.1,59.819736,72.801926,66.47,0
Camo 录像 2026-01-27 05-27-33,64,2.1333333333333333,59.56707,73.06479,66.82,0
Camo 录像 2026-01-27 05-27-33,65,2.1666666666666665,59.36775,73.34129,67.75999999999999,0
Camo 录像 2026-01-27 05-27-33,66,2.2,59.20264,73.61548,68.73000000000002,0
Camo 录像 2026-01-27 05-27-33,67,2.2333333333333334,59.078365,73.91049,70.38999999999999,0
Camo 录像 2026-01-27 05-27-33,68,2.2666666666666666,58.98535,74.184906,72.19,0
Camo 录像 2026-01-27 05-27-33,69,2.3,58.929447,74.48248,73.84,0
Camo 录像 2026-01-27 05-27-33,70,2.3333333333333335,58.907814,74.78342,76.13999999999999,0
Camo 录像 2026-01-27 05-27-33,71,2.3666666666666667,58.961254,75.1138,78.05000000000001,0
Camo 录像 2026-01-27 05-27-33,72,2.4,59.047817,75.45073,80.43,0
Camo 录像 2026-01-27 05-27-33,73,2.433333333333333,59.14671,75.739624,82.73000000000002,0
Camo 录像 2026-01-27 05-27-33,74,2.466666666666667,59.280415,76.12256,84.99000000000001,0
Camo 录像 2026-01-27 05-27-33,75,2.5,59.46354,76.55037,88.39999999999998,0
Camo 录像 2026-01-27 05-27-33,76,2.533333333333333,59.671738,76.96208,90.94999999999999,0
Camo 录像 2026-01-27 05-27-33,77,2.566666666666667,59.89036,77.37361,93.38999999999999,0
Camo 录像 2026-01-27 05-27-33,78,2.6,60.11209,77.74559,96.21000000000004,0
Camo 录像 2026-01-27 05-27-33,79,2.6333333333333333,60.363075,78.17392,98.64999999999998,0
Camo 录像 2026-01-27 05-27-33,80,2.6666666666666665,60.362568,78.17279,98.64999999999998,0
Camo 录像 2026-01-27 05-27-33,81,2.7,60.87573,78.96269,103.57,0
Camo 录像 2026-01-27 05-27-33,82,2.7333333333333334,61.14847,79.34418,105.54000000000002,0
Camo 录像 2026-01-27 05-27-33,83,2.7666666666666666,61.411316,79.68834,107.26999999999998,0
Camo 录像 2026-01-27 05-27-33,84,2.8,61.681847,80.05406,108.92000000000002,0
Camo 录像 2026-01-27 05-27-33,85,2.8333333333333335,61.9481,80.34793,110.76999999999998,0
Camo 录像 2026-01-27 05-27-33,86,2.8666666666666667,62.30221,80.775894,112.63,0
Camo 录像 2026-01-27 05-27-33,87,2.9,62.583775,81.08185,114.18,0
Camo 录像 2026-01-27 05-27-33,88,2.933333333333333,62.853848,81.343185,115.02999999999997,0
Camo 录像 2026-01-27 05-27-33,89,2.966666666666667,63.17577,81.74281,115.17000000000002,0
Camo 录像 2026-01-27 05-27-33,90,3.0,63.419407,82.02768,115.43,0
Camo 录像 2026-01-27 05-27-33,91,3.033333333333333,63.680332,82.386444,115.38999999999999,0
Camo 录像 2026-01-27 05-27-33,92,3.066666666666667,63.923283,82.71182,115.35000000000002,0
Camo 录像 2026-01-27 05-27-33,93,3.1,64.1456,83.05382,114.68,0
Camo 录像 2026-01-27 05-27-33,94,3.1333333333333333,64.36186,83.35292,114.22000000000003,0
Camo 录像 2026-01-27 05-27-33,95,3.1666666666666665,64.56227,83.63678,112.88999999999999,0
Camo 录像 2026-01-27 05-27-33,96,3.2,64.70497,83.84744,112.32,0
Camo 录像 2026-01-27 05-27-33,97,3.2333333333333334,64.928345,84.345825,110.91000000000003,0
Camo 录像 2026-01-27 05-27-33,98,3.2666666666666666,65.09483,84.741776,109.59000000000003,0
Camo 录像 2026-01-27 05-27-33,99,3.3,65.13724,85.017944,107.55000000000001,0
Camo 录像 2026-01-27 05-27-33,100,3.3333333333333335,65.2054,85.40669,106.30000000000001,0
Camo 录像 2026-01-27 05-27-33,101,3.3666666666666667,65.203125,85.75371,103.51999999999998,0
Camo 录像 2026-01-27 05-27-33,102,3.4,65.12875,86.1013,101.02999999999997,0
Camo 录像 2026-01-27 05-27-33,103,3.433333333333333,65.064316,86.58212,99.74000000000001,0
Camo 录像 2026-01-27 05-27-33,104,3.466666666666667,64.884766,86.88161,95.83000000000004,0
Camo 录像 2026-01-27 05-27-33,105,3.5,64.722534,87.305405,93.0,0
Camo 录像 2026-01-27 05-27-33,106,3.533333333333333,64.54889,87.821075,90.23000000000002,0
Camo 录像 2026-01-27 05-27-33,107,3.566666666666667,64.37787,88.42537,88.19999999999999,0
Camo 录像 2026-01-27 05-27-33,108,3.6,64.13905,88.89511,85.82,0
Camo 录像 2026-01-27 05-27-33,109,3.6333333333333333,63.797405,89.15375,82.56,0
Camo 录像 2026-01-27 05-27-33,110,3.6666666666666665,63.797604,89.15427,82.56,0
Camo 录像 2026-01-27 05-27-33,111,3.7,63.25571,90.22009,79.18,0
Camo 录像 2026-01-27 05-27-33,112,3.7333333333333334,62.968273,90.75523,75.75999999999999,0
Camo 录像 2026-01-27 05-27-33,113,3.7666666666666666,62.609707,91.07947,75.06,0
Camo 录像 2026-01-27 05-27-33,114,3.8,62.30895,91.573044,72.41000000000003,0
Camo 录像 2026-01-27 05-27-33,115,3.8333333333333335,61.949146,91.89397,71.11000000000001,0
Camo 录像 2026-01-27 05-27-33,116,3.8666666666666667,61.57204,92.11771,70.03,0
Camo 录像 2026-01-27 05-27-33,117,3.9,61.258354,92.5446,66.4,0
Camo 录像 2026-01-27 05-27-33,118,3.933333333333333,60.96258,93.12193,66.50999999999999,0
Camo 录像 2026-01-27 05-27-33,119,3.966666666666667,60.65767,93.399216,66.06,0
Camo 录像 2026-01-27 05-28-16,0,0.0,61.0,61.0,90.0,0
Camo 录像 2026-01-27 05-28-16,1,0.03333333333333333,60.97622,61.040226,89.81,0
Camo 录像 2026-01-27 05-28-16,2,0.06666666666666667,60.946953,61.08451,89.62,0
Camo 录像 2026-01-27 05-28-16,3,0.1,60.912983,61.09932,89.52999999999997,0
Camo 录像 2026-01-27 05-28-16,4,0.13333333333333333,60.85815,61.136776,89.14999999999998,0
Camo 录像 2026-01-27 05-28-16,5,0.16666666666666666,60.78221,61.16261,89.04000000000002,0
Camo 录像 2026-01-27 05-28-16,6,0.2,60.66172,61.227234,88.31,0
Camo 录像 2026-01-27 05-28-16,7,0.23333333333333334,60.517452,61.202805,87.79000000000002,0
Camo 录像 2026-01-27 05-28-16,8,0.26666666666666666,60.34646,61.227013,87.25,0
Camo 录像 2026-01-27 05-28-16,9,0.3,60.163414,61.188942,86.07999999999998,0
Camo 录像 2026-01-27 05-28-16,10,0.3333333333333333,59.9792,61.181736,85.77999999999997,0
Camo 录像 2026-01-27 05-28-16,11,0.36666666666666664,59.80886,61.13771,85.89999999999998,0
Camo 录像 2026-01-27 05-28-16,12,0.4,59.67454,61.105972,85.97000000000003,0
Camo 录像 2026-01-27 05-28-16,13,0.43333333333333335,59.56825,61.094875,86.5,0
Camo 录像 2026-01-27 05-28-16,14,0.4666666666666667,59.487583,61.070335,86.81,0
Camo 录像 2026-01-27 05-28-16,15,0.5,59.445873,61.037212,87.74000000000001,0
Camo 录像 2026-01-27 05-28-16,16,0.5333333333333333,59.464718,61.06065,89.09000000000003,0
Camo 录像 2026-01-27 05-28-16,17,0.5666666666666667,59.51564,61.022747,91.09000000000003,0
Camo 录像 2026-01-27 05-28-16,18,0.6,59.58922,61.05885,92.32,0
Camo 录像 2026-01-27 05-28-16,19,0.6333333333333333,59.726048,61.11099,94.75,0
Camo 录像 2026-01-27 05-28-16,20,0.6666666666666666,59.893032,61.187912,96.56,0
Camo 录像 2026-01-27 05-28-16,21,0.7,60.145557,61.311455,99.85000000000002,0
Camo 录像 2026-01-27 05-28-16,22,0.7333333333333333,60.413795,61.478172,101.77999999999997,0
Camo 录像 2026-01-27 05-28-16,23,0.7666666666666667,60.750927,61.627335,104.76999999999998,0
Camo 录像 2026-01-27 05-28-16,24,0.8,61.122795,61.82285,107.30000000000001,0
Camo 录像 2026-01-27 05-28-16,25,0.8333333333333334,61.50195,62.049328,109.81,0
Camo 录像 2026-01-27 05-28-16,26,0.8666666666666667,61.907597,62.26042,111.77999999999997,0
Camo 录像 2026-01-27 05-28-16,27,0.9,62.329914,62.475502,114.02999999999997,0
Camo 录像 2026-01-27 05-28-16,28,0.9333333333333333,62.74877,62.70168,116.23000000000002,0
Camo 录像 2026-01-27 05-28-16,29,0.9666666666666667,63.182697,62.926678,117.38,0
Camo 录像 2026-01-27 05-28-16,30,1.0,63.578445,63.153694,118.42000000000002,0
Camo 录像 2026-01-27 05-28-16,31,1.0333333333333334,63.95539,63.366745,118.52999999999997,0
Camo 录像 2026-01-27 05-28-16,32,1.0666666666666667,64.29309,63.585815,118.81,0
Camo 录像 2026-01-27 05-28-16,33,1.1,64.60104,63.793285,118.62,0
Camo 录像 2026-01-27 05-28-16,34,1.1333333333333333,64.89049,63.986275,118.61000000000001,0
Camo 录像 2026-01-27 05-28-16,35,1.1666666666666667,65.1106,64.18747,117.87,0
Camo 录像 2026-01-27 05-28-16,36,1.2,65.29553,64.41232,117.02999999999997,0
Camo 录像 2026-01-27 05-28-16,37,1.2333333333333334,65.40434,64.656944,115.29000000000002,0
Camo 录像 2026-01-27 05-28-16,38,1.2666666666666666,65.50511,64.91612,113.75999999999999,0
Camo 录像 2026-01-27 05-28-16,39,1.3,65.52462,65.20564,111.65999999999997,0
Camo 录像 2026-01-27 05-28-16,40,1.3333333333333333,65.54668,65.49859,109.57999999999998,0
Camo 录像 2026-01-27 05-28-16,41,1.3666666666666667,65.56253,65.79489,107.44999999999999,0
Camo 录像 2026-01-27 05-28-16,42,1.4,65.5536,66.11383,104.82999999999998,0
Camo 录像 2026-01-27 05-28-16,43,1.4333333333333333,65.512,66.43597,102.21000000000004,0
Camo 录像 2026-01-27 05-28-16,44,1.4666666666666666,65.418144,66.778114,100.25,0
Camo 录像 2026-01-27 05-28-16,45,1.5,65.330444,67.13589,97.09000000000003,0
Camo 录像 2026-01-27 05-28-16,46,1.5333333333333334,65.18005,67.477196,94.13,0
Camo 录像 2026-01-27 05-28-16,47,1.5666666666666667,65.0363,67.85114,91.56,0
Camo 录像 2026-01-27 05-28-16,48,1.6,64.800964,68.215645,88.56,0
Camo 录像 2026-01-27 05-28-16,49,1.6333333333333333,64.614746,68.579414,86.5,0
Camo 录像 2026-01-27 05-28-16,50,1.6666666666666667,64.394135,68.92997,83.64999999999998,0
Camo 录像 2026-01-27 05-28-16,51,1.7,64.161995,69.29155,81.64999999999998,0
Camo 录像 2026-01-27 05-28-16,52,1.7333333333333334,63.924267,69.65577,79.55000000000001,0
Camo 录像 2026-01-27 05-28-16,53,1.7666666666666666,63.65363,70.013275,77.44999999999999,0
Camo 录像 2026-01-27 05-28-16,54,1.8,63.36529,70.35496,75.32999999999998,0
Camo 录像 2026-01-27 05-28-16,55,1.8333333333333333,63.06794,70.68986,73.62,0
Camo 录像 2026-01-27 05-28-16,56,1.8666666666666667,62.750984,71.0157,72.0,0
Camo 录像 2026-01-27 05-28-16,57,1.9,62.410275,71.33647,70.22,0
Camo 录像 2026-01-27 05-28-16,58,1.9333333333333333,62.087807,71.668144,69.12,0
Camo 录像 2026-01-27 05-28-16,59,1.9666666666666666,61.758453,71.94482,68.32999999999998,0
Camo 录像 2026-01-27 05-28-16,60,2.0,61.497902,72.271866,68.24000000000001,0
Camo 录像 2026-01-27 05-28-16,61,2.033333333333333,61.2355,72.5588,67.80000000000001,0
Camo 录像 2026-01-27 05-28-16,62,2.066666666666667,60.99021,72.84282,67.92000000000002,0
Camo 录像 2026-01-27 05-28-16,63,2.1,60.772316,73.13949,68.44999999999999,0
Camo 录像 2026-01-27 05-28-16,64,2.1333333333333333,60.55731,73.382996,68.69,0
Camo 录像 2026-01-27 05-28-16,65,2.1666666666666665,60.380432,73.68731,69.5,0
Camo 录像 2026-01-27 05-28-16,66,2.2,60.234825,73.99524,70.87,0
Camo 录像 2026-01-27 05-28-16,67,2.2333333333333334,60.131126,74.30329,72.07999999999998,0
Camo 录像 2026-01-27 05-28-16,68,2.2666666666666666,60.052032,74.6247,74.44999999999999,0
Camo 录像 2026-01-27 05-28-16,69,2.3,60.002857,74.92663,75.67000000000002,0
Camo 录像 2026-01-27 05-28-16,70,2.3333333333333335,59.989285,75.24449,77.40999999999997,0
Camo 录像 2026-01-27 05-28-16,71,2.3666666666666667,60.014233,75.562454,79.48000000000002,0
Camo 录像 2026-01-27 05-28-16,72,2.4,60.10784,75.89732,81.88999999999999,0
Camo 录像 2026-01-27 05-28-16,73,2.433333333333333,60.23834,76.20515,84.27999999999997,0
Camo 录像 2026-01-27 05-28-16,74,2.466666666666667,60.386543,76.527916,87.19,0
Camo 录像 2026-01-27 05-28-16,75,2.5,60.5724,76.93525,89.23000000000002,0
Camo 录像 2026-01-27 05-28-16,76,2.533333333333333,60.789482,77.22576,91.40999999999997,0
Camo 录像 2026-01-27 05-28-16,77,2.566666666666667,61.066032,77.69556,94.76999999999998,0
Camo 录像 2026-01-27 05-28-16,78,2.6,61.347042,78.087036,97.81,0
Camo 录像 2026-01-27 05-28-16,79,2.6333333333333333,61.636024,78.449844,99.89999999999998,0
Camo 录像 2026-01-27 05-28-16,80,2.6666666666666665,61.93772,78.79744,103.64999999999998,0
Camo 录像 2026-01-27 05-28-16,81,2.7,62.288586,79.21056,104.81,0
Camo 录像 2026-01-27 05-28-16,82,2.7333333333333334,62.612396,79.56917,107.05000000000001,0
Camo 录像 2026-01-27 05-28-16,83,2.7666666666666666,62.954517,79.98795,109.88999999999999,0
Camo 录像 2026-01-27 05-28-16,84,2.8,63.323914,80.361534,111.81,0
Camo 录像 2026-01-27 05-28-16,85,2.8333333333333335,63.717648,80.77711,112.90999999999997,0
Camo 录像 2026-01-27 05-28-16,86,2.8666666666666667,64.09213,81.087326,115.00999999999999,0
Camo 录像 2026-01-27 05-28-16,87,2.9,64.48452,81.40602,116.60000000000002,0
Camo 录像 2026-01-27 05-28-16,88,2.933333333333333,64.81332,81.63416,117.65999999999997,0
Camo 录像 2026-01-27 05-28-16,89,2.966666666666667,65.18168,82.01386,118.00999999999999,0
Camo 录像 2026-01-27 05-28-16,90,3.0,65.48507,82.281006,118.51999999999998,0
Camo 录像 2026-01-27 05-28-16,91,3.033333333333333,65.774826,82.64776,118.55000000000001,0
Camo 录像 2026-01-27 05-28-16,92,3.066666666666667,65.99352,82.85943,118.48000000000002,0
Camo 录像 2026-01-27 05-28-16,93,3.1,66.27081,83.28484,118.27999999999997,0
Camo 录像 2026-01-27 05-28-16,94,3.1333333333333333,66.46078,83.548805,117.94,0
Camo 录像 2026-01-27 05-28-16,95,3.1666666666666665,66.68464,83.845665,117.09000000000003,0
Camo 录像 2026-01-27 05-28-16,96,3.2,66.93325,84.239365,116.01999999999998,0
Camo 录像 2026-01-27 05-28-16,97,3.2333333333333334,67.11053,84.55044,114.62,0
Camo 录像 2026-01-27 05-28-16,98,3.2666666666666666,67.30613,84.934845,113.39999999999998,0
Camo 录像 2026-01-27 05-28-16,99,3.3,67.38044,85.14571,111.32999999999998,0
Camo 录像 2026-01-27 05-28-16,100,3.3333333333333335,67.54658,85.624985,109.80000000000001,0
Camo 录像 2026-01-27 05-28-16,101,3.3666666666666667,67.564804,85.87557,107.96000000000004,0
Camo 录像 2026-01-27 05-28-16,102,3.4,67.64501,86.415764,105.62,0
Camo 录像 2026-01-27 05-28-16,103,3.433333333333333,67.58,86.736465,102.71000000000004,0
Camo 录像 2026-01-27 05-28-16,104,3.466666666666667,67.52168,87.19538,101.25999999999999,0
Camo 录像 2026-01-27 05-28-16,105,3.5,67.37255,87.50974,97.71000000000004,0
Camo 录像 2026-01-27 05-28-16,106,3.533333333333333,67.23735,87.919106,94.75,0
Camo 录像 2026-01-27 05-28-16,107,3.566666666666667,67.11638,88.464424,92.35000000000002,0
Camo 录像 2026-01-27 05-28-16,108,3.6,67.00384,89.06825,89.50999999999999,0
Camo 录像 2026-01-27 05-28-16,109,3.6333333333333333,66.8086,89.48862,87.24000000000001,0
Camo 录像 2026-01-27 05-28-16,110,3.6666666666666665,66.558876,89.87038,86.13999999999999,0
Camo 录像 2026-01-27 05-28-16,111,3.7,66.35468,90.38215,83.17000000000002,0
Camo 录像 2026-01-27 05-28-16,112,3.7333333333333334,66.104996,90.75743,79.77999999999997,0
Camo 录像 2026-01-27 05-28-16,113,3.7666666666666666,65.86262,91.295395,77.80000000000001,0
Camo 录像 2026-01-27 05-28-16,114,3.8,65.52836,91.437515,75.78,0
Camo 录像 2026-01-27 05-28-16,115,3.8333333333333335,65.30722,92.13618,74.86000000000001,0
Camo 录像 2026-01-27 05-28-16,116,3.8666666666666667,64.98373,92.44651,73.94,0
Camo 录像 2026-01-27 05-28-16,117,3.9,64.72038,93.03612,71.15,0
Camo 录像 2026-01-27 05-28-16,118,3.933333333333333,64.37996,93.305756,70.92000000000002,0
Camo 录像 2026-01-27 05-28-16,119,3.966666666666667,64.0668,93.69211,70.55000000000001,0
Camo 录像 2026-01-27 05-29-01,0,0.0,61.0,61.0,90.0,0
Camo 录像 2026-01-27 05-29-01,1,0.03333333333333333,60.97126,61.00261,89.84000000000003,0
Camo 录像 2026-01-27 05-29-01,2,0.06666666666666667,60.933422,61.010895,89.82999999999998,0
Camo 录像 2026-01-27 05-29-01,3,0.1,60.913536,60.999897,89.75999999999999,0
Camo 录像 2026-01-27 05-29-01,4,0.13333333333333333,60.85306,61.00663,89.19,0
Camo 录像 2026-01-27 05-29-01,5,0.16666666666666666,60.753036,61.029972,88.63,0
Camo 录像 2026-01-27 05-29-01,6,0.2,60.621094,61.054455,87.99000000000001,0
Camo 录像 2026-01-27 05-29-01,7,0.23333333333333334,60.494774,61.031013,87.70999999999998,0
Camo 录像 2026-01-27 05-29-01,8,0.26666666666666666,60.330307,61.016064,86.85000000000002,0
Camo 录像 2026-01-27 05-29-01,9,0.3,60.151978,60.99707,86.25,0
Camo 录像 2026-01-27 05-29-01,10,0.3333333333333333,59.991524,60.9696,86.19999999999999,0
Camo 录像 2026-01-27 05-29-01,11,0.36666666666666664,59.83628,60.934254,86.07999999999998,0
Camo 录像 2026-01-27 05-29-01,12,0.4,59.730507,60.890526,86.27999999999997,0
Camo 录像 2026-01-27 05-29-01,13,0.43333333333333335,59.649906,60.852493,86.89999999999998,0
Camo 录像 2026-01-27 05-29-01,14,0.4666666666666667,59.56698,60.822674,87.23000000000002,0
Camo 录像 2026-01-27 05-29-01,15,0.5,59.554867,60.77871,88.68,0
Camo 录像 2026-01-27 05-29-01,16,0.5333333333333333,59.600487,60.76257,90.81,0
Camo 录像 2026-01-27 05-29-01,17,0.5666666666666667,59.67263,60.736595,92.19999999999999,0
Camo 录像 2026-01-27 05-29-01,18,0.6,59.781044,60.771183,93.93,0
Camo 录像 2026-01-27 05-29-01,19,0.6333333333333333,59.9255,60.830616,95.47000000000003,0
Camo 录像 2026-01-27 05-29-01,20,0.6666666666666666,60.200024,60.893555,98.03999999999996,0
Camo 录像 2026-01-27 05-29-01,21,0.7,60.490444,61.032,100.94999999999999,0
Camo 录像 2026-01-27 05-29-01,22,0.7333333333333333,60.82409,61.212975,103.67000000000002,0
Camo 录像 2026-01-27 05-29-01,23,0.7666666666666667,61.207516,61.388252,106.23000000000002,0
Camo 录像 2026-01-27 05-29-01,24,0.8,61.599815,61.604603,109.03999999999996,0
Camo 录像 2026-01-27 05-29-01,25,0.8333333333333334,61.983276,61.862072,110.89999999999998,0
Camo 录像 2026-01-27 05-29-01,26,0.8666666666666667,62.44375,62.055523,113.13,0
Camo 录像 2026-01-27 05-29-01,27,0.9,62.896873,62.257774,115.13999999999999,0
Camo 录像 2026-01-27 05-29-01,28,0.9333333333333333,63.322998,62.493763,117.00999999999999,0
Camo 录像 2026-01-27 05-29-01,29,0.9666666666666667,63.71795,62.731323,117.73000000000002,0
Camo 录像 2026-01-27 05-29-01,30,1.0,64.17429,62.927364,118.38999999999999,0
Camo 录像 2026-01-27 05-29-01,31,1.0333333333333334,64.53269,63.15801,118.73000000000002,0
Camo 录像 2026-01-27 05-29-01,32,1.0666666666666667,64.845345,63.393173,118.68,0
Camo 录像 2026-01-27 05-29-01,33,1.1,65.14184,63.58782,118.32,0
Camo 录像 2026-01-27 05-29-01,34,1.1333333333333333,65.45008,63.784027,118.30000000000001,0
Camo 录像 2026-01-27 05-29-01,35,1.1666666666666667,65.657776,64.01337,117.62,0
Camo 录像 2026-01-27 05-29-01,36,1.2,65.81661,64.26276,116.27999999999997,0
Camo 录像 2026-01-27 05-29-01,37,1.2333333333333334,65.959435,64.51962,114.69,0
Camo 录像 2026-01-27 05-29-01,38,1.2666666666666666,65.98889,64.81383,112.82999999999998,0
Camo 录像 2026-01-27 05-29-01,39,1.3,66.00683,65.13318,110.84000000000003,0
Camo 录像 2026-01-27 05-29-01,40,1.3333333333333333,65.986,65.456696,108.68,0
Camo 录像 2026-01-27 05-29-01,41,1.3666666666666667,66.00617,65.780624,106.12,0
Camo 录像 2026-01-27 05-29-01,42,1.4,65.946075,66.12223,103.47000000000003,0
Camo 录像 2026-01-27 05-29-01,43,1.4333333333333333,65.879845,66.45607,100.89999999999998,0
Camo 录像 2026-01-27 05-29-01,44,1.4666666666666666,65.80916,66.807594,98.09000000000003,0
Camo 录像 2026-01-27 05-29-01,45,1.5,65.663284,67.15593,95.53999999999996,0
Camo 录像 2026-01-27 05-29-01,46,1.5333333333333334,65.43558,67.50862,92.75999999999999,0
Camo 录像 2026-01-27 05-29-01,47,1.5666666666666667,65.31567,67.86888,89.94,0
Camo 录像 2026-01-27 05-29-01,48,1.6,65.076065,68.22653,87.39999999999998,0
Camo 录像 2026-01-27 05-29-01,49,1.6333333333333333,64.868416,68.59399,84.82999999999998,0
Camo 录像 2026-01-27 05-29-01,50,1.6666666666666667,64.62317,68.93284,82.32999999999998,0
Camo 录像 2026-01-27 05-29-01,51,1.7,64.362,69.29309,80.10000000000002,0
Camo 录像 2026-01-27 05-29-01,52,1.7333333333333334,64.061584,69.63729,77.72000000000003,0
Camo 录像 2026-01-27 05-29-01,53,1.7666666666666666,63.72303,69.95556,75.36000000000001,0
Camo 录像 2026-01-27 05-29-01,54,1.8,63.411644,70.2911,73.75999999999999,0
Camo 录像 2026-01-27 05-29-01,55,1.8333333333333333,63.080757,70.603165,71.75,0
Camo 录像 2026-01-27 05-29-01,56,1.8666666666666667,62.695755,70.89067,70.00999999999999,0
Camo 录像 2026-01-27 05-29-01,57,1.9,62.370117,71.201866,68.76999999999998,0
Camo 录像 2026-01-27 05-29-01,58,1.9333333333333333,61.98333,71.46688,67.70999999999998,0
Camo 录像 2026-01-27 05-29-01,59,1.9666666666666666,61.61789,71.714584,67.19999999999999,0
Camo 录像 2026-01-27 05-29-01,60,2.0,61.341286,72.01092,66.87,0
Camo 录像 2026-01-27 05-29-01,61,2.033333333333333,61.03987,72.291534,66.92000000000002,0
Camo 录像 2026-01-27 05-29-01,62,2.066666666666667,60.735916,72.51418,67.03,0
Camo 录像 2026-01-27 05-29-01,63,2.1,60.501347,72.82167,67.31,0
Camo 录像 2026-01-27 05-29-01,64,2.1333333333333333,60.241848,73.049515,68.05000000000001,0
Camo 录像 2026-01-27 05-29-01,65,2.1666666666666665,60.030052,73.31548,68.56,0
Camo 录像 2026-01-27 05-29-01,66,2.2,59.886276,73.61637,70.16,0
Camo 录像 2026-01-27 05-29-01,67,2.2333333333333334,59.77009,73.906105,71.75,0
Camo 录像 2026-01-27 05-29-01,68,2.2666666666666666,59.69893,74.19434,73.14999999999998,0
Camo 录像 2026-01-27 05-29-01,69,2.3,59.63968,74.43444,74.85,0
Camo 录像 2026-01-27 05-29-01,70,2.3333333333333335,59.667637,74.799194,76.74000000000001,0
Camo 录像 2026-01-27 05-29-01,71,2.3666666666666667,59.722878,75.11411,79.03999999999996,0
Camo 录像 2026-01-27 05-29-01,72,2.4,59.819576,75.4764,81.45999999999998,0
Camo 录像 2026-01-27 05-29-01,73,2.433333333333333,59.934605,75.841064,83.85000000000002,0
Camo 录像 2026-01-27 05-29-01,74,2.466666666666667,60.041264,76.16977,86.55000000000001,0
Camo 录像 2026-01-27 05-29-01,75,2.5,60.197914,76.56296,89.10000000000002,0
Camo 录像 2026-01-27 05-29-01,76,2.533333333333333,60.402084,76.96852,91.25999999999999,0
Camo 录像 2026-01-27 05-29-01,77,2.566666666666667,60.59124,77.3459,94.87,0
Camo 录像 2026-01-27 05-29-01,78,2.6,60.831615,77.80421,96.73000000000002,0
Camo 录像 2026-01-27 05-29-01,79,2.6333333333333333,61.067623,78.19006,99.10000000000002,0
Camo 录像 2026-01-27 05-29-01,80,2.6666666666666665,61.30726,78.6023,102.13,0
Camo 录像 2026-01-27 05-29-01,81,2.7,61.56871,79.00768,104.39999999999998,0
Camo 录像 2026-01-27 05-29-01,82,2.7333333333333334,61.81967,79.38584,106.61000000000001,0
Camo 录像 2026-01-27 05-29-01,83,2.7666666666666666,62.103645,79.77716,108.0,0
Camo 录像 2026-01-27 05-29-01,84,2.8,62.373917,80.10139,109.74000000000001,0
Camo 录像 2026-01-27 05-29-01,85,2.8333333333333335,62.699623,80.50021,111.81,0
Camo 录像 2026-01-27 05-29-01,86,2.8666666666666667,63.00431,80.80564,113.78999999999996,0
Camo 录像 2026-01-27 05-29-01,87,2.9,63.34324,81.1387,114.32999999999998,0
Camo 录像 2026-01-27 05-29-01,88,2.933333333333333,63.6929,81.542206,115.53999999999996,0
Camo 录像 2026-01-27 05-29-01,89,2.966666666666667,63.974518,81.81246,116.44999999999999,0
Camo 录像 2026-01-27 05-29-01,90,3.0,64.282776,82.17563,116.59000000000003,0
Camo 录像 2026-01-27 05-29-01,91,3.033333333333333,64.54505,82.472046,116.05000000000001,0
Camo 录像 2026-01-27 05-29-01,92,3.066666666666667,64.82585,82.872154,115.90999999999997,0
Camo 录像 2026-01-27 05-29-01,93,3.1,65.06117,83.164925,115.38,0
Camo 录像 2026-01-27 05-29-01,94,3.1333333333333333,65.3067,83.51514,114.32,0
Camo 录像 2026-01-27 05-29-01,95,3.1666666666666665,65.460846,83.74347,113.69,0
Camo 录像 2026-01-27 05-29-01,96,3.2,65.72484,84.208984,113.0,0
Camo 录像 2026-01-27 05-29-01,97,3.2333333333333334,65.868004,84.543625,111.85000000000002,0
Camo 录像 2026-01-27 05-29-01,98,3.2666666666666666,65.907814,84.74031,109.69,0
Camo 录像 2026-01-27 05-29-01,99,3.3,66.047455,85.233215,108.73000000000002,0
Camo 录像 2026-01-27 05-29-01,100,3.3333333333333335,66.11955,85.655075,105.97000000000003,0
Camo 录像 2026-01-27 05-29-01,101,3.3666666666666667,66.132835,86.079956,104.13,0
Camo 录像 2026-01-27 05-29-01,102,3.4,65.99637,86.3583,101.59000000000003,0
Camo 录像 2026-01-27 05-29-01,103,3.433333333333333,65.94519,86.92089,98.81,0
Camo 录像 2026-01-27 05-29-01,104,3.466666666666667,65.693214,87.16671,95.75999999999999,0
Camo 录像 2026-01-27 05-29-01,105,3.5,65.576515,87.75687,93.09000000000003,0
Camo 录像 2026-01-27 05-29-01,106,3.533333333333333,65.32016,88.160774,90.00999999999999,0
Camo 录像 2026-01-27 05-29-01,107,3.566666666666667,65.14977,88.75362,88.12,0
Camo 录像 2026-01-27 05-29-01,108,3.6,64.82012,89.05021,84.69999999999999,0
Camo 录像 2026-01-27 05-29-01,109,3.6333333333333333,64.60791,89.67408,82.86000000000001,0
Camo 录像 2026-01-27 05-29-01,110,3.6666666666666665,64.223656,89.87604,79.50999999999999,0
Camo 录像 2026-01-27 05-29-01,111,3.7,64.00335,90.51578,77.86000000000001,0
Camo 录像 2026-01-27 05-29-01,112,3.7333333333333334,63.64451,90.86305,76.85000000000002,0
Camo 录像 2026-01-27 05-29-01,113,3.7666666666666666,63.28148,91.13482,72.88,0
Camo 录像 2026-01-27 05-29-01,114,3.8,63.032303,91.794586,72.00999999999999,0
Camo 录像 2026-01-27 05-29-01,115,3.8333333333333335,62.627968,91.893875,69.16,0
Camo 录像 2026-01-27 05-29-01,116,3.8666666666666667,62.30345,92.32271,69.75999999999999,0
Camo 录像 2026-01-27 05-29-01,117,3.9,61.972046,92.638985,66.11000000000001,0
Camo 录像 2026-01-27 05-29-01,118,3.933333333333333,61.671646,93.13696,66.16,0
Camo 录像 2026-01-27 05-29-01,119,3.966666666666667,61.37777,93.4549,66.17000000000002,0
Camo 录像 2026-01-27 05-29-45,0,0.0,61.0,61.0,90.0,0
Camo 录像 2026-01-27 05-29-45,1,0.03333333333333333,61.041573,61.016678,90.05000000000001,0
Camo 录像 2026-01-27 05-29-45,2,0.06666666666666667,61.060135,61.039207,89.82999999999998,0
Camo 录像 2026-01-27 05-29-45,3,0.1,61.06649,61.056778,89.86000000000001,0
Camo 录像 2026-01-27 05-29-45,4,0.13333333333333333,61.05757,61.06555,89.38999999999999,0
Camo 录像 2026-01-27 05-29-45,5,0.16666666666666666,60.980125,61.08056,89.30000000000001,0
Camo 录像 2026-01-27 05-29-45,6,0.2,60.87687,61.091713,88.68,0
Camo 录像 2026-01-27 05-29-45,7,0.23333333333333334,60.761208,61.09595,88.18,0
Camo 录像 2026-01-27 05-29-45,8,0.26666666666666666,60.615376,61.10123,87.35000000000002,0
Camo 录像 2026-01-27 05-29-45,9,0.3,60.444553,61.089485,86.60000000000002,0
Camo 录像 2026-01-27 05-29-45,10,0.3333333333333333,60.329323,61.0654,86.49000000000001,0
Camo 录像 2026-01-27 05-29-45,11,0.36666666666666664,60.208195,61.04486,86.20999999999998,0
Camo 录像 2026-01-27 05-29-45,12,0.4,60.12818,61.02009,86.55000000000001,0
Camo 录像 2026-01-27 05-29-45,13,0.43333333333333335,60.052284,60.99618,86.94,0
Camo 录像 2026-01-27 05-29-45,14,0.4666666666666667,60.016018,60.959473,87.70999999999998,0
Camo 录像 2026-01-27 05-29-45,15,0.5,60.00032,60.939236,88.82999999999998,0
Camo 录像 2026-01-27 05-29-45,16,0.5333333333333333,60.012394,60.92236,90.35000000000002,0
Camo 录像 2026-01-27 05-29-45,17,0.5666666666666667,60.067787,60.89509,92.10000000000002,0
Camo 录像 2026-01-27 05-29-45,18,0.6,60.112556,60.924152,93.47000000000003,0
Camo 录像 2026-01-27 05-29-45,19,0.6333333333333333,60.270447,60.956375,95.75,0
Camo 录像 2026-01-27 05-29-45,20,0.6666666666666666,60.470905,61.03659,98.00999999999999,0
Camo 录像 2026-01-27 05-29-45,21,0.7,60.71194,61.143265,100.95999999999998,0
Camo 录像 2026-01-27 05-29-45,22,0.7333333333333333,61.065414,61.291615,103.22000000000003,0
Camo 录像 2026-01-27 05-29-45,23,0.7666666666666667,61.427628,61.456642,105.97000000000003,0
Camo 录像 2026-01-27 05-29-45,24,0.8,61.842026,61.64124,108.60000000000002,0
Camo 录像 2026-01-27 05-29-45,25,0.8333333333333334,62.304504,61.85846,111.17000000000002,0
Camo 录像 2026-01-27 05-29-45,26,0.8666666666666667,62.766586,62.063946,113.23000000000002,0
Camo 录像 2026-01-27 05-29-45,27,0.9,63.255257,62.257545,115.60000000000002,0
Camo 录像 2026-01-27 05-29-45,28,0.9333333333333333,63.695328,62.46707,117.76999999999998,0
Camo 录像 2026-01-27 05-29-45,29,0.9666666666666667,64.17778,62.675262,118.67000000000002,0
Camo 录像 2026-01-27 05-29-45,30,1.0,64.64941,62.87523,119.30000000000001,0
Camo 录像 2026-01-27 05-29-45,31,1.0333333333333334,65.02419,63.093124,119.94999999999999,0
Camo 录像 2026-01-27 05-29-45,32,1.0666666666666667,65.409004,63.311226,119.69999999999999,0
Camo 录像 2026-01-27 05-29-45,33,1.1,65.755226,63.49836,119.31,0
Camo 录像 2026-01-27 05-29-45,34,1.1333333333333333,66.12603,63.69275,119.02999999999997,0
Camo 录像 2026-01-27 05-29-45,35,1.1666666666666667,66.42453,63.901497,118.63,0
Camo 录像 2026-01-27 05-29-45,36,1.2,66.69127,64.12972,118.05000000000001,0
Camo 录像 2026-01-27 05-29-45,37,1.2333333333333334,66.90237,64.375145,116.53999999999996,0
Camo 录像 2026-01-27 05-29-45,38,1.2666666666666666,67.05696,64.65384,114.74000000000001,0
Camo 录像 2026-01-27 05-29-45,39,1.3,67.100136,64.93815,113.07,0
Camo 录像 2026-01-27 05-29-45,40,1.3333333333333333,67.23828,65.25618,111.02999999999997,0
Camo 录像 2026-01-27 05-29-45,41,1.3666666666666667,67.29385,65.57992,108.27999999999997,0
Camo 录像 2026-01-27 05-29-45,42,1.4,67.30041,65.913284,106.14999999999998,0
Camo 录像 2026-01-27 05-29-45,43,1.4333333333333333,67.250854,66.25219,103.32,0
Camo 录像 2026-01-27 05-29-45,44,1.4666666666666666,67.23362,66.62433,100.87,0
Camo 录像 2026-01-27 05-29-45,45,1.5,67.10271,66.99813,98.0,0
Camo 录像 2026-01-27 05-29-45,46,1.5333333333333334,66.97168,67.38587,95.17000000000002,0
Camo 录像 2026-01-27 05-29-45,47,1.5666666666666667,66.791016,67.767876,92.39999999999998,0
Camo 录像 2026-01-27 05-29-45,48,1.6,66.63395,68.17818,89.93,0
Camo 录像 2026-01-27 05-29-45,49,1.6333333333333333,66.49154,68.612465,87.42000000000002,0
Camo 录像 2026-01-27 05-29-45,50,1.6666666666666667,66.223595,68.975075,84.75,0
Camo 录像 2026-01-27 05-29-45,51,1.7,65.98241,69.370346,82.94,0
Camo 录像 2026-01-27 05-29-45,52,1.7333333333333334,65.671,69.713356,80.25999999999999,0
Camo 录像 2026-01-27 05-29-45,53,1.7666666666666666,65.46863,70.11213,78.23000000000002,0
Camo 录像 2026-01-27 05-29-45,54,1.8,65.241714,70.48386,76.20999999999998,0
Camo 录像 2026-01-27 05-29-45,55,1.8333333333333333,64.98884,70.82532,74.68,0
Camo 录像 2026-01-27 05-29-45,56,1.8666666666666667,64.73131,71.16777,72.61000000000001,0
Camo 录像 2026-01-27 05-29-45,57,1.9,64.43774,71.46354,71.55000000000001,0
Camo 录像 2026-01-27 05-29-45,58,1.9333333333333333,64.20987,71.80785,70.42000000000002,0
Camo 录像 2026-01-27 05-29-45,59,1.9666666666666666,63.96057,72.13556,69.50999999999999,0
Camo 录像 2026-01-27 05-29-45,60,2.0,63.681374,72.410034,69.38,0
Camo 录像 2026-01-27 05-29-45,61,2.033333333333333,63.506935,72.77369,68.75,0
Camo 录像 2026-01-27 05-29-45,62,2.066666666666667,63.227318,73.02011,69.13,0
Camo 录像 2026-01-27 05-29-45,63,2.1,63.046616,73.351845,68.81,0
Camo 录像 2026-01-27 05-29-45,64,2.1333333333333333,62.791977,73.592125,69.32999999999998,0
Camo 录像 2026-01-27 05-29-45,65,2.1666666666666665,62.614426,73.90172,70.18,0
Camo 录像 2026-01-27 05-29-45,66,2.2,62.45327,74.16784,71.81,0
Camo 录像 2026-01-27 05-29-45,67,2.2333333333333334,62.37877,74.54703,73.06,0
Camo 录像 2026-01-27 05-29-45,68,2.2666666666666666,62.305733,74.85411,74.47,0
Camo 录像 2026-01-27 05-29-45,69,2.3,62.256096,75.4466,77.73000000000002,0
Camo 录像 2026-01-27 05-29-45,70,2.3333333333333335,62.24929,75.434044,77.48000000000002,0
Camo 录像 2026-01-27 05-29-45,71,2.3666666666666667,62.31172,75.778786,80.19999999999999,0
Camo 录像 2026-01-27 05-29-45,72,2.4,62.3879,76.0501,82.18,0
Camo 录像 2026-01-27 05-29-45,73,2.433333333333333,62.497284,76.347984,84.13999999999999,0
Camo 录像 2026-01-27 05-29-45,74,2.466666666666667,62.647392,76.6877,87.18,0
Camo 录像 2026-01-27 05-29-45,75,2.5,62.878304,77.140076,89.39999999999998,0
Camo 录像 2026-01-27 05-29-45,76,2.533333333333333,63.09948,77.50525,92.25,0
Camo 录像 2026-01-27 05-29-45,77,2.566666666666667,63.336052,77.88187,95.69,0
Camo 录像 2026-01-27 05-29-45,78,2.6,63.619316,78.29038,97.69,0
Camo 录像 2026-01-27 05-29-45,79,2.6333333333333333,63.928284,78.71159,99.94,0
Camo 录像 2026-01-27 05-29-45,80,2.6666666666666665,64.208305,79.049515,103.44999999999999,0
Camo 录像 2026-01-27 05-29-45,81,2.7,64.57697,79.50694,105.23000000000002,0
Camo 录像 2026-01-27 05-29-45,82,2.7333333333333334,64.87171,79.812325,107.24000000000001,0
Camo 录像 2026-01-27 05-29-45,83,2.7666666666666666,65.24547,80.21803,109.86000000000001,0
Camo 录像 2026-01-27 05-29-45,84,2.8,65.630104,80.61986,111.25,0
Camo 录像 2026-01-27 05-29-45,85,2.8333333333333335,65.968704,80.91917,113.94999999999999,0
Camo 录像 2026-01-27 05-29-45,86,2.8666666666666667,66.33064,81.23125,115.53999999999996,0
Camo 录像 2026-01-27 05-29-45,87,2.9,66.725174,81.57727,116.07,0
Camo 录像 2026-01-27 05-29-45,88,2.933333333333333,67.078255,81.89561,117.19999999999999,0
Camo 录像 2026-01-27 05-29-45,89,2.966666666666667,67.32798,82.101074,117.37,0
Camo 录像 2026-01-27 05-29-45,90,3.0,67.71267,82.534584,118.05000000000001,0
Camo 录像 2026-01-27 05-29-45,91,3.033333333333333,67.97298,82.822655,118.55000000000001,0
Camo 录像 2026-01-27 05-29-45,92,3.066666666666667,68.27617,83.175896,117.83999999999997,0
Camo 录像 2026-01-27 05-29-45,93,3.1,68.52337,83.49745,117.69,0
Camo 录像 2026-01-27 05-29-45,94,3.1333333333333333,68.79631,83.82974,116.52999999999997,0
Camo 录像 2026-01-27 05-29-45,95,3.1666666666666665,69.00892,84.08647,116.18,0
Camo 录像 2026-01-27 05-29-45,96,3.2,69.28651,84.45235,115.72000000000003,0
Camo 录像 2026-01-27 05-29-45,97,3.2333333333333334,69.509415,84.83265,114.32999999999998,0
Camo 录像 2026-01-27 05-29-45,98,3.2666666666666666,69.61526,85.07257,112.75,0
Camo 录像 2026-01-27 05-29-45,99,3.3,69.69116,85.32924,110.67000000000002,0
Camo 录像 2026-01-27 05-29-45,100,3.3333333333333335,69.95116,85.95833,109.17000000000002,0
Camo 录像 2026-01-27 05-29-45,101,3.3666666666666667,69.940956,86.24812,107.38999999999999,0
Camo 录像 2026-01-27 05-29-45,102,3.4,70.00924,86.752396,104.73000000000002,0
Camo 录像 2026-01-27 05-29-45,103,3.433333333333333,69.93943,87.16587,102.06,0
Camo 录像 2026-01-27 05-29-45,104,3.466666666666667,69.847336,87.60714,99.83999999999997,0
Camo 录像 2026-01-27 05-29-45,105,3.5,69.62274,87.89394,96.31,0
Camo 录像 2026-01-27 05-29-45,106,3.533333333333333,69.47227,88.35499,93.22000000000003,0
Camo 录像 2026-01-27 05-29-45,107,3.566666666666667,69.33672,88.90837,93.12,0
Camo 录像 2026-01-27 05-29-45,108,3.6,69.11246,89.32077,90.63999999999999,0
Camo 录像 2026-01-27 05-29-45,109,3.6333333333333333,69.029976,90.031395,85.75999999999999,0
Camo 录像 2026-01-27 05-29-45,110,3.6666666666666665,68.66919,90.214874,82.36000000000001,0
Camo 录像 2026-01-27 05-29-45,111,3.7,68.46545,90.72758,80.44,0
Camo 录像 2026-01-27 05-29-45,112,3.7333333333333334,68.18561,91.15464,81.01999999999998,0
Camo 录像 2026-01-27 05-29-45,113,3.7666666666666666,67.92326,91.61647,75.70999999999998,0
Camo 录像 2026-01-27 05-29-45,114,3.8,67.65686,92.10951,76.53999999999996,0
Camo 录像 2026-01-27 05-29-45,115,3.8333333333333335,67.35885,92.545944,71.80000000000001,0
Camo 录像 2026-01-27 05-29-45,116,3.8666666666666667,67.1167,93.16584,71.0,0
Camo 录像 2026-01-27 05-29-45,117,3.9,66.793106,93.63928,69.86000000000001,0
Camo 录像 2026-01-27 05-29-45,118,3.933333333333333,66.42978,94.0089,68.95999999999998,0
Camo 录像 2026-01-27 05-29-45,119,3.966666666666667,66.01989,94.18119,67.25999999999999,0
Camo 录像 2026-01-27 05-31-58,0,0.0,61.0,61.0,90.0,0
Camo 录像 2026-01-27 05-31-58,1,0.03333333333333333,61.008312,61.029106,89.69,0
Camo 录像 2026-01-27 05-31-58,2,0.06666666666666667,61.031673,61.00308,89.93,0
Camo 录像 2026-01-27 05-31-58,3,0.1,61.033703,61.0066,90.13,0
Camo 录像 2026-01-27 05-31-58,4,0.13333333333333333,61.01873,60.999767,89.64999999999998,0
Camo 录像 2026-01-27 05-31-58,5,0.16666666666666666,60.98166,61.00291,89.30000000000001,0
Camo 录像 2026-01-27 05-31-58,6,0.2,60.908436,61.00911,89.06,0
Camo 录像 2026-01-27 05-31-58,7,0.23333333333333334,60.773743,61.032635,87.82999999999998,0
Camo 录像 2026-01-27 05-31-58,8,0.26666666666666666,60.62369,61.020187,87.82,0
Camo 录像 2026-01-27 05-31-58,9,0.3,60.470886,60.9791,87.19,0
Camo 录像 2026-01-27 05-31-58,10,0.3333333333333333,60.28762,60.93834,86.37,0
Camo 录像 2026-01-27 05-31-58,11,0.36666666666666664,60.112835,60.892406,86.19,0
Camo 录像 2026-01-27 05-31-58,12,0.4,59.95784,60.843067,86.23000000000002,0
Camo 录像 2026-01-27 05-31-58,13,0.43333333333333335,59.835907,60.790745,86.59000000000003,0
Camo 录像 2026-01-27 05-31-58,14,0.4666666666666667,59.737488,60.744312,87.14999999999998,0
Camo 录像 2026-01-27 05-31-58,15,0.5,59.655167,60.718513,87.90999999999997,0
Camo 录像 2026-01-27 05-31-58,16,0.5333333333333333,59.603947,60.67675,88.90999999999997,0
Camo 录像 2026-01-27 05-31-58,17,0.5666666666666667,59.628,60.6286,90.67000000000002,0
Camo 录像 2026-01-27 05-31-58,18,0.6,59.658527,60.645466,92.26999999999998,0
Camo 录像 2026-01-27 05-31-58,19,0.6333333333333333,59.755886,60.643406,94.29000000000002,0
Camo 录像 2026-01-27 05-31-58,20,0.6666666666666666,59.882217,60.71234,96.27999999999997,0
Camo 录像 2026-01-27 05-31-58,21,0.7,60.112972,60.82334,99.29000000000002,0
Camo 录像 2026-01-27 05-31-58,22,0.7333333333333333,60.39875,60.9396,101.50999999999999,0
Camo 录像 2026-01-27 05-31-58,23,0.7666666666666667,60.723175,61.115536,104.50999999999999,0
Camo 录像 2026-01-27 05-31-58,24,0.8,61.096943,61.262093,106.77999999999997,0
Camo 录像 2026-01-27 05-31-58,25,0.8333333333333334,61.49181,61.48957,109.32,0
Camo 录像 2026-01-27 05-31-58,26,0.8666666666666667,61.881584,61.72649,111.52999999999997,0
Camo 录像 2026-01-27 05-31-58,27,0.9,62.332054,61.90552,114.05000000000001,0
Camo 录像 2026-01-27 05-31-58,28,0.9333333333333333,62.753,62.11198,116.14999999999998,0
Camo 录像 2026-01-27 05-31-58,29,0.9666666666666667,63.189255,62.326218,117.51999999999998,0
Camo 录像 2026-01-27 05-31-58,30,1.0,63.61832,62.52794,118.44,0
Camo 录像 2026-01-27 05-31-58,31,1.0333333333333334,63.95344,62.767082,118.86000000000001,0
Camo 录像 2026-01-27 05-31-58,32,1.0666666666666667,64.28496,62.99611,118.87,0
Camo 录像 2026-01-27 05-31-58,33,1.1,64.61612,63.205475,118.94,0
Camo 录像 2026-01-27 05-31-58,34,1.1333333333333333,64.89378,63.399097,118.80000000000001,0
Camo 录像 2026-01-27 05-31-58,35,1.1666666666666667,65.15616,63.58846,118.67000000000002,0
Camo 录像 2026-01-27 05-31-58,36,1.2,65.39574,63.783894,117.44999999999999,0
Camo 录像 2026-01-27 05-31-58,37,1.2333333333333334,65.57202,64.00128,116.15999999999997,0
Camo 录像 2026-01-27 05-31-58,38,1.2666666666666666,65.6888,64.26034,114.88,0
Camo 录像 2026-01-27 05-31-58,39,1.3,65.77948,64.526566,112.63999999999999,0
Camo 录像 2026-01-27 05-31-58,40,1.3333333333333333,65.83156,64.81613,110.79000000000002,0
Camo 录像 2026-01-27 05-31-58,41,1.3666666666666667,65.81975,65.11281,108.47000000000003,0
Camo 录像 2026-01-27 05-31-58,42,1.4,65.79678,65.42691,105.82999999999998,0
Camo 录像 2026-01-27 05-31-58,43,1.4333333333333333,65.74658,65.760025,103.29000000000002,0
Camo 录像 2026-01-27 05-31-58,44,1.4666666666666666,65.650894,66.10095,100.69999999999999,0
Camo 录像 2026-01-27 05-31-58,45,1.5,65.555756,66.45116,98.0,0
Camo 录像 2026-01-27 05-31-58,46,1.5333333333333334,65.39371,66.811554,95.38999999999999,0
Camo 录像 2026-01-27 05-31-58,47,1.5666666666666667,65.197235,67.171936,92.60000000000002,0
Camo 录像 2026-01-27 05-31-58,48,1.6,65.03311,67.54491,89.77999999999997,0
Camo 录像 2026-01-27 05-31-58,49,1.6333333333333333,64.826675,67.91519,87.40999999999997,0
Camo 录像 2026-01-27 05-31-58,50,1.6666666666666667,64.552185,68.26608,84.44999999999999,0
Camo 录像 2026-01-27 05-31-58,51,1.7,64.269714,68.62308,82.36000000000001,0
Camo 录像 2026-01-27 05-31-58,52,1.7333333333333334,64.00101,68.9863,79.96000000000004,0
Camo 录像 2026-01-27 05-31-58,53,1.7666666666666666,63.68988,69.34386,77.89999999999998,0
Camo 录像 2026-01-27 05-31-58,54,1.8,63.392105,69.69319,75.88,0
Camo 录像 2026-01-27 05-31-58,55,1.8333333333333333,63.05571,70.01485,73.59,0
Camo 录像 2026-01-27 05-31-58,56,1.8666666666666667,62.721294,70.33261,71.61000000000001,0
Camo 录像 2026-01-27 05-31-58,57,1.9,62.365032,70.638,69.75999999999999,0
Camo 录像 2026-01-27 05-31-58,58,1.9333333333333333,62.026474,70.957794,69.00999999999999,0
Camo 录像 2026-01-27 05-31-58,59,1.9666666666666666,61.699593,71.27193,68.1,0
Camo 录像 2026-01-27 05-31-58,60,2.0,61.392906,71.557816,67.4,0
Camo 录像 2026-01-27 05-31-58,61,2.033333333333333,61.116375,71.84648,67.32,0
Camo 录像 2026-01-27 05-31-58,62,2.066666666666667,60.85336,72.13159,67.37,0
Camo 录像 2026-01-27 05-31-58,63,2.1,60.586105,72.35272,68.06,0
Camo 录像 2026-01-27 05-31-58,64,2.1333333333333333,60.347164,72.627045,68.28,0
Camo 录像 2026-01-27 05-31-58,65,2.1666666666666665,60.156727,72.91423,68.5,0
Camo 录像 2026-01-27 05-31-58,66,2.2,59.97429,73.16623,69.47,0
Camo 录像 2026-01-27 05-31-58,67,2.2333333333333334,59.84678,73.4653,70.57,0
Camo 录像 2026-01-27 05-31-58,68,2.2666666666666666,59.739113,73.72983,72.18,0
Camo 录像 2026-01-27 05-31-58,69,2.3,59.663975,74.0345,73.79000000000002,0
Camo 录像 2026-01-27 05-31-58,70,2.3333333333333335,59.611767,74.369934,75.61000000000001,0
Camo 录像 2026-01-27 05-31-58,71,2.3666666666666667,59.597225,74.68277,77.94,0
Camo 录像 2026-01-27 05-31-58,72,2.4,59.64386,75.00932,79.90999999999997,0
Camo 录像 2026-01-27 05-31-58,73,2.433333333333333,59.71149,75.35118,82.74000000000001,0
Camo 录像 2026-01-27 05-31-58,74,2.466666666666667,59.825905,75.691666,85.07999999999998,0
Camo 录像 2026-01-27 05-31-58,75,2.5,59.963997,76.047165,87.49000000000001,0
Camo 录像 2026-01-27 05-31-58,76,2.533333333333333,60.129642,76.35861,90.12,0
Camo 录像 2026-01-27 05-31-58,77,2.566666666666667,60.359722,76.80919,92.93,0
Camo 录像 2026-01-27 05-31-58,78,2.6,60.612022,77.21318,95.44999999999999,0
Camo 录像 2026-01-27 05-31-58,79,2.6333333333333333,60.86824,77.60681,98.19999999999999,0
Camo 录像 2026-01-27 05-31-58,80,2.6666666666666665,61.17449,78.03464,100.75,0
Camo 录像 2026-01-27 05-31-58,81,2.7,61.463703,78.417435,102.82999999999998,0
Camo 录像 2026-01-27 05-31-58,82,2.7333333333333334,61.744427,78.768906,105.48000000000002,0
Camo 录像 2026-01-27 05-31-58,83,2.7666666666666666,62.056923,79.21123,107.61000000000001,0
Camo 录像 2026-01-27 05-31-58,84,2.8,62.346897,79.57132,109.80000000000001,0
Camo 录像 2026-01-27 05-31-58,85,2.8333333333333335,62.6518,79.909805,111.77999999999997,0
Camo 录像 2026-01-27 05-31-58,86,2.8666666666666667,62.974,80.25345,113.63999999999999,0
Camo 录像 2026-01-27 05-31-58,87,2.9,63.299667,80.55122,114.74000000000001,0
Camo 录像 2026-01-27 05-31-58,88,2.933333333333333,63.630074,80.905945,115.99000000000001,0
Camo 录像 2026-01-27 05-31-58,89,2.966666666666667,63.963474,81.26372,116.60000000000002,0
Camo 录像 2026-01-27 05-31-58,90,3.0,64.247986,81.5598,117.25,0
Camo 录像 2026-01-27 05-31-58,91,3.033333333333333,64.522705,81.845245,117.17000000000002,0
Camo 录像 2026-01-27 05-31-58,92,3.066666666666667,64.762344,82.097626,117.11000000000001,0
Camo 录像 2026-01-27 05-31-58,93,3.1,65.04988,82.51851,116.89999999999998,0
Camo 录像 2026-01-27 05-31-58,94,3.1333333333333333,65.29697,82.85185,116.18,0
Camo 录像 2026-01-27 05-31-58,95,3.1666666666666665,65.50093,83.10959,115.99000000000001,0
Camo 录像 2026-01-27 05-31-58,96,3.2,65.73068,83.43411,115.02999999999997,0
Camo 录像 2026-01-27 05-31-58,97,3.2333333333333334,65.897934,83.70801,113.13999999999999,0
Camo 录像 2026-01-27 05-31-58,98,3.2666666666666666,66.01602,83.980576,112.32,0
Camo 录像 2026-01-27 05-31-58,99,3.3,66.16344,84.35623,110.63999999999999,0
Camo 录像 2026-01-27 05-31-58,100,3.3333333333333335,66.224594,84.671616,108.32,0
Camo 录像 2026-01-27 05-31-58,101,3.3666666666666667,66.22534,84.930695,106.73000000000002,0
Camo 录像 2026-01-27 05-31-58,102,3.4,66.32875,85.52577,104.35000000000002,0
Camo 录像 2026-01-27 05-31-58,103,3.433333333333333,66.27997,85.93756,102.85000000000002,0
Camo 录像 2026-01-27 05-31-58,104,3.466666666666667,66.12599,86.224686,99.54000000000002,0
Camo 录像 2026-01-27 05-31-58,105,3.5,66.00656,86.70447,98.17000000000002,0
Camo 录像 2026-01-27 05-31-58,106,3.533333333333333,65.85138,87.16353,95.47000000000003,0
Camo 录像 2026-01-27 05-31-58,107,3.566666666666667,65.675705,87.68791,92.19999999999999,0
Camo 录像 2026-01-27 05-31-58,108,3.6,65.47154,88.15756,88.88,0
Camo 录像 2026-01-27 05-31-58,109,3.6333333333333333,65.21573,88.58151,87.29000000000002,0
Camo 录像 2026-01-27 05-31-58,110,3.6666666666666665,64.924255,88.9191,83.39999999999998,0
Camo 录像 2026-01-27 05-31-58,111,3.7,64.65025,89.3864,82.92000000000002,0
Camo 录像 2026-01-27 05-31-58,112,3.7333333333333334,64.382965,89.86586,80.57,0
Camo 录像 2026-01-27 05-31-58,113,3.7666666666666666,64.05458,90.118546,76.19999999999999,0
Camo 录像 2026-01-27 05-31-58,114,3.8,63.78671,90.69623,76.07999999999998,0
Camo 录像 2026-01-27 05-31-58,115,3.8333333333333335,63.45264,90.962296,72.1,0
Camo 录像 2026-01-27 05-31-58,116,3.8666666666666667,63.165318,91.46518,70.25,0
Camo 录像 2026-01-27 05-31-58,117,3.9,62.8458,91.91531,70.84,0
Camo 录像 2026-01-27 05-31-58,118,3.933333333333333,62.499115,92.20958,67.69,0
Camo 录像 2026-01-27 05-31-58,119,3.966666666666667,62.19124,92.77867,67.78,0
Camo 录像 2026-01-27 05-32-40,0,0.0,61.0,61.0,90.0,0
Camo 录像 2026-01-27 05-32-40,1,0.03333333333333333,60.993847,61.062115,89.73000000000002,0
Camo 录像 2026-01-27 05-32-40,2,0.06666666666666667,60.99395,61.062016,89.75,0
Camo 录像 2026-01-27 05-32-40,3,0.1,60.954613,61.065243,89.15999999999997,0
Camo 录像 2026-01-27 05-32-40,4,0.13333333333333333,60.954403,61.06565,89.15999999999997,0
Camo 录像 2026-01-27 05-32-40,5,0.16666666666666666,60.857384,61.088814,88.72000000000003,0
Camo 录像 2026-01-27 05-32-40,6,0.2,60.73002,61.084507,87.77999999999997,0
Camo 录像 2026-01-27 05-32-40,7,0.23333333333333334,60.371788,61.086132,86.50999999999999,0
Camo 录像 2026-01-27 05-32-40,8,0.26666666666666666,60.371998,61.085827,86.50999999999999,0
Camo 录像 2026-01-27 05-32-40,9,0.3,60.17855,61.045483,85.68,0
Camo 录像 2026-01-27 05-32-40,10,0.3333333333333333,59.98689,61.027184,85.34000000000003,0
Camo 录像 2026-01-27 05-32-40,11,0.36666666666666664,59.82821,60.963806,85.63999999999999,0
Camo 录像 2026-01-27 05-32-40,12,0.4,59.584965,60.924324,86.27999999999997,0
Camo 录像 2026-01-27 05-32-40,13,0.43333333333333335,59.58486,60.924633,86.27999999999997,0
Camo 录像 2026-01-27 05-32-40,14,0.4666666666666667,59.476612,60.886135,87.76999999999998,0
Camo 录像 2026-01-27 05-32-40,15,0.5,59.479637,60.881428,87.74000000000001,0
Camo 录像 2026-01-27 05-32-40,16,0.5333333333333333,59.56105,60.878395,91.18,0
Camo 录像 2026-01-27 05-32-40,17,0.5666666666666667,59.660282,60.899002,92.76999999999998,0
Camo 录像 2026-01-27 05-32-40,18,0.6,59.660385,60.8989,92.76999999999998,0
Camo 录像 2026-01-27 05-32-40,19,0.6333333333333333,59.791355,60.95285,94.73000000000002,0
Camo 录像 2026-01-27 05-32-40,20,0.6666666666666666,59.977352,61.061577,97.18,0
Camo 录像 2026-01-27 05-32-40,21,0.7,60.250484,61.161045,99.51999999999998,0
Camo 录像 2026-01-27 05-32-40,22,0.7333333333333333,60.567657,61.314266,102.27999999999997,0
Camo 录像 2026-01-27 05-32-40,23,0.7666666666666667,60.927814,61.499508,104.69999999999999,0
Camo 录像 2026-01-27 05-32-40,24,0.8,61.322357,61.725346,107.81,0
Camo 录像 2026-01-27 05-32-40,25,0.8333333333333334,61.745647,61.93685,109.85000000000002,0
Camo 录像 2026-01-27 05-32-40,26,0.8666666666666667,62.20936,62.14299,112.09000000000003,0
Camo 录像 2026-01-27 05-32-40,27,0.9,62.660683,62.37024,114.24000000000001,0
Camo 录像 2026-01-27 05-32-40,28,0.9333333333333333,63.080845,62.611618,115.95999999999998,0
Camo 录像 2026-01-27 05-32-40,29,0.9666666666666667,63.54084,62.831257,117.28999999999996,0
Camo 录像 2026-01-27 05-32-40,30,1.0,63.95472,63.040478,117.95999999999998,0
Camo 录像 2026-01-27 05-32-40,31,1.0333333333333334,64.28166,63.285538,118.22000000000003,0
Camo 录像 2026-01-27 05-32-40,32,1.0666666666666667,64.58879,63.525784,118.28999999999996,0
Camo 录像 2026-01-27 05-32-40,33,1.1,64.86425,63.736595,118.32999999999998,0
Camo 录像 2026-01-27 05-32-40,34,1.1333333333333333,65.11633,63.922054,117.65999999999997,0
Camo 录像 2026-01-27 05-32-40,35,1.1666666666666667,65.34915,64.1366,117.43,0
Camo 录像 2026-01-27 05-32-40,36,1.2,65.48137,64.36685,115.92000000000002,0
Camo 录像 2026-01-27 05-32-40,37,1.2333333333333334,65.69357,64.8714,113.02999999999997,0
Camo 录像 2026-01-27 05-32-40,38,1.2666666666666666,65.6976,64.8703,113.00999999999999,0
Camo 录像 2026-01-27 05-32-40,39,1.3,65.731674,65.15671,111.32999999999998,0
Camo 录像 2026-01-27 05-32-40,40,1.3333333333333333,65.70706,65.76708,106.55000000000001,0
Camo 录像 2026-01-27 05-32-40,41,1.3666666666666667,65.70634,65.76769,106.53999999999996,0
Camo 录像 2026-01-27 05-32-40,42,1.4,65.65177,66.09036,103.84000000000003,0
Camo 录像 2026-01-27 05-32-40,43,1.4333333333333333,65.57628,66.42943,101.32,0
Camo 录像 2026-01-27 05-32-40,44,1.4666666666666666,65.480446,66.775314,98.63,0
Camo 录像 2026-01-27 05-32-40,45,1.5,65.358086,67.14188,96.09000000000003,0
Camo 录像 2026-01-27 05-32-40,46,1.5333333333333334,65.21483,67.50567,93.24000000000001,0
Camo 录像 2026-01-27 05-32-40,47,1.5666666666666667,65.02855,67.86554,90.5,0
Camo 录像 2026-01-27 05-32-40,48,1.6,64.86368,68.23935,88.02999999999997,0
Camo 录像 2026-01-27 05-32-40,49,1.6333333333333333,64.66708,68.599556,85.50999999999999,0
Camo 录像 2026-01-27 05-32-40,50,1.6666666666666667,64.20592,69.29089,80.74000000000001,0
Camo 录像 2026-01-27 05-32-40,51,1.7,64.20571,69.29089,80.75,0
Camo 录像 2026-01-27 05-32-40,52,1.7333333333333334,63.96429,69.65131,78.40999999999997,0
Camo 录像 2026-01-27 05-32-40,53,1.7666666666666666,63.70628,69.985596,75.98000000000002,0
Camo 录像 2026-01-27 05-32-40,54,1.8,63.439945,70.33001,74.38,0
Camo 录像 2026-01-27 05-32-40,55,1.8333333333333333,63.115257,70.62778,72.03,0
Camo 录像 2026-01-27 05-32-40,56,1.8666666666666667,62.831535,70.98121,70.69999999999999,0
Camo 录像 2026-01-27 05-32-40,57,1.9,62.515274,71.293495,69.18,0
Camo 录像 2026-01-27 05-32-40,58,1.9333333333333333,62.18356,71.60564,68.20999999999998,0
Camo 录像 2026-01-27 05-32-40,59,1.9666666666666666,61.85152,71.893135,67.56,0
Camo 录像 2026-01-27 05-32-40,60,2.0,61.292244,72.52426,67.01999999999998,0
Camo 录像 2026-01-27 05-32-40,61,2.033333333333333,61.281864,72.50838,67.07,0
Camo 录像 2026-01-27 05-32-40,62,2.066666666666667,60.748444,73.08493,67.32999999999998,0
Camo 录像 2026-01-27 05-32-40,63,2.1,60.748035,73.084206,67.32999999999998,0
Camo 录像 2026-01-27 05-32-40,64,2.1333333333333333,60.51397,73.365906,67.45999999999998,0
Camo 录像 2026-01-27 05-32-40,65,2.1666666666666665,60.134434,73.94961,69.94,0
Camo 录像 2026-01-27 05-32-40,66,2.2,60.01266,74.23845,71.41,0
Camo 录像 2026-01-27 05-32-40,67,2.2333333333333334,59.92883,74.54789,73.22,0
Camo 录像 2026-01-27 05-32-40,68,2.2666666666666666,59.8904,74.820366,74.81,0
Camo 录像 2026-01-27 05-32-40,69,2.3,59.89197,74.830185,74.85,0
Camo 录像 2026-01-27 05-32-40,70,2.3333333333333335,59.890533,75.11377,75.97,0
Camo 录像 2026-01-27 05-32-40,71,2.3666666666666667,60.064056,75.82811,81.35000000000002,0
Camo 录像 2026-01-27 05-32-40,72,2.4,60.064156,75.82863,81.35000000000002,0
Camo 录像 2026-01-27 05-32-40,73,2.433333333333333,60.368984,76.53768,86.35000000000002,0
Camo 录像 2026-01-27 05-32-40,74,2.466666666666667,60.5501,76.92472,88.49000000000001,0
Camo 录像 2026-01-27 05-32-40,75,2.5,60.773987,77.3244,91.50999999999999,0
Camo 录像 2026-01-27 05-32-40,76,2.533333333333333,61.012436,77.69558,93.69,0
Camo 录像 2026-01-27 05-32-40,77,2.566666666666667,61.26995,78.14642,97.0,0
Camo 录像 2026-01-27 05-32-40,78,2.6,61.27035,78.14798,96.98000000000002,0
Camo 录像 2026-01-27 05-32-40,79,2.6333333333333333,61.558624,78.556046,99.31,0
Camo 录像 2026-01-27 05-32-40,80,2.6666666666666665,61.821392,78.85533,103.20999999999998,0
Camo 录像 2026-01-27 05-32-40,81,2.7,62.455814,79.71649,106.88,0
Camo 录像 2026-01-27 05-32-40,82,2.7333333333333334,62.455914,79.71701,106.88,0
Camo 录像 2026-01-27 05-32-40,83,2.7666666666666666,62.773952,80.07329,108.75,0
Camo 录像 2026-01-27 05-32-40,84,2.8,63.44807,80.80707,112.61000000000001,0
Camo 录像 2026-01-27 05-32-40,85,2.8333333333333335,63.79863,81.1263,113.72000000000003,0
Camo 录像 2026-01-27 05-32-40,86,2.8666666666666667,64.149826,81.46001,115.65999999999997,0
Camo 录像 2026-01-27 05-32-40,87,2.9,64.49446,81.79161,116.68,0
Camo 录像 2026-01-27 05-32-40,88,2.933333333333333,64.80811,82.06685,116.94,0
Camo 录像 2026-01-27 05-32-40,89,2.966666666666667,65.11494,82.40285,117.23000000000002,0
Camo 录像 2026-01-27 05-32-40,90,3.0,65.10854,82.38925,117.27999999999997,0
Camo 录像 2026-01-27 05-32-40,91,3.033333333333333,65.40336,82.706665,117.35000000000002,0
Camo 录像 2026-01-27 05-32-40,92,3.066666666666667,65.69871,83.092575,117.19999999999999,0
Camo 录像 2026-01-27 05-32-40,93,3.1,66.19101,83.68549,115.57,0
Camo 录像 2026-01-27 05-32-40,94,3.1333333333333333,66.39563,83.91259,115.25999999999999,0
Camo 录像 2026-01-27 05-32-40,95,3.1666666666666665,66.664,84.34396,114.56,0
Camo 录像 2026-01-27 05-32-40,96,3.2,66.85169,84.672874,113.24000000000001,0
Camo 录像 2026-01-27 05-32-40,97,3.2333333333333334,66.986145,84.93864,112.50999999999999,0
Camo 录像 2026-01-27 05-32-40,98,3.2666666666666666,67.105034,85.27119,110.15999999999997,0
Camo 录像 2026-01-27 05-32-40,99,3.3,67.10563,85.27429,110.17000000000002,0
Camo 录像 2026-01-27 05-32-40,100,3.3333333333333335,67.18785,85.588806,107.84000000000003,0
Camo 录像 2026-01-27 05-32-40,101,3.3666666666666667,67.2957,86.462456,103.60000000000002,0
Camo 录像 2026-01-27 05-32-40,102,3.4,67.2429,86.86083,101.13999999999999,0
Camo 录像 2026-01-27 05-32-40,103,3.433333333333333,67.2426,86.8599,101.13999999999999,0
Camo 录像 2026-01-27 05-32-40,104,3.466666666666667,67.04411,87.730736,97.13,0
Camo 录像 2026-01-27 05-32-40,105,3.5,67.04826,87.74122,97.07999999999998,0
Camo 录像 2026-01-27 05-32-40,106,3.533333333333333,66.9139,88.217,94.19,0
Camo 录像 2026-01-27 05-32-40,107,3.566666666666667,66.49698,89.06433,89.00999999999999,0
Camo 录像 2026-01-27 05-32-40,108,3.6,66.50544,89.091705,88.98000000000002,0
Camo 录像 2026-01-27 05-32-40,109,3.6333333333333333,66.00326,89.941376,82.25999999999999,0
Camo 录像 2026-01-27 05-32-40,110,3.6666666666666665,65.71594,90.3261,79.97000000000003,0
Camo 录像 2026-01-27 05-32-40,111,3.7,65.48721,90.96846,77.89999999999998,0
Camo 录像 2026-01-27 05-32-40,112,3.7333333333333334,65.18574,91.40857,76.93,0
Camo 录像 2026-01-27 05-32-40,113,3.7666666666666666,64.84031,91.63122,72.85,0
Camo 录像 2026-01-27 05-32-40,114,3.8,64.87611,91.807365,74.82,0
Camo 录像 2026-01-27 05-32-40,115,3.8333333333333335,64.23619,92.576416,70.94999999999999,0
Camo 录像 2026-01-27 05-32-40,116,3.8666666666666667,63.871292,92.701355,68.76999999999998,0
Camo 录像 2026-01-27 05-32-40,117,3.9,63.58616,93.26371,69.43,0
Camo 录像 2026-01-27 05-32-40,118,3.933333333333333,63.582672,93.247955,69.51999999999998,0
Camo 录像 2026-01-27 05-32-40,119,3.966666666666667,63.292713,93.672134,69.47,0
Camo 录像 2026-01-27 05-33-24,0,0.0,61.0,61.0,90.0,0
Camo 录像 2026-01-27 05-33-24,1,0.03333333333333333,60.945023,60.999573,89.73000000000002,0
Camo 录像 2026-01-27 05-33-24,2,0.06666666666666667,60.912643,60.97939,89.88,0
Camo 录像 2026-01-27 05-33-24,3,0.1,60.88678,60.955456,89.30000000000001,0
Camo 录像 2026-01-27 05-33-24,4,0.13333333333333333,60.82286,60.953194,88.97000000000003,0
Camo 录像 2026-01-27 05-33-24,5,0.16666666666666666,60.744705,60.955532,88.49000000000001,0
Camo 录像 2026-01-27 05-33-24,6,0.2,60.657173,60.9446,88.0,0
Camo 录像 2026-01-27 05-33-24,7,0.23333333333333334,60.53524,60.922318,87.39999999999998,0
Camo 录像 2026-01-27 05-33-24,8,0.26666666666666666,60.36561,60.918938,86.78999999999996,0
Camo 录像 2026-01-27 05-33-24,9,0.3,60.225426,60.887417,85.98000000000002,0
Camo 录像 2026-01-27 05-33-24,10,0.3333333333333333,60.0607,60.875435,85.82,0
Camo 录像 2026-01-27 05-33-24,11,0.36666666666666664,59.90046,60.829,85.64999999999998,0
Camo 录像 2026-01-27 05-33-24,12,0.4,59.780586,60.78192,85.38,0
Camo 录像 2026-01-27 05-33-24,13,0.43333333333333335,59.68607,60.730457,85.81,0
Camo 录像 2026-01-27 05-33-24,14,0.4666666666666667,59.58372,60.693848,86.32,0
Camo 录像 2026-01-27 05-33-24,15,0.5,59.490955,60.655785,87.06,0
Camo 录像 2026-01-27 05-33-24,16,0.5333333333333333,59.469322,60.6182,88.75,0
Camo 录像 2026-01-27 05-33-24,17,0.5666666666666667,59.491932,60.583202,89.88,0
Camo 录像 2026-01-27 05-33-24,18,0.6,59.567936,60.56509,91.73000000000002,0
Camo 录像 2026-01-27 05-33-24,19,0.6333333333333333,59.687515,60.59661,93.57,0
Camo 录像 2026-01-27 05-33-24,20,0.6666666666666666,59.85904,60.63409,95.62,0
Camo 录像 2026-01-27 05-33-24,21,0.7,60.10811,60.721638,98.10000000000002,0
Camo 录像 2026-01-27 05-33-24,22,0.7333333333333333,60.406876,60.867226,100.94,0
Camo 录像 2026-01-27 05-33-24,23,0.7666666666666667,60.778656,61.012085,103.40999999999997,0
Camo 录像 2026-01-27 05-33-24,24,0.8,61.174225,61.186424,105.98000000000002,0
Camo 录像 2026-01-27 05-33-24,25,0.8333333333333334,61.60279,61.383644,108.69,0
Camo 录像 2026-01-27 05-33-24,26,0.8666666666666667,62.01825,61.602894,110.86000000000001,0
Camo 录像 2026-01-27 05-33-24,27,0.9,62.45868,61.80407,113.11000000000001,0
Camo 录像 2026-01-27 05-33-24,28,0.9333333333333333,62.89171,62.00817,115.10000000000002,0
Camo 录像 2026-01-27 05-33-24,29,0.9666666666666667,63.292778,62.23505,116.39999999999998,0
Camo 录像 2026-01-27 05-33-24,30,1.0,63.72975,62.428192,117.43,0
Camo 录像 2026-01-27 05-33-24,31,1.0333333333333334,64.079475,62.64121,117.67000000000002,0
Camo 录像 2026-01-27 05-33-24,32,1.0666666666666667,64.44585,62.848118,117.88,0
Camo 录像 2026-01-27 05-33-24,33,1.1,64.76708,63.046562,117.87,0
Camo 录像 2026-01-27 05-33-24,34,1.1333333333333333,65.115425,63.218494,117.77999999999997,0
Camo 录像 2026-01-27 05-33-24,35,1.1666666666666667,65.403496,63.39294,117.62,0
Camo 录像 2026-01-27 05-33-24,36,1.2,65.66576,63.59136,116.88,0
Camo 录像 2026-01-27 05-33-24,37,1.2333333333333334,65.862144,63.8113,115.35000000000002,0
Camo 录像 2026-01-27 05-33-24,38,1.2666666666666666,65.99167,64.06131,113.86000000000001,0
Camo 录像 2026-01-27 05-33-24,39,1.3,66.104645,64.335175,112.11000000000001,0
Camo 录像 2026-01-27 05-33-24,40,1.3333333333333333,66.094666,64.61516,109.42000000000002,0
Camo 录像 2026-01-27 05-33-24,41,1.3666666666666667,66.15454,64.92389,107.34000000000003,0
Camo 录像 2026-01-27 05-33-24,42,1.4,66.099495,65.23839,104.82999999999998,0
Camo 录像 2026-01-27 05-33-24,43,1.4333333333333333,66.043465,65.574036,102.06,0
Camo 录像 2026-01-27 05-33-24,44,1.4666666666666666,65.906746,65.897354,99.90999999999997,0
Camo 录像 2026-01-27 05-33-24,45,1.5,65.81874,66.23724,96.92000000000002,0
Camo 录像 2026-01-27 05-33-24,46,1.5333333333333334,65.701195,66.58592,94.22000000000003,0
Camo 录像 2026-01-27 05-33-24,47,1.5666666666666667,65.49245,66.936615,91.81,0
Camo 录像 2026-01-27 05-33-24,48,1.6,65.256256,67.27672,89.27999999999997,0
Camo 录像 2026-01-27 05-33-24,49,1.6333333333333333,65.052025,67.6418,86.30000000000001,0
Camo 录像 2026-01-27 05-33-24,50,1.6666666666666667,64.813896,67.991394,83.88,0
Camo 录像 2026-01-27 05-33-24,51,1.7,64.55568,68.33894,81.50999999999999,0
Camo 录像 2026-01-27 05-33-24,52,1.7333333333333334,64.293236,68.686554,79.27999999999997,0
Camo 录像 2026-01-27 05-33-24,53,1.7666666666666666,63.994812,69.02269,77.10000000000002,0
Camo 录像 2026-01-27 05-33-24,54,1.8,63.71746,69.364,74.93,0
Camo 录像 2026-01-27 05-33-24,55,1.8333333333333333,63.418823,69.6855,72.98000000000002,0
Camo 录像 2026-01-27 05-33-24,56,1.8666666666666667,63.12082,70.00392,70.93,0
Camo 录像 2026-01-27 05-33-24,57,1.9,62.805565,70.300415,69.87,0
Camo 录像 2026-01-27 05-33-24,58,1.9333333333333333,62.50992,70.60567,68.69999999999999,0
Camo 录像 2026-01-27 05-33-24,59,1.9666666666666666,62.209946,70.89717,67.57999999999998,0
Camo 录像 2026-01-27 05-33-24,60,2.0,61.953735,71.20468,67.07999999999998,0
Camo 录像 2026-01-27 05-33-24,61,2.033333333333333,61.674767,71.45557,66.51999999999998,0
Camo 录像 2026-01-27 05-33-24,62,2.066666666666667,61.440468,71.75281,66.89999999999998,0
Camo 录像 2026-01-27 05-33-24,63,2.1,61.19137,72.00482,67.38999999999999,0
Camo 录像 2026-01-27 05-33-24,64,2.1333333333333333,60.985428,72.29874,67.31,0
Camo 录像 2026-01-27 05-33-24,65,2.1666666666666665,60.758217,72.556854,68.07,0
Camo 录像 2026-01-27 05-33-24,66,2.2,60.578957,72.83641,69.0,0
Camo 录像 2026-01-27 05-33-24,67,2.2333333333333334,60.412697,73.08618,69.88999999999999,0
Camo 录像 2026-01-27 05-33-24,68,2.2666666666666666,60.33361,73.415665,72.24000000000001,0
Camo 录像 2026-01-27 05-33-24,69,2.3,60.23292,73.63301,72.94999999999999,0
Camo 录像 2026-01-27 05-33-24,70,2.3333333333333335,60.21424,73.95827,75.59,0
Camo 录像 2026-01-27 05-33-24,71,2.3666666666666667,60.218575,74.26573,77.45999999999998,0
Camo 录像 2026-01-27 05-33-24,72,2.4,60.305603,74.60664,79.57999999999998,0
Camo 录像 2026-01-27 05-33-24,73,2.433333333333333,60.40496,74.92531,82.24000000000001,0
Camo 录像 2026-01-27 05-33-24,74,2.466666666666667,60.55153,75.29732,84.56,0
Camo 录像 2026-01-27 05-33-24,75,2.5,60.70388,75.66969,87.19,0
Camo 录像 2026-01-27 05-33-24,76,2.533333333333333,60.91642,76.05563,89.60000000000002,0
Camo 录像 2026-01-27 05-33-24,77,2.566666666666667,61.102776,76.37755,93.03999999999996,0
Camo 录像 2026-01-27 05-33-24,78,2.6,61.411034,76.839325,95.09000000000003,0
Camo 录像 2026-01-27 05-33-24,79,2.6333333333333333,61.687843,77.238815,97.89999999999998,0
Camo 录像 2026-01-27 05-33-24,80,2.6666666666666665,61.987488,77.61977,100.13,0
Camo 录像 2026-01-27 05-33-24,81,2.7,62.299644,78.04042,102.74000000000001,0
Camo 录像 2026-01-27 05-33-24,82,2.7333333333333334,62.58252,78.369446,104.31,0
Camo 录像 2026-01-27 05-33-24,83,2.7666666666666666,62.912743,78.779495,107.34000000000003,0
Camo 录像 2026-01-27 05-33-24,84,2.8,63.229874,79.13785,109.17000000000002,0
Camo 录像 2026-01-27 05-33-24,85,2.8333333333333335,63.535225,79.47513,110.74000000000001,0
Camo 录像 2026-01-27 05-33-24,86,2.8666666666666667,63.890648,79.862,112.23000000000002,0
Camo 录像 2026-01-27 05-33-24,87,2.9,64.21166,80.16594,114.25999999999999,0
Camo 录像 2026-01-27 05-33-24,88,2.933333333333333,64.54262,80.4948,115.22000000000003,0
Camo 录像 2026-01-27 05-33-24,89,2.966666666666667,64.85093,80.79378,115.77999999999997,0
Camo 录像 2026-01-27 05-33-24,90,3.0,65.17168,81.14302,116.39999999999998,0
Camo 录像 2026-01-27 05-33-24,91,3.033333333333333,65.45684,81.45317,117.19,0
Camo 录像 2026-01-27 05-33-24,92,3.066666666666667,65.77534,81.80585,116.75,0
Camo 录像 2026-01-27 05-33-24,93,3.1,66.04759,82.13812,116.28999999999996,0
Camo 录像 2026-01-27 05-33-24,94,3.1333333333333333,66.28749,82.410675,115.86000000000001,0
Camo 录像 2026-01-27 05-33-24,95,3.1666666666666665,66.534515,82.71318,115.37,0
Camo 录像 2026-01-27 05-33-24,96,3.2,66.793205,83.06004,114.17000000000002,0
Camo 录像 2026-01-27 05-33-24,97,3.2333333333333334,66.97524,83.35187,113.28999999999996,0
Camo 录像 2026-01-27 05-33-24,98,3.2666666666666666,67.094345,83.630646,112.88,0
Camo 录像 2026-01-27 05-33-24,99,3.3,67.30084,84.06691,110.20999999999998,0
Camo 录像 2026-01-27 05-33-24,100,3.3333333333333335,67.400276,84.44264,108.07,0
Camo 录像 2026-01-27 05-33-24,101,3.3666666666666667,67.40686,84.732376,106.97000000000003,0
Camo 录像 2026-01-27 05-33-24,102,3.4,67.39564,85.05809,103.88999999999999,0
Camo 录像 2026-01-27 05-33-24,103,3.433333333333333,67.42413,85.60002,101.93,0
Camo 录像 2026-01-27 05-33-24,104,3.466666666666667,67.33206,85.99086,99.64999999999998,0
Camo 录像 2026-01-27 05-33-24,105,3.5,67.269325,86.505844,96.24000000000001,0
Camo 录像 2026-01-27 05-33-24,106,3.533333333333333,67.14552,86.94475,93.76999999999998,0
Camo 录像 2026-01-27 05-33-24,107,3.566666666666667,66.92551,87.30304,92.53999999999996,0
Camo 录像 2026-01-27 05-33-24,108,3.6,66.80167,87.84596,88.69999999999999,0
Camo 录像 2026-01-27 05-33-24,109,3.6333333333333333,66.47626,88.03494,85.20999999999998,0
Camo 录像 2026-01-27 05-33-24,110,3.6666666666666665,66.33583,88.641846,84.32,0
Camo 录像 2026-01-27 05-33-24,111,3.7,66.09625,89.10295,81.78999999999996,0
Camo 录像 2026-01-27 05-33-24,112,3.7333333333333334,65.85235,89.56166,79.5,0
Camo 录像 2026-01-27 05-33-24,113,3.7666666666666666,65.529495,89.89296,78.02999999999997,0
Camo 录像 2026-01-27 05-33-24,114,3.8,65.22673,90.26956,73.76999999999998,0
Camo 录像 2026-01-27 05-33-24,115,3.8333333333333335,64.93754,90.69452,71.11000000000001,0
Camo 录像 2026-01-27 05-33-24,116,3.8666666666666667,64.63238,91.16968,71.57999999999998,0
Camo 录像 2026-01-27 05-33-24,117,3.9,64.25458,91.41911,70.63,0
Camo 录像 2026-01-27 05-33-24,118,3.933333333333333,63.863556,91.61484,67.07999999999998,0
Camo 录像 2026-01-27 05-33-24,119,3.966666666666667,63.644447,92.352005,67.88,0
