video,frame,timestamp,x_cm,y_cm,robot_yaw,interpolated
Camo 录像 2026-01-27 04-20-59,0,0.0,61.0,61.0,90.0,0
Camo 录像 2026-01-27 04-20-59,1,0.03333333333333333,61.02398,61.016727,90.00999999999999,0
Camo 录像 2026-01-27 04-20-59,2,0.06666666666666667,61.041016,61.039047,90.13999999999999,0
Camo 录像 2026-01-27 04-20-59,3,0.1,61.050976,61.057278,89.92000000000002,0
Camo 录像 2026-01-27 04-20-59,4,0.13333333333333333,61.068676,61.07363,89.84000000000003,0
Camo 录像 2026-01-27 04-20-59,5,0.16666666666666666,61.081177,61.082,89.94999999999999,0
Camo 录像 2026-01-27 04-20-59,6,0.2,61.067314,61.106163,89.87,0
Camo 录像 2026-01-27 04-20-59,7,0.23333333333333334,61.05387,61.128788,89.69999999999999,0
Camo 录像 2026-01-27 04-20-59,8,0.26666666666666666,61.009182,61.15871,89.60000000000002,0
Camo 录像 2026-01-27 04-20-59,9,0.3,60.96447,61.147846,89.09000000000003,0
Camo 录像 2026-01-27 04-20-59,10,0.3333333333333333,60.890423,61.17942,88.98000000000002,0
Camo 录像 2026-01-27 04-20-59,11,0.36666666666666664,60.81437,61.188522,88.85000000000002,0
Camo 录像 2026-01-27 04-20-59,12,0.4,60.714535,61.19789,88.47000000000003,0
Camo 录像 2026-01-27 04-20-59,13,0.43333333333333335,60.651196,61.185596,88.5,0
Camo 录像 2026-01-27 04-20-59,14,0.4666666666666667,60.58469,61.184395,88.72000000000003,0
Camo 录像 2026-01-27 04-20-59,15,0.5,60.52128,61.19723,89.29000000000002,0
Camo 录像 2026-01-27 04-20-59,16,0.5333333333333333,60.49447,61.188198,89.27999999999997,0
Camo 录像 2026-01-27 04-20-59,17,0.5666666666666667,60.488228,61.18257,89.68,0
Camo 录像 2026-01-27 04-20-59,18,0.6,60.486946,61.189358,90.16000000000003,0
Camo 录像 2026-01-27 04-20-59,19,0.6333333333333333,60.532585,61.185295,91.14999999999998,0
Camo 录像 2026-01-27 04-20-59,20,0.6666666666666666,60.599125,61.18197,92.39999999999998,0
Camo 录像 2026-01-27 04-20-59,21,0.7,60.637123,61.210377,92.96000000000004,0
Camo 录像 2026-01-27 04-20-59,22,0.7333333333333333,60.726418,61.235504,93.80000000000001,0
Camo 录像 2026-01-27 04-20-59,23,0.7666666666666667,60.850727,61.274902,94.97000000000003,0
Camo 录像 2026-01-27 04-20-59,24,0.8,61.002888,61.336216,96.22000000000003,0
Camo 录像 2026-01-27 04-20-59,25,0.8333333333333334,61.19812,61.39365,97.94999999999999,0
Camo 录像 2026-01-27 04-20-59,26,0.8666666666666667,61.397633,61.457623,98.85000000000002,0
Camo 录像 2026-01-27 04-20-59,27,0.9,61.62257,61.53813,99.94,0
Camo 录像 2026-01-27 04-20-59,28,0.9333333333333333,61.844383,61.62448,100.97000000000003,0
Camo 录像 2026-01-27 04-20-59,29,0.9666666666666667,62.06169,61.707798,101.98000000000002,0
Camo 录像 2026-01-27 04-20-59,30,1.0,62.285427,61.800457,102.82999999999998,0
Camo 录像 2026-01-27 04-20-59,31,1.0333333333333334,62.48281,61.906853,104.05000000000001,0
Camo 录像 2026-01-27 04-20-59,32,1.0666666666666667,62.709084,61.962147,103.98000000000002,0
Camo 录像 2026-01-27 04-20-59,33,1.1,62.8684,62.064648,104.12,0
Camo 录像 2026-01-27 04-20-59,34,1.1333333333333333,63.02262,62.146088,103.93,0
Camo 录像 2026-01-27 04-20-59,35,1.1666666666666667,63.132736,62.246124,103.77999999999997,0
Camo 录像 2026-01-27 04-20-59,36,1.2,63.25573,62.317043,103.89999999999998,0
Camo 录像 2026-01-27 04-20-59,37,1.2333333333333334,63.38185,62.38099,103.71000000000004,0
Camo 录像 2026-01-27 04-20-59,38,1.2666666666666666,63.440544,62.457317,103.05000000000001,0
Camo 录像 2026-01-27 04-20-59,39,1.3,63.47001,62.54612,102.61000000000001,0
Camo 录像 2026-01-27 04-20-59,40,1.3333333333333333,63.46984,62.630184,101.51999999999998,0
Camo 录像 2026-01-27 04-20-59,41,1.3666666666666667,63.420723,62.74805,100.49000000000001,0
Camo 录像 2026-01-27 04-20-59,42,1.4,63.33934,62.856823,98.96000000000004,0
Camo 录像 2026-01-27 04-20-59,43,1.4333333333333333,63.271538,62.98068,97.63999999999999,0
Camo 录像 2026-01-27 04-20-59,44,1.4666666666666666,63.133797,63.122047,96.07999999999998,0
Camo 录像 2026-01-27 04-20-59,45,1.5,63.030823,63.253883,94.35000000000002,0
Camo 录像 2026-01-27 04-20-59,46,1.5333333333333334,62.925613,63.3823,93.19999999999999,0
Camo 录像 2026-01-27 04-20-59,47,1.5666666666666667,62.768616,63.536556,91.63,0
Camo 录像 2026-01-27 04-20-59,48,1.6,62.620087,63.688427,89.99000000000001,0
Camo 录像 2026-01-27 04-20-59,49,1.6333333333333333,62.460693,63.83153,88.63999999999999,0
Camo 录像 2026-01-27 04-20-59,50,1.6666666666666667,62.283142,63.979294,87.05000000000001,0
Camo 录像 2026-01-27 04-20-59,51,1.7,62.142162,64.125786,85.85000000000002,0
Camo 录像 2026-01-27 04-20-59,52,1.7333333333333334,61.984383,64.27365,84.72000000000003,0
Camo 录像 2026-01-27 04-20-59,53,1.7666666666666666,61.842785,64.40437,83.5,0
Camo 录像 2026-01-27 04-20-59,54,1.8,61.708855,64.54363,82.44999999999999,0
Camo 录像 2026-01-27 04-20-59,55,1.8333333333333333,61.567444,64.676735,81.46000000000004,0
Camo 录像 2026-01-27 04-20-59,56,1.8666666666666667,61.456062,64.8019,80.73000000000002,0
Camo 录像 2026-01-27 04-20-59,57,1.9,61.302635,64.93014,79.46000000000004,0
Camo 录像 2026-01-27 04-20-59,58,1.9333333333333333,61.18788,65.05054,78.77999999999997,0
Camo 录像 2026-01-27 04-20-59,59,1.9666666666666666,61.07672,65.17283,78.12,0
Camo 录像 2026-01-27 04-20-59,60,2.0,60.969563,65.31186,77.77999999999997,0
Camo 录像 2026-01-27 04-20-59,61,2.033333333333333,60.884464,65.418144,77.67000000000002,0
Camo 录像 2026-01-27 04-20-59,62,2.066666666666667,60.789577,65.53968,77.57,0
Camo 录像 2026-01-27 04-20-59,63,2.1,60.71828,65.67486,77.81,0
Camo 录像 2026-01-27 04-20-59,64,2.1333333333333333,60.65175,65.80649,77.88,0
Camo 录像 2026-01-27 04-20-59,65,2.1666666666666665,60.596165,65.947716,78.19,0
Camo 录像 2026-01-27 04-20-59,66,2.2,60.521767,66.08462,78.48000000000002,0
Camo 录像 2026-01-27 04-20-59,67,2.2333333333333334,60.458702,66.205574,78.75999999999999,0
Camo 录像 2026-01-27 04-20-59,68,2.2666666666666666,60.402775,66.33711,79.18,0
Camo 录像 2026-01-27 04-20-59,69,2.3,60.379696,66.46931,80.16000000000003,0
Camo 录像 2026-01-27 04-20-59,70,2.3333333333333335,60.371967,66.60074,81.06,0
Camo 录像 2026-01-27 04-20-59,71,2.3666666666666667,60.38278,66.73247,82.06,0
Camo 录像 2026-01-27 04-20-59,72,2.4,60.36441,66.8541,82.75999999999999,0
Camo 录像 2026-01-27 04-20-59,73,2.433333333333333,60.404427,66.97738,83.96000000000004,0
Camo 录像 2026-01-27 04-20-59,74,2.466666666666667,60.45186,67.13022,85.0,0
Camo 录像 2026-01-27 04-20-59,75,2.5,60.53351,67.280334,86.51999999999998,0
Camo 录像 2026-01-27 04-20-59,76,2.533333333333333,60.6218,67.437836,87.97000000000003,0
Camo 录像 2026-01-27 04-20-59,77,2.566666666666667,60.74003,67.60112,89.42000000000002,0
Camo 录像 2026-01-27 04-20-59,78,2.6,60.866062,67.768,91.04000000000002,0
Camo 录像 2026-01-27 04-20-59,79,2.6333333333333333,61.002346,67.95735,92.47000000000003,0
Camo 录像 2026-01-27 04-20-59,80,2.6666666666666665,61.1591,68.1225,93.63,0
Camo 录像 2026-01-27 04-20-59,81,2.7,61.32805,68.3117,95.21000000000004,0
Camo 录像 2026-01-27 04-20-59,82,2.7333333333333334,61.523582,68.50025,96.38999999999999,0
Camo 录像 2026-01-27 04-20-59,83,2.7666666666666666,61.69877,68.66808,97.59000000000003,0
Camo 录像 2026-01-27 04-20-59,84,2.8,61.863945,68.82458,98.63999999999999,0
Camo 录像 2026-01-27 04-20-59,85,2.8333333333333335,62.073826,69.012375,99.59000000000003,0
Camo 录像 2026-01-27 04-20-59,86,2.8666666666666667,62.251595,69.18201,100.81,0
Camo 录像 2026-01-27 04-20-59,87,2.9,62.44838,69.34308,101.41000000000003,0
Camo 录像 2026-01-27 04-20-59,88,2.933333333333333,62.63791,69.51181,102.36000000000001,0
Camo 录像 2026-01-27 04-20-59,89,2.966666666666667,62.80323,69.665955,103.0,0
Camo 录像 2026-01-27 04-20-59,90,3.0,62.94799,69.81535,103.57,0
Camo 录像 2026-01-27 04-20-59,91,3.033333333333333,63.104424,69.989624,103.24000000000001,0
Camo 录像 2026-01-27 04-20-59,92,3.066666666666667,63.233116,70.1533,103.44,0
Camo 录像 2026-01-27 04-20-59,93,3.1,63.34703,70.308876,103.26999999999998,0
Camo 录像 2026-01-27 04-20-59,94,3.1333333333333333,63.426865,70.446465,103.09000000000003,0
Camo 录像 2026-01-27 04-20-59,95,3.1666666666666665,63.53222,70.61919,102.88,0
Camo 录像 2026-01-27 04-20-59,96,3.2,63.60022,70.7548,102.64999999999998,0
Camo 录像 2026-01-27 04-20-59,97,3.2333333333333334,63.658516,70.89258,102.44,0
Camo 录像 2026-01-27 04-20-59,98,3.2666666666666666,63.742867,71.0786,101.76999999999998,0
Camo 录像 2026-01-27 04-20-59,99,3.3,63.77735,71.23438,101.05000000000001,0
Camo 录像 2026-01-27 04-20-59,100,3.3333333333333335,63.778046,71.388374,100.06,0
Camo 录像 2026-01-27 04-20-59,101,3.3666666666666667,63.78888,71.55217,99.07,0
Camo 录像 2026-01-27 04-20-59,102,3.4,63.743767,71.68412,98.32999999999998,0
Camo 录像 2026-01-27 04-20-59,103,3.433333333333333,63.812714,71.90795,97.11000000000001,0
Camo 录像 2026-01-27 04-20-59,104,3.466666666666667,63.773903,72.06721,96.13999999999999,0
Camo 录像 2026-01-27 04-20-59,105,3.5,63.690674,72.25714,94.88,0
Camo 录像 2026-01-27 04-20-59,106,3.533333333333333,63.589966,72.44153,93.0,0
Camo 录像 2026-01-27 04-20-59,107,3.566666666666667,63.445892,72.65238,91.81,0
Camo 录像 2026-01-27 04-20-59,108,3.6,63.29239,72.87139,90.35000000000002,0
Camo 录像 2026-01-27 04-20-59,109,3.6333333333333333,63.123062,73.09704,88.92000000000002,0
Camo 录像 2026-01-27 04-20-59,110,3.6666666666666665,62.917686,73.259796,87.09000000000003,0
Camo 录像 2026-01-27 04-20-59,111,3.7,62.764145,73.511826,85.76999999999998,0
Camo 录像 2026-01-27 04-20-59,112,3.7333333333333334,62.58857,73.686455,84.50999999999999,0
Camo 录像 2026-01-27 04-20-59,113,3.7666666666666666,62.475243,73.94945,83.22000000000003,0
Camo 录像 2026-01-27 04-20-59,114,3.8,62.342926,74.15664,82.43,0
Camo 录像 2026-01-27 04-20-59,115,3.8333333333333335,62.218884,74.373924,81.25999999999999,0
Camo 录像 2026-01-27 04-20-59,116,3.8666666666666667,62.074745,74.54643,80.61000000000001,0
Camo 录像 2026-01-27 04-20-59,117,3.9,61.95221,74.73888,79.84000000000003,0
Camo 录像 2026-01-27 04-20-59,118,3.933333333333333,61.841248,74.941666,78.89999999999998,0
Camo 录像 2026-01-27 04-20-59,119,3.966666666666667,61.70399,75.10177,78.09000000000003,0
Camo 录像 2026-01-27 04-21-37,0,0.0,61.0,61.0,90.0,0
Camo 录像 2026-01-27 04-21-37,1,0.03333333333333333,60.996346,61.007378,89.94999999999999,0
Camo 录像 2026-01-27 04-21-37,2,0.06666666666666667,61.009876,61.00103,90.19,0
Camo 录像 2026-01-27 04-21-37,3,0.1,61.005054,61.013233,90.12,0
Camo 录像 2026-01-27 04-21-37,4,0.13333333333333333,60.98743,61.04539,89.98000000000002,0
Camo 录像 2026-01-27 04-21-37,5,0.16666666666666666,60.978096,61.040455,89.79000000000002,0
Camo 录像 2026-01-27 04-21-37,6,0.2,60.987713,61.019955,89.67000000000002,0
Camo 录像 2026-01-27 04-21-37,7,0.23333333333333334,60.9625,61.03257,89.72000000000003,0
Camo 录像 2026-01-27 04-21-37,8,0.26666666666666666,60.942513,61.034733,89.45999999999998,0
Camo 录像 2026-01-27 04-21-37,9,0.3,60.9123,61.026695,89.48000000000002,0
Camo 录像 2026-01-27 04-21-37,10,0.3333333333333333,60.872066,61.023808,89.42000000000002,0
Camo 录像 2026-01-27 04-21-37,11,0.36666666666666664,60.806244,61.028896,89.12,0
Camo 录像 2026-01-27 04-21-37,12,0.4,60.738106,61.026443,88.88999999999999,0
Camo 录像 2026-01-27 04-21-37,13,0.43333333333333335,60.66427,61.028667,88.65999999999997,0
Camo 录像 2026-01-27 04-21-37,14,0.4666666666666667,60.608727,61.00688,89.00999999999999,0
Camo 录像 2026-01-27 04-21-37,15,0.5,60.55942,60.99082,89.32,0
Camo 录像 2026-01-27 04-21-37,16,0.5333333333333333,60.50032,60.991756,89.35000000000002,0
Camo 录像 2026-01-27 04-21-37,17,0.5666666666666667,60.490337,60.977135,90.11000000000001,0
Camo 录像 2026-01-27 04-21-37,18,0.6,60.48447,60.962242,90.29000000000002,0
Camo 录像 2026-01-27 04-21-37,19,0.6333333333333333,60.531475,60.924934,91.25999999999999,0
Camo 录像 2026-01-27 04-21-37,20,0.6666666666666666,60.58323,60.91455,92.25999999999999,0
Camo 录像 2026-01-27 04-21-37,21,0.7,60.646385,60.92262,93.22000000000003,0
Camo 录像 2026-01-27 04-21-37,22,0.7333333333333333,60.713207,60.936283,94.38999999999999,0
Camo 录像 2026-01-27 04-21-37,23,0.7666666666666667,60.824646,60.94495,94.81,0
Camo 录像 2026-01-27 04-21-37,24,0.8,60.959366,61.0244,95.88,0
Camo 录像 2026-01-27 04-21-37,25,0.8333333333333334,61.167244,61.0526,97.30000000000001,0
Camo 录像 2026-01-27 04-21-37,26,0.8666666666666667,61.381443,61.118664,98.43,0
Camo 录像 2026-01-27 04-21-37,27,0.9,61.59853,61.19979,99.68,0
Camo 录像 2026-01-27 04-21-37,28,0.9333333333333333,61.828697,61.281055,100.85000000000002,0
Camo 录像 2026-01-27 04-21-37,29,0.9666666666666667,62.04825,61.363968,101.73000000000002,0
Camo 录像 2026-01-27 04-21-37,30,1.0,62.302414,61.416233,103.10000000000002,0
Camo 录像 2026-01-27 04-21-37,31,1.0333333333333334,62.483868,61.51554,103.86000000000001,0
Camo 录像 2026-01-27 04-21-37,32,1.0666666666666667,62.65003,61.608406,104.67000000000002,0
Camo 录像 2026-01-27 04-21-37,33,1.1,62.81799,61.665455,104.35000000000002,0
Camo 录像 2026-01-27 04-21-37,34,1.1333333333333333,62.941334,61.74171,104.25,0
Camo 录像 2026-01-27 04-21-37,35,1.1666666666666667,63.06264,61.81527,104.32999999999998,0
Camo 录像 2026-01-27 04-21-37,36,1.2,63.138287,61.909992,104.54000000000002,0
Camo 录像 2026-01-27 04-21-37,37,1.2333333333333334,63.270184,61.955853,104.20999999999998,0
Camo 录像 2026-01-27 04-21-37,38,1.2666666666666666,63.303623,62.04993,103.92000000000002,0
Camo 录像 2026-01-27 04-21-37,39,1.3,63.31033,62.16681,103.63999999999999,0
Camo 录像 2026-01-27 04-21-37,40,1.3333333333333333,63.31619,62.257927,102.26999999999998,0
Camo 录像 2026-01-27 04-21-37,41,1.3666666666666667,63.283123,62.363373,101.19,0
Camo 录像 2026-01-27 04-21-37,42,1.4,63.206036,62.49113,99.82,0
Camo 录像 2026-01-27 04-21-37,43,1.4333333333333333,63.138683,62.61075,98.44999999999999,0
Camo 录像 2026-01-27 04-21-37,44,1.4666666666666666,63.030567,62.74334,96.93,0
Camo 录像 2026-01-27 04-21-37,45,1.5,62.910847,62.885696,95.50999999999999,0
Camo 录像 2026-01-27 04-21-37,46,1.5333333333333334,62.787136,63.023483,94.20999999999998,0
Camo 录像 2026-01-27 04-21-37,47,1.5666666666666667,62.634483,63.16293,92.68,0
Camo 录像 2026-01-27 04-21-37,48,1.6,62.498653,63.3111,91.12,0
Camo 录像 2026-01-27 04-21-37,49,1.6333333333333333,62.305473,63.47238,89.57,0
Camo 录像 2026-01-27 04-21-37,50,1.6666666666666667,62.139484,63.618183,88.37,0
Camo 录像 2026-01-27 04-21-37,51,1.7,61.981483,63.755413,86.75999999999999,0
Camo 录像 2026-01-27 04-21-37,52,1.7333333333333334,61.822483,63.90263,85.44,0
Camo 录像 2026-01-27 04-21-37,53,1.7666666666666666,61.675865,64.04648,84.27999999999997,0
Camo 录像 2026-01-27 04-21-37,54,1.8,61.525307,64.19327,83.25999999999999,0
Camo 录像 2026-01-27 04-21-37,55,1.8333333333333333,61.366516,64.32503,82.25,0
Camo 录像 2026-01-27 04-21-37,56,1.8666666666666667,61.206932,64.46658,80.86000000000001,0
Camo 录像 2026-01-27 04-21-37,57,1.9,61.063766,64.60171,80.05000000000001,0
Camo 录像 2026-01-27 04-21-37,58,1.9333333333333333,60.923634,64.72986,79.05000000000001,0
Camo 录像 2026-01-27 04-21-37,59,1.9666666666666666,60.795483,64.85289,78.32999999999998,0
Camo 录像 2026-01-27 04-21-37,60,2.0,60.693,64.97237,78.0,0
Camo 录像 2026-01-27 04-21-37,61,2.033333333333333,60.599133,65.09616,77.77999999999997,0
Camo 录像 2026-01-27 04-21-37,62,2.066666666666667,60.51869,65.21516,77.92000000000002,0
Camo 录像 2026-01-27 04-21-37,63,2.1,60.4391,65.32942,78.12,0
Camo 录像 2026-01-27 04-21-37,64,2.1333333333333333,60.366756,65.45273,78.13,0
Camo 录像 2026-01-27 04-21-37,65,2.1666666666666665,60.321568,65.56611,78.23000000000002,0
Camo 录像 2026-01-27 04-21-37,66,2.2,60.23919,65.68107,78.72000000000003,0
Camo 录像 2026-01-27 04-21-37,67,2.2333333333333334,60.170498,65.78319,78.75,0
Camo 录像 2026-01-27 04-21-37,68,2.2666666666666666,60.11129,65.89787,79.54000000000002,0
Camo 录像 2026-01-27 04-21-37,69,2.3,60.086586,65.997986,80.13999999999999,0
Camo 录像 2026-01-27 04-21-37,70,2.3333333333333335,60.04713,66.11536,81.18,0
Camo 录像 2026-01-27 04-21-37,71,2.3666666666666667,60.045643,66.22312,81.98000000000002,0
Camo 录像 2026-01-27 04-21-37,72,2.4,60.061806,66.34005,83.0,0
Camo 录像 2026-01-27 04-21-37,73,2.433333333333333,60.073864,66.454765,83.82999999999998,0
Camo 录像 2026-01-27 04-21-37,74,2.466666666666667,60.090305,66.57541,85.19,0
Camo 录像 2026-01-27 04-21-37,75,2.5,60.17054,66.704865,86.32999999999998,0
Camo 录像 2026-01-27 04-21-37,76,2.533333333333333,60.25336,66.84702,87.74000000000001,0
Camo 录像 2026-01-27 04-21-37,77,2.566666666666667,60.376976,67.003006,89.12,0
Camo 录像 2026-01-27 04-21-37,78,2.6,60.512268,67.153656,90.94,0
Camo 录像 2026-01-27 04-21-37,79,2.6333333333333333,60.666393,67.32152,92.34000000000003,0
Camo 录像 2026-01-27 04-21-37,80,2.6666666666666665,60.83781,67.49172,93.63,0
Camo 录像 2026-01-27 04-21-37,81,2.7,61.01098,67.66226,94.86000000000001,0
Camo 录像 2026-01-27 04-21-37,82,2.7333333333333334,61.204906,67.826126,96.19999999999999,0
Camo 录像 2026-01-27 04-21-37,83,2.7666666666666666,61.35951,67.987305,97.69,0
Camo 录像 2026-01-27 04-21-37,84,2.8,61.54714,68.15472,98.44999999999999,0
Camo 录像 2026-01-27 04-21-37,85,2.8333333333333335,61.720016,68.31126,99.32,0
Camo 录像 2026-01-27 04-21-37,86,2.8666666666666667,61.884113,68.457405,100.62,0
Camo 录像 2026-01-27 04-21-37,87,2.9,62.078594,68.60511,101.35000000000002,0
Camo 录像 2026-01-27 04-21-37,88,2.933333333333333,62.257294,68.75616,102.44999999999999,0
Camo 录像 2026-01-27 04-21-37,89,2.966666666666667,62.43547,68.90895,103.06,0
Camo 录像 2026-01-27 04-21-37,90,3.0,62.578682,69.03912,103.56,0
Camo 录像 2026-01-27 04-21-37,91,3.033333333333333,62.71125,69.18948,103.5,0
Camo 录像 2026-01-27 04-21-37,92,3.066666666666667,62.82752,69.34391,104.01999999999998,0
Camo 录像 2026-01-27 04-21-37,93,3.1,62.952785,69.50771,103.88,0
Camo 录像 2026-01-27 04-21-37,94,3.1333333333333333,63.067158,69.66904,103.99000000000001,0
Camo 录像 2026-01-27 04-21-37,95,3.1666666666666665,63.160755,69.8254,103.34000000000003,0
Camo 录像 2026-01-27 04-21-37,96,3.2,63.209293,69.95665,103.19,0
Camo 录像 2026-01-27 04-21-37,97,3.2333333333333334,63.282574,70.10198,103.07999999999998,0
Camo 录像 2026-01-27 04-21-37,98,3.2666666666666666,63.338078,70.25486,102.39999999999998,0
Camo 录像 2026-01-27 04-21-37,99,3.3,63.399067,70.43502,101.49000000000001,0
Camo 录像 2026-01-27 04-21-37,100,3.3333333333333335,63.41228,70.59519,100.69999999999999,0
Camo 录像 2026-01-27 04-21-37,101,3.3666666666666667,63.419727,70.769844,99.73000000000002,0
Camo 录像 2026-01-27 04-21-37,102,3.4,63.383465,70.90341,98.30000000000001,0
Camo 录像 2026-01-27 04-21-37,103,3.433333333333333,63.341778,71.06239,97.44999999999999,0
Camo 录像 2026-01-27 04-21-37,104,3.466666666666667,63.35214,71.26286,96.52999999999997,0
Camo 录像 2026-01-27 04-21-37,105,3.5,63.285137,71.445915,95.57999999999998,0
Camo 录像 2026-01-27 04-21-37,106,3.533333333333333,63.180477,71.635284,94.06,0
Camo 录像 2026-01-27 04-21-37,107,3.566666666666667,63.076473,71.85013,92.54000000000002,0
Camo 录像 2026-01-27 04-21-37,108,3.6,62.906696,72.039215,91.00999999999999,0
Camo 录像 2026-01-27 04-21-37,109,3.6333333333333333,62.745045,72.26016,89.65999999999997,0
Camo 录像 2026-01-27 04-21-37,110,3.6666666666666665,62.566975,72.455666,88.26999999999998,0
Camo 录像 2026-01-27 04-21-37,111,3.7,62.406956,72.66344,86.86000000000001,0
Camo 录像 2026-01-27 04-21-37,112,3.7333333333333334,62.250233,72.87052,85.01999999999998,0
Camo 录像 2026-01-27 04-21-37,113,3.7666666666666666,62.093422,73.06069,83.92000000000002,0
Camo 录像 2026-01-27 04-21-37,114,3.8,61.943405,73.265686,82.73000000000002,0
Camo 录像 2026-01-27 04-21-37,115,3.8333333333333335,61.79792,73.48548,82.07,0
Camo 录像 2026-01-27 04-21-37,116,3.8666666666666667,61.643505,73.6858,81.34000000000003,0
Camo 录像 2026-01-27 04-21-37,117,3.9,61.49268,73.88739,80.23000000000002,0
Camo 录像 2026-01-27 04-21-37,118,3.933333333333333,61.31886,74.03294,78.82999999999998,0
Camo 录像 2026-01-27 04-21-37,119,3.966666666666667,61.185616,74.28321,78.40999999999997,0
Camo 录像 2026-01-27 04-22-17,0,0.0,61.0,61.0,90.0,0
Camo 录像 2026-01-27 04-22-17,1,0.03333333333333333,60.998062,61.012135,90.00999999999999,0
Camo 录像 2026-01-27 04-22-17,2,0.06666666666666667,60.9891,61.02687,89.75999999999999,0
Camo 录像 2026-01-27 04-22-17,3,0.1,60.977364,61.055695,89.55000000000001,0
Camo 录像 2026-01-27 04-22-17,4,0.13333333333333333,60.974854,61.061024,89.35000000000002,0
Camo 录像 2026-01-27 04-22-17,5,0.16666666666666666,60.967026,61.075775,89.49000000000001,0
Camo 录像 2026-01-27 04-22-17,6,0.2,60.93066,61.09322,89.17000000000002,0
Camo 录像 2026-01-27 04-22-17,7,0.23333333333333334,60.896446,61.11233,89.30000000000001,0
Camo 录像 2026-01-27 04-22-17,8,0.26666666666666666,60.852356,61.115376,88.75999999999999,0
Camo 录像 2026-01-27 04-22-17,9,0.3,60.78335,61.118782,88.82,0
Camo 录像 2026-01-27 04-22-17,10,0.3333333333333333,60.704437,61.125996,88.30000000000001,0
Camo 录像 2026-01-27 04-22-17,11,0.36666666666666664,60.61898,61.11203,88.23000000000002,0
Camo 录像 2026-01-27 04-22-17,12,0.4,60.539486,61.113472,88.28999999999996,0
Camo 录像 2026-01-27 04-22-17,13,0.43333333333333335,60.461494,61.121315,88.38999999999999,0
Camo 录像 2026-01-27 04-22-17,14,0.4666666666666667,60.41611,61.08984,88.73000000000002,0
Camo 录像 2026-01-27 04-22-17,15,0.5,60.372925,61.096706,88.75,0
Camo 录像 2026-01-27 04-22-17,16,0.5333333333333333,60.36017,61.08071,89.51999999999998,0
Camo 录像 2026-01-27 04-22-17,17,0.5666666666666667,60.37012,61.071236,89.78999999999996,0
Camo 录像 2026-01-27 04-22-17,18,0.6,60.406395,61.066772,90.55000000000001,0
Camo 录像 2026-01-27 04-22-17,19,0.6333333333333333,60.473297,61.05469,91.88999999999999,0
Camo 录像 2026-01-27 04-22-17,20,0.6666666666666666,60.53614,61.063583,92.57999999999998,0
Camo 录像 2026-01-27 04-22-17,21,0.7,60.622612,61.079414,93.49000000000001,0
Camo 录像 2026-01-27 04-22-17,22,0.7333333333333333,60.747795,61.12418,94.73000000000002,0
Camo 录像 2026-01-27 04-22-17,23,0.7666666666666667,60.914597,61.179783,95.98000000000002,0
Camo 录像 2026-01-27 04-22-17,24,0.8,61.119267,61.22496,97.32999999999998,0
Camo 录像 2026-01-27 04-22-17,25,0.8333333333333334,61.326496,61.30086,98.38999999999999,0
Camo 录像 2026-01-27 04-22-17,26,0.8666666666666667,61.54814,61.36342,99.42000000000002,0
Camo 录像 2026-01-27 04-22-17,27,0.9,61.77511,61.445297,100.47000000000003,0
Camo 录像 2026-01-27 04-22-17,28,0.9333333333333333,62.001526,61.51811,101.55000000000001,0
Camo 录像 2026-01-27 04-22-17,29,0.9666666666666667,62.21216,61.61053,102.62,0
Camo 录像 2026-01-27 04-22-17,30,1.0,62.39851,61.701057,103.35000000000002,0
Camo 录像 2026-01-27 04-22-17,31,1.0333333333333334,62.573944,61.792812,103.56,0
Camo 录像 2026-01-27 04-22-17,32,1.0666666666666667,62.69135,61.892723,103.42000000000002,0
Camo 录像 2026-01-27 04-22-17,33,1.1,62.826683,61.976543,103.33999999999997,0
Camo 录像 2026-01-27 04-22-17,34,1.1333333333333333,62.93909,62.055183,103.42000000000002,0
Camo 录像 2026-01-27 04-22-17,35,1.1666666666666667,63.049553,62.13267,103.24000000000001,0
Camo 录像 2026-01-27 04-22-17,36,1.2,63.125996,62.215885,103.08999999999997,0
Camo 录像 2026-01-27 04-22-17,37,1.2333333333333334,63.172012,62.305893,102.60000000000002,0
Camo 录像 2026-01-27 04-22-17,38,1.2666666666666666,63.17686,62.407627,101.87,0
Camo 录像 2026-01-27 04-22-17,39,1.3,63.155746,62.510536,100.99000000000001,0
Camo 录像 2026-01-27 04-22-17,40,1.3333333333333333,63.112137,62.63485,99.65999999999997,0
Camo 录像 2026-01-27 04-22-17,41,1.3666666666666667,63.03774,62.75895,98.60000000000002,0
Camo 录像 2026-01-27 04-22-17,42,1.4,62.928883,62.89165,96.82999999999998,0
Camo 录像 2026-01-27 04-22-17,43,1.4333333333333333,62.835194,63.02029,95.51999999999998,0
Camo 录像 2026-01-27 04-22-17,44,1.4666666666666666,62.740562,63.15057,94.07999999999998,0
Camo 录像 2026-01-27 04-22-17,45,1.5,62.621147,63.29079,92.76999999999998,0
Camo 录像 2026-01-27 04-22-17,46,1.5333333333333334,62.48837,63.427063,91.18,0
Camo 录像 2026-01-27 04-22-17,47,1.5666666666666667,62.311543,63.573696,89.35000000000002,0
Camo 录像 2026-01-27 04-22-17,48,1.6,62.1828,63.70723,88.10000000000002,0
Camo 录像 2026-01-27 04-22-17,49,1.6333333333333333,62.0108,63.841034,86.93,0
Camo 录像 2026-01-27 04-22-17,50,1.6666666666666667,61.846733,63.973892,85.44999999999999,0
Camo 录像 2026-01-27 04-22-17,51,1.7,61.68736,64.11309,84.07,0
Camo 录像 2026-01-27 04-22-17,52,1.7333333333333334,61.524414,64.247406,82.88,0
Camo 录像 2026-01-27 04-22-17,53,1.7666666666666666,61.38272,64.37648,81.77999999999997,0
Camo 录像 2026-01-27 04-22-17,54,1.8,61.23257,64.50681,80.86000000000001,0
Camo 录像 2026-01-27 04-22-17,55,1.8333333333333333,61.075466,64.630165,79.60000000000002,0
Camo 录像 2026-01-27 04-22-17,56,1.8666666666666667,60.936687,64.75464,78.58999999999997,0
Camo 录像 2026-01-27 04-22-17,57,1.9,60.806026,64.88064,77.94,0
Camo 录像 2026-01-27 04-22-17,58,1.9333333333333333,60.69581,64.99964,77.44999999999999,0
Camo 录像 2026-01-27 04-22-17,59,1.9666666666666666,60.574852,65.12214,77.18,0
Camo 录像 2026-01-27 04-22-17,60,2.0,60.4817,65.24514,77.06,0
Camo 录像 2026-01-27 04-22-17,61,2.033333333333333,60.378647,65.35515,76.63999999999999,0
Camo 录像 2026-01-27 04-22-17,62,2.066666666666667,60.300076,65.469444,77.06,0
Camo 录像 2026-01-27 04-22-17,63,2.1,60.21686,65.5842,77.26999999999998,0
Camo 录像 2026-01-27 04-22-17,64,2.1333333333333333,60.130898,65.709236,77.63,0
Camo 录像 2026-01-27 04-22-17,65,2.1666666666666665,60.043457,65.82488,77.85000000000002,0
Camo 录像 2026-01-27 04-22-17,66,2.2,59.952217,65.92451,78.36000000000001,0
Camo 录像 2026-01-27 04-22-17,67,2.2333333333333334,59.89213,66.04508,78.55000000000001,0
Camo 录像 2026-01-27 04-22-17,68,2.2666666666666666,59.833397,66.16392,79.43,0
Camo 录像 2026-01-27 04-22-17,69,2.3,59.79923,66.28878,80.32,0
Camo 录像 2026-01-27 04-22-17,70,2.3333333333333335,59.779045,66.41679,81.31,0
Camo 录像 2026-01-27 04-22-17,71,2.3666666666666667,59.765396,66.53847,82.43,0
Camo 录像 2026-01-27 04-22-17,72,2.4,59.76157,66.668915,83.36000000000001,0
Camo 录像 2026-01-27 04-22-17,73,2.433333333333333,59.794,66.812935,84.53999999999996,0
Camo 录像 2026-01-27 04-22-17,74,2.466666666666667,59.86595,66.96099,85.81,0
Camo 录像 2026-01-27 04-22-17,75,2.5,59.94223,67.10867,87.23000000000002,0
Camo 录像 2026-01-27 04-22-17,76,2.533333333333333,60.065586,67.26933,88.69,0
Camo 录像 2026-01-27 04-22-17,77,2.566666666666667,60.195667,67.44069,90.18,0
Camo 录像 2026-01-27 04-22-17,78,2.6,60.34497,67.6039,91.55000000000001,0
Camo 录像 2026-01-27 04-22-17,79,2.6333333333333333,60.507793,67.763336,93.00999999999999,0
Camo 录像 2026-01-27 04-22-17,80,2.6666666666666665,60.691624,67.92475,94.24000000000001,0
Camo 录像 2026-01-27 04-22-17,81,2.7,60.864758,68.09875,95.47000000000003,0
Camo 录像 2026-01-27 04-22-17,82,2.7333333333333334,61.05688,68.28284,96.80000000000001,0
Camo 录像 2026-01-27 04-22-17,83,2.7666666666666666,61.233215,68.42842,97.70999999999998,0
Camo 录像 2026-01-27 04-22-17,84,2.8,61.40586,68.57232,98.70999999999998,0
Camo 录像 2026-01-27 04-22-17,85,2.8333333333333335,61.57207,68.737595,99.80000000000001,0
Camo 录像 2026-01-27 04-22-17,86,2.8666666666666667,61.75502,68.91151,100.40999999999997,0
Camo 录像 2026-01-27 04-22-17,87,2.9,61.91617,69.05169,101.5,0
Camo 录像 2026-01-27 04-22-17,88,2.933333333333333,62.09711,69.248276,102.13,0
Camo 录像 2026-01-27 04-22-17,89,2.966666666666667,62.245533,69.41194,102.75,0
Camo 录像 2026-01-27 04-22-17,90,3.0,62.381504,69.58888,102.80000000000001,0
Camo 录像 2026-01-27 04-22-17,91,3.033333333333333,62.48108,69.741516,102.83999999999997,0
Camo 录像 2026-01-27 04-22-17,92,3.066666666666667,62.565968,69.88761,102.78999999999996,0
Camo 录像 2026-01-27 04-22-17,93,3.1,62.65342,70.05044,102.49000000000001,0
Camo 录像 2026-01-27 04-22-17,94,3.1333333333333333,62.71584,70.19888,102.11000000000001,0
Camo 录像 2026-01-27 04-22-17,95,3.1666666666666665,62.77078,70.34147,101.93,0
Camo 录像 2026-01-27 04-22-17,96,3.2,62.829044,70.49471,101.56,0
Camo 录像 2026-01-27 04-22-17,97,3.2333333333333334,62.878185,70.670975,101.14999999999998,0
Camo 录像 2026-01-27 04-22-17,98,3.2666666666666666,62.886036,70.80018,99.77999999999997,0
Camo 录像 2026-01-27 04-22-17,99,3.3,62.9014,71.003,99.20999999999998,0
Camo 录像 2026-01-27 04-22-17,100,3.3333333333333335,62.88399,71.16381,98.14999999999998,0
Camo 录像 2026-01-27 04-22-17,101,3.3666666666666667,62.867973,71.31711,96.68,0
Camo 录像 2026-01-27 04-22-17,102,3.4,62.854786,71.52211,96.12,0
Camo 录像 2026-01-27 04-22-17,103,3.433333333333333,62.789585,71.65117,94.93,0
Camo 录像 2026-01-27 04-22-17,104,3.466666666666667,62.7255,71.870285,93.88999999999999,0
Camo 录像 2026-01-27 04-22-17,105,3.5,62.616714,72.0715,92.17000000000002,0
Camo 录像 2026-01-27 04-22-17,106,3.533333333333333,62.485294,72.283104,90.98000000000002,0
Camo 录像 2026-01-27 04-22-17,107,3.566666666666667,62.311607,72.452995,89.70999999999998,0
Camo 录像 2026-01-27 04-22-17,108,3.6,62.15389,72.681335,87.52999999999997,0
Camo 录像 2026-01-27 04-22-17,109,3.6333333333333333,61.992058,72.89376,86.63,0
Camo 录像 2026-01-27 04-22-17,110,3.6666666666666665,61.83193,73.112495,85.02999999999997,0
Camo 录像 2026-01-27 04-22-17,111,3.7,61.664993,73.28793,83.5,0
Camo 录像 2026-01-27 04-22-17,112,3.7333333333333334,61.517113,73.522385,82.53999999999996,0
Camo 录像 2026-01-27 04-22-17,113,3.7666666666666666,61.34487,73.69014,81.50999999999999,0
Camo 录像 2026-01-27 04-22-17,114,3.8,61.189472,73.85055,80.13999999999999,0
Camo 录像 2026-01-27 04-22-17,115,3.8333333333333335,61.050438,74.11503,79.35000000000002,0
Camo 录像 2026-01-27 04-22-17,116,3.8666666666666667,60.89862,74.30725,78.81,0
Camo 录像 2026-01-27 04-22-17,117,3.9,60.752014,74.47705,77.42000000000002,0
Camo 录像 2026-01-27 04-22-17,118,3.933333333333333,60.610825,74.60956,76.97000000000003,0
Camo 录像 2026-01-27 04-22-17,119,3.966666666666667,60.468426,74.795494,76.93,0
Camo 录像 2026-01-27 04-22-56,0,0.0,61.0,61.0,90.0,0
Camo 录像 2026-01-27 04-22-56,1,0.03333333333333333,61.004734,61.014263,89.94999999999999,0
Camo 录像 2026-01-27 04-22-56,2,0.06666666666666667,61.01412,61.027138,90.0,0
Camo 录像 2026-01-27 04-22-56,3,0.1,61.024483,61.046097,89.87,0
Camo 录像 2026-01-27 04-22-56,4,0.13333333333333333,61.02436,61.04877,89.59000000000003,0
Camo 录像 2026-01-27 04-22-56,5,0.16666666666666666,61.03526,61.05105,89.43,0
Camo 录像 2026-01-27 04-22-56,6,0.2,61.01467,61.079163,89.52999999999997,0
Camo 录像 2026-01-27 04-22-56,7,0.23333333333333334,60.991432,61.08933,89.04000000000002,0
Camo 录像 2026-01-27 04-22-56,8,0.26666666666666666,60.94899,61.09249,88.82,0
Camo 录像 2026-01-27 04-22-56,9,0.3,60.881557,61.119606,88.87,0
Camo 录像 2026-01-27 04-22-56,10,0.3333333333333333,60.88146,61.1195,88.87,0
Camo 录像 2026-01-27 04-22-56,11,0.36666666666666664,60.704285,61.13002,88.07,0
Camo 录像 2026-01-27 04-22-56,12,0.4,60.619534,61.146137,88.44999999999999,0
Camo 录像 2026-01-27 04-22-56,13,0.43333333333333335,60.501266,61.15531,88.27999999999997,0
Camo 录像 2026-01-27 04-22-56,14,0.4666666666666667,60.421947,61.14635,88.69999999999999,0
Camo 录像 2026-01-27 04-22-56,15,0.5,60.35415,61.15296,89.05000000000001,0
Camo 录像 2026-01-27 04-22-56,16,0.5333333333333333,60.310642,61.132214,89.17000000000002,0
Camo 录像 2026-01-27 04-22-56,17,0.5666666666666667,60.268387,61.138058,89.51999999999998,0
Camo 录像 2026-01-27 04-22-56,18,0.6,60.232773,61.136555,90.26999999999998,0
Camo 录像 2026-01-27 04-22-56,19,0.6333333333333333,60.219566,61.14064,91.13999999999999,0
Camo 录像 2026-01-27 04-22-56,20,0.6666666666666666,60.22989,61.136833,92.51999999999998,0
Camo 录像 2026-01-27 04-22-56,21,0.7,60.226295,61.135563,93.19999999999999,0
Camo 录像 2026-01-27 04-22-56,22,0.7333333333333333,60.265656,61.145756,93.54000000000002,0
Camo 录像 2026-01-27 04-22-56,23,0.7666666666666667,60.324055,61.185715,94.44,0
Camo 录像 2026-01-27 04-22-56,24,0.8,60.469273,61.237495,95.89999999999998,0
Camo 录像 2026-01-27 04-22-56,25,0.8333333333333334,60.640022,61.30438,97.09000000000003,0
Camo 录像 2026-01-27 04-22-56,26,0.8666666666666667,60.841698,61.394966,98.19,0
Camo 录像 2026-01-27 04-22-56,27,0.9,61.05098,61.488728,99.38999999999999,0
Camo 录像 2026-01-27 04-22-56,28,0.9333333333333333,61.27924,61.578568,100.46000000000004,0
Camo 录像 2026-01-27 04-22-56,29,0.9666666666666667,61.501072,61.675037,101.75999999999999,0
Camo 录像 2026-01-27 04-22-56,30,1.0,61.69661,61.791637,102.98000000000002,0
Camo 录像 2026-01-27 04-22-56,31,1.0333333333333334,61.882744,61.87033,103.44,0
Camo 录像 2026-01-27 04-22-56,32,1.0666666666666667,62.044296,61.960205,103.48000000000002,0
Camo 录像 2026-01-27 04-22-56,33,1.1,62.188618,62.040215,103.37,0
Camo 录像 2026-01-27 04-22-56,34,1.1333333333333333,62.329025,62.120705,103.27999999999997,0
Camo 录像 2026-01-27 04-22-56,35,1.1666666666666667,62.43933,62.191914,103.08000000000004,0
Camo 录像 2026-01-27 04-22-56,36,1.2,62.54903,62.26137,103.10000000000002,0
Camo 录像 2026-01-27 04-22-56,37,1.2333333333333334,62.630943,62.32858,102.86000000000001,0
Camo 录像 2026-01-27 04-22-56,38,1.2666666666666666,62.66852,62.417477,102.41000000000003,0
Camo 录像 2026-01-27 04-22-56,39,1.3,62.646217,62.528835,101.14999999999998,0
Camo 录像 2026-01-27 04-22-56,40,1.3333333333333333,62.646114,62.52883,101.14999999999998,0
Camo 录像 2026-01-27 04-22-56,41,1.3666666666666667,62.566998,62.766647,98.94999999999999,0
Camo 录像 2026-01-27 04-22-56,42,1.4,62.49569,62.88945,97.59000000000003,0
Camo 录像 2026-01-27 04-22-56,43,1.4333333333333333,62.377274,63.03309,96.13999999999999,0
Camo 录像 2026-01-27 04-22-56,44,1.4666666666666666,62.262703,63.17152,94.27999999999997,0
Camo 录像 2026-01-27 04-22-56,45,1.5,62.166462,63.296124,93.23000000000002,0
Camo 录像 2026-01-27 04-22-56,46,1.5333333333333334,62.02409,63.433445,91.77999999999997,0
Camo 录像 2026-01-27 04-22-56,47,1.5666666666666667,61.867573,63.56175,90.05000000000001,0
Camo 录像 2026-01-27 04-22-56,48,1.6,61.68561,63.690098,88.5,0
Camo 录像 2026-01-27 04-22-56,49,1.6333333333333333,61.519073,63.822216,87.5,0
Camo 录像 2026-01-27 04-22-56,50,1.6666666666666667,61.338882,63.948215,86.06,0
Camo 录像 2026-01-27 04-22-56,51,1.7,61.17087,64.069916,84.51999999999998,0
Camo 录像 2026-01-27 04-22-56,52,1.7333333333333334,61.01209,64.21161,83.36000000000001,0
Camo 录像 2026-01-27 04-22-56,53,1.7666666666666666,60.863705,64.33856,82.44999999999999,0
Camo 录像 2026-01-27 04-22-56,54,1.8,60.71332,64.45735,80.85000000000002,0
Camo 录像 2026-01-27 04-22-56,55,1.8333333333333333,60.593903,64.58101,80.35000000000002,0
Camo 录像 2026-01-27 04-22-56,56,1.8666666666666667,60.47816,64.69408,79.07,0
Camo 录像 2026-01-27 04-22-56,57,1.9,60.356743,64.80875,78.26999999999998,0
Camo 录像 2026-01-27 04-22-56,58,1.9333333333333333,60.239243,64.908615,77.47000000000003,0
Camo 录像 2026-01-27 04-22-56,59,1.9666666666666666,60.130898,65.023636,76.74000000000001,0
Camo 录像 2026-01-27 04-22-56,60,2.0,60.038822,65.125,76.50999999999999,0
Camo 录像 2026-01-27 04-22-56,61,2.033333333333333,59.947773,65.22659,76.46000000000004,0
Camo 录像 2026-01-27 04-22-56,62,2.066666666666667,59.873753,65.33713,76.69999999999999,0
Camo 录像 2026-01-27 04-22-56,63,2.1,59.795055,65.43938,76.86000000000001,0
Camo 录像 2026-01-27 04-22-56,64,2.1333333333333333,59.724487,65.54253,76.82,0
Camo 录像 2026-01-27 04-22-56,65,2.1666666666666665,59.641796,65.65596,77.75999999999999,0
Camo 录像 2026-01-27 04-22-56,66,2.2,59.566563,65.77699,77.72000000000003,0
Camo 录像 2026-01-27 04-22-56,67,2.2333333333333334,59.48428,65.861984,78.37,0
Camo 录像 2026-01-27 04-22-56,68,2.2666666666666666,59.44318,65.9774,79.01999999999998,0
Camo 录像 2026-01-27 04-22-56,69,2.3,59.41021,66.093216,79.75,0
Camo 录像 2026-01-27 04-22-56,70,2.3333333333333335,59.41021,66.093124,79.74000000000001,0
Camo 录像 2026-01-27 04-22-56,71,2.3666666666666667,59.39586,66.33974,81.83000000000004,0
Camo 录像 2026-01-27 04-22-56,72,2.4,59.40411,66.45207,82.92000000000002,0
Camo 录像 2026-01-27 04-22-56,73,2.433333333333333,59.42166,66.588425,83.92000000000002,0
Camo 录像 2026-01-27 04-22-56,74,2.466666666666667,59.483376,66.72824,85.11000000000001,0
Camo 录像 2026-01-27 04-22-56,75,2.5,59.562054,66.885956,86.16000000000003,0
Camo 录像 2026-01-27 04-22-56,76,2.533333333333333,59.67068,67.04741,87.88999999999999,0
Camo 录像 2026-01-27 04-22-56,77,2.566666666666667,59.776325,67.222534,89.24000000000001,0
Camo 录像 2026-01-27 04-22-56,78,2.6,59.904625,67.39925,90.44999999999999,0
Camo 录像 2026-01-27 04-22-56,79,2.6333333333333333,60.058254,67.57727,91.94999999999999,0
Camo 录像 2026-01-27 04-22-56,80,2.6666666666666665,60.205463,67.74646,93.73000000000002,0
Camo 录像 2026-01-27 04-22-56,81,2.7,60.37911,67.936035,94.80000000000001,0
Camo 录像 2026-01-27 04-22-56,82,2.7333333333333334,60.545097,68.11606,96.09000000000003,0
Camo 录像 2026-01-27 04-22-56,83,2.7666666666666666,60.6982,68.2843,97.25,0
Camo 录像 2026-01-27 04-22-56,84,2.8,60.853806,68.44885,98.26999999999998,0
Camo 录像 2026-01-27 04-22-56,85,2.8333333333333335,61.01199,68.6281,99.46000000000004,0
Camo 录像 2026-01-27 04-22-56,86,2.8666666666666667,61.16393,68.78757,100.57,0
Camo 录像 2026-01-27 04-22-56,87,2.9,61.313602,68.94806,101.25999999999999,0
Camo 录像 2026-01-27 04-22-56,88,2.933333333333333,61.445717,69.072174,102.32,0
Camo 录像 2026-01-27 04-22-56,89,2.966666666666667,61.60083,69.265625,102.31,0
Camo 录像 2026-01-27 04-22-56,90,3.0,61.70202,69.39313,103.19999999999999,0
Camo 录像 2026-01-27 04-22-56,91,3.033333333333333,61.83104,69.60579,102.96000000000004,0
Camo 录像 2026-01-27 04-22-56,92,3.066666666666667,61.912964,69.748566,102.59000000000003,0
Camo 录像 2026-01-27 04-22-56,93,3.1,61.988106,69.918396,102.75,0
Camo 录像 2026-01-27 04-22-56,94,3.1333333333333333,62.04302,70.078735,102.49000000000001,0
Camo 录像 2026-01-27 04-22-56,95,3.1666666666666665,62.0885,70.232574,102.24000000000001,0
Camo 录像 2026-01-27 04-22-56,96,3.2,62.124863,70.364975,102.02999999999997,0
Camo 录像 2026-01-27 04-22-56,97,3.2333333333333334,62.146477,70.499084,101.23000000000002,0
Camo 录像 2026-01-27 04-22-56,98,3.2666666666666666,62.142883,70.629,100.92000000000002,0
Camo 录像 2026-01-27 04-22-56,99,3.3,62.148224,70.82089,100.00999999999999,0
Camo 录像 2026-01-27 04-22-56,100,3.3333333333333335,62.14863,70.82173,100.01999999999998,0
Camo 录像 2026-01-27 04-22-56,101,3.3666666666666667,62.113014,71.15245,97.89999999999998,0
Camo 录像 2026-01-27 04-22-56,102,3.4,62.08555,71.3208,97.07,0
Camo 录像 2026-01-27 04-22-56,103,3.433333333333333,62.065094,71.50357,95.92000000000002,0
Camo 录像 2026-01-27 04-22-56,104,3.466666666666667,62.02963,71.66637,94.93,0
Camo 录像 2026-01-27 04-22-56,105,3.5,61.950512,71.83914,93.91000000000003,0
Camo 录像 2026-01-27 04-22-56,106,3.533333333333333,61.85817,72.045395,92.48000000000002,0
Camo 录像 2026-01-27 04-22-56,107,3.566666666666667,61.743553,72.25409,91.22000000000003,0
Camo 录像 2026-01-27 04-22-56,108,3.6,61.613537,72.46933,89.19,0
Camo 录像 2026-01-27 04-22-56,109,3.6333333333333333,61.468792,72.668335,88.11000000000001,0
Camo 录像 2026-01-27 04-22-56,110,3.6666666666666665,61.313072,72.86,86.5,0
Camo 录像 2026-01-27 04-22-56,111,3.7,61.152,73.0219,85.07,0
Camo 录像 2026-01-27 04-22-56,112,3.7333333333333334,61.01124,73.21031,83.71000000000004,0
Camo 录像 2026-01-27 04-22-56,113,3.7666666666666666,60.88283,73.429306,82.62,0
Camo 录像 2026-01-27 04-22-56,114,3.8,60.74817,73.65805,81.67000000000002,0
Camo 录像 2026-01-27 04-22-56,115,3.8333333333333335,60.598804,73.85278,80.85000000000002,0
Camo 录像 2026-01-27 04-22-56,116,3.8666666666666667,60.463993,74.04396,79.55000000000001,0
Camo 录像 2026-01-27 04-22-56,117,3.9,60.327583,74.22781,78.75,0
Camo 录像 2026-01-27 04-22-56,118,3.933333333333333,60.188137,74.40347,78.05000000000001,0
Camo 录像 2026-01-27 04-22-56,119,3.966666666666667,60.06858,74.607315,77.69999999999999,0
Camo 录像 2026-01-27 04-24-14,0,0.0,61.0,61.0,90.0,0
Camo 录像 2026-01-27 04-24-14,1,0.03333333333333333,60.983013,61.028866,90.13,0
Camo 录像 2026-01-27 04-24-14,2,0.06666666666666667,60.96169,61.08816,90.09000000000003,0
Camo 录像 2026-01-27 04-24-14,3,0.1,60.94447,61.092,89.88,0
Camo 录像 2026-01-27 04-24-14,4,0.13333333333333333,60.92426,61.139263,89.73000000000002,0
Camo 录像 2026-01-27 04-24-14,5,0.16666666666666666,60.910133,61.157135,89.72000000000003,0
Camo 录像 2026-01-27 04-24-14,6,0.2,60.87393,61.22328,89.42000000000002,0
Camo 录像 2026-01-27 04-24-14,7,0.23333333333333334,60.829662,61.22437,89.27999999999997,0
Camo 录像 2026-01-27 04-24-14,8,0.26666666666666666,60.78887,61.285217,89.44,0
Camo 录像 2026-01-27 04-24-14,9,0.3,60.716045,61.306503,88.94999999999999,0
Camo 录像 2026-01-27 04-24-14,10,0.3333333333333333,60.653442,61.32285,88.88,0
Camo 录像 2026-01-27 04-24-14,11,0.36666666666666664,60.57695,61.352848,89.07999999999998,0
Camo 录像 2026-01-27 04-24-14,12,0.4,60.494667,61.358593,88.65999999999997,0
Camo 录像 2026-01-27 04-24-14,13,0.43333333333333335,60.432392,61.35836,88.82,0
Camo 录像 2026-01-27 04-24-14,14,0.4666666666666667,60.362957,61.40872,88.51999999999998,0
Camo 录像 2026-01-27 04-24-14,15,0.5,60.309532,61.40889,89.44,0
Camo 录像 2026-01-27 04-24-14,16,0.5333333333333333,60.27132,61.426308,89.49000000000001,0
Camo 录像 2026-01-27 04-24-14,17,0.5666666666666667,60.2645,61.415737,90.25,0
Camo 录像 2026-01-27 04-24-14,18,0.6,60.263557,61.431995,90.74000000000001,0
Camo 录像 2026-01-27 04-24-14,19,0.6333333333333333,60.300587,61.45009,91.92000000000002,0
Camo 录像 2026-01-27 04-24-14,20,0.6666666666666666,60.347748,61.490013,92.85000000000002,0
Camo 录像 2026-01-27 04-24-14,21,0.7,60.393444,61.53343,93.57999999999998,0
Camo 录像 2026-01-27 04-24-14,22,0.7333333333333333,60.46659,61.59504,94.22000000000003,0
Camo 录像 2026-01-27 04-24-14,23,0.7666666666666667,60.595043,61.667213,95.37,0
Camo 录像 2026-01-27 04-24-14,24,0.8,60.77178,61.782005,96.48000000000002,0
Camo 录像 2026-01-27 04-24-14,25,0.8333333333333334,60.984455,61.880283,97.94999999999999,0
Camo 录像 2026-01-27 04-24-14,26,0.8666666666666667,61.199966,62.000732,98.82999999999998,0
Camo 录像 2026-01-27 04-24-14,27,0.9,61.422596,62.11961,100.17000000000002,0
Camo 录像 2026-01-27 04-24-14,28,0.9333333333333333,61.650677,62.22588,101.42000000000002,0
Camo 录像 2026-01-27 04-24-14,29,0.9666666666666667,61.863476,62.35301,102.49000000000001,0
Camo 录像 2026-01-27 04-24-14,30,1.0,62.085297,62.45829,103.47000000000003,0
Camo 录像 2026-01-27 04-24-14,31,1.0333333333333334,62.260597,62.57659,103.85000000000002,0
Camo 录像 2026-01-27 04-24-14,32,1.0666666666666667,62.394573,62.70095,103.82,0
Camo 录像 2026-01-27 04-24-14,33,1.1,62.53203,62.81433,103.82,0
Camo 录像 2026-01-27 04-24-14,34,1.1333333333333333,62.655354,62.916958,103.85000000000002,0
Camo 录像 2026-01-27 04-24-14,35,1.1666666666666667,62.75703,63.024204,103.69999999999999,0
Camo 录像 2026-01-27 04-24-14,36,1.2,62.852425,63.1318,103.32999999999998,0
Camo 录像 2026-01-27 04-24-14,37,1.2333333333333334,62.952484,63.220802,103.38,0
Camo 录像 2026-01-27 04-24-14,38,1.2666666666666666,63.001747,63.329777,102.68,0
Camo 录像 2026-01-27 04-24-14,39,1.3,63.012817,63.437946,101.79000000000002,0
Camo 录像 2026-01-27 04-24-14,40,1.3333333333333333,62.99758,63.552948,100.94,0
Camo 录像 2026-01-27 04-24-14,41,1.3666666666666667,62.952217,63.67681,99.77999999999997,0
Camo 录像 2026-01-27 04-24-14,42,1.4,62.887062,63.8188,99.01999999999998,0
Camo 录像 2026-01-27 04-24-14,43,1.4333333333333333,62.7994,63.925232,97.10000000000002,0
Camo 录像 2026-01-27 04-24-14,44,1.4666666666666666,62.677578,64.07179,95.49000000000001,0
Camo 录像 2026-01-27 04-24-14,45,1.5,62.56021,64.19975,94.20999999999998,0
Camo 录像 2026-01-27 04-24-14,46,1.5333333333333334,62.41885,64.32767,92.64999999999998,0
Camo 录像 2026-01-27 04-24-14,47,1.5666666666666667,62.252155,64.485504,91.27999999999997,0
Camo 录像 2026-01-27 04-24-14,48,1.6,62.076828,64.640274,89.69999999999999,0
Camo 录像 2026-01-27 04-24-14,49,1.6333333333333333,61.888256,64.78964,88.23000000000002,0
Camo 录像 2026-01-27 04-24-14,50,1.6666666666666667,61.692356,64.94162,86.67000000000002,0
Camo 录像 2026-01-27 04-24-14,51,1.7,61.507072,65.09175,85.52999999999997,0
Camo 录像 2026-01-27 04-24-14,52,1.7333333333333334,61.325726,65.23811,84.27999999999997,0
Camo 录像 2026-01-27 04-24-14,53,1.7666666666666666,61.146656,65.38265,83.20999999999998,0
Camo 录像 2026-01-27 04-24-14,54,1.8,60.994293,65.521286,82.05000000000001,0
Camo 录像 2026-01-27 04-24-14,55,1.8333333333333333,60.844273,65.649536,80.98000000000002,0
Camo 录像 2026-01-27 04-24-14,56,1.8666666666666667,60.709255,65.78165,80.23000000000002,0
Camo 录像 2026-01-27 04-24-14,57,1.9,60.588757,65.89908,79.27999999999997,0
Camo 录像 2026-01-27 04-24-14,58,1.9333333333333333,60.463898,66.021835,78.25999999999999,0
Camo 录像 2026-01-27 04-24-14,59,1.9666666666666666,60.368607,66.14128,78.12,0
Camo 录像 2026-01-27 04-24-14,60,2.0,60.267414,66.251816,77.85000000000002,0
Camo 录像 2026-01-27 04-24-14,61,2.033333333333333,60.183094,66.37746,77.84000000000003,0
Camo 录像 2026-01-27 04-24-14,62,2.066666666666667,60.09828,66.486206,78.27999999999997,0
Camo 录像 2026-01-27 04-24-14,63,2.1,60.023533,66.59856,78.11000000000001,0
Camo 录像 2026-01-27 04-24-14,64,2.1333333333333333,59.954273,66.70613,78.30000000000001,0
Camo 录像 2026-01-27 04-24-14,65,2.1666666666666665,59.898045,66.806,78.32999999999998,0
Camo 录像 2026-01-27 04-24-14,66,2.2,59.835346,66.90344,78.90999999999997,0
Camo 录像 2026-01-27 04-24-14,67,2.2333333333333334,59.788914,67.015366,79.32999999999998,0
Camo 录像 2026-01-27 04-24-14,68,2.2666666666666666,59.74769,67.118805,79.74000000000001,0
Camo 录像 2026-01-27 04-24-14,69,2.3,59.72119,67.236206,80.69999999999999,0
Camo 录像 2026-01-27 04-24-14,70,2.3333333333333335,59.71579,67.35486,81.79000000000002,0
Camo 录像 2026-01-27 04-24-14,71,2.3666666666666667,59.711136,67.48393,82.88999999999999,0
Camo 录像 2026-01-27 04-24-14,72,2.4,59.706757,67.60394,83.76999999999998,0
Camo 录像 2026-01-27 04-24-14,73,2.433333333333333,59.699776,67.741745,84.80000000000001,0
Camo 录像 2026-01-27 04-24-14,74,2.466666666666667,59.72679,67.90527,85.63,0
Camo 录像 2026-01-27 04-24-14,75,2.5,59.79464,68.061386,87.05000000000001,0
Camo 录像 2026-01-27 04-24-14,76,2.533333333333333,59.886246,68.22157,88.76999999999998,0
Camo 录像 2026-01-27 04-24-14,77,2.566666666666667,59.992306,68.390884,90.14999999999998,0
Camo 录像 2026-01-27 04-24-14,78,2.6,60.110485,68.57939,91.67000000000002,0
Camo 录像 2026-01-27 04-24-14,79,2.6333333333333333,60.24362,68.76518,93.07999999999998,0
Camo 录像 2026-01-27 04-24-14,80,2.6666666666666665,60.375683,68.94313,94.57,0
Camo 录像 2026-01-27 04-24-14,81,2.7,60.525703,69.130646,95.82999999999998,0
Camo 录像 2026-01-27 04-24-14,82,2.7333333333333334,60.67119,69.33339,97.13999999999999,0
Camo 录像 2026-01-27 04-24-14,83,2.7666666666666666,60.817,69.51994,98.29000000000002,0
Camo 录像 2026-01-27 04-24-14,84,2.8,60.97027,69.716064,99.38,0
Camo 录像 2026-01-27 04-24-14,85,2.8333333333333335,61.12443,69.91696,100.34000000000003,0
Camo 录像 2026-01-27 04-24-14,86,2.8666666666666667,61.285736,70.099884,101.30000000000001,0
Camo 录像 2026-01-27 04-24-14,87,2.9,61.449505,70.28418,102.30000000000001,0
Camo 录像 2026-01-27 04-24-14,88,2.933333333333333,61.602753,70.45703,102.77999999999997,0
Camo 录像 2026-01-27 04-24-14,89,2.966666666666667,61.770184,70.621185,103.72000000000003,0
Camo 录像 2026-01-27 04-24-14,90,3.0,61.916767,70.79118,103.69999999999999,0
Camo 录像 2026-01-27 04-24-14,91,3.033333333333333,62.04257,70.986755,103.93,0
Camo 录像 2026-01-27 04-24-14,92,3.066666666666667,62.165417,71.16426,103.99000000000001,0
Camo 录像 2026-01-27 04-24-14,93,3.1,62.268406,71.324646,103.5,0
Camo 录像 2026-01-27 04-24-14,94,3.1333333333333333,62.349228,71.48842,103.29000000000002,0
Camo 录像 2026-01-27 04-24-14,95,3.1666666666666665,62.427105,71.67546,103.12,0
Camo 录像 2026-01-27 04-24-14,96,3.2,62.49297,71.827835,102.94,0
Camo 录像 2026-01-27 04-24-14,97,3.2333333333333334,62.553883,71.98181,102.07,0
Camo 录像 2026-01-27 04-24-14,98,3.2666666666666666,62.584557,72.17238,101.69,0
Camo 录像 2026-01-27 04-24-14,99,3.3,62.601433,72.34796,100.81,0
Camo 录像 2026-01-27 04-24-14,100,3.3333333333333335,62.605053,72.50485,99.32,0
Camo 录像 2026-01-27 04-24-14,101,3.3666666666666667,62.59604,72.64171,98.79000000000002,0
Camo 录像 2026-01-27 04-24-14,102,3.4,62.59698,72.84105,97.69,0
Camo 录像 2026-01-27 04-24-14,103,3.433333333333333,62.5791,72.99307,96.70999999999998,0
Camo 录像 2026-01-27 04-24-14,104,3.466666666666667,62.54821,73.16405,96.26999999999998,0
Camo 录像 2026-01-27 04-24-14,105,3.5,62.47727,73.3315,94.82999999999998,0
Camo 录像 2026-01-27 04-24-14,106,3.533333333333333,62.39092,73.52086,92.77999999999997,0
Camo 录像 2026-01-27 04-24-14,107,3.566666666666667,62.26558,73.74559,91.44999999999999,0
Camo 录像 2026-01-27 04-24-14,108,3.6,62.119606,73.94495,90.10000000000002,0
Camo 录像 2026-01-27 04-24-14,109,3.6333333333333333,61.960945,74.160675,88.70999999999998,0
Camo 录像 2026-01-27 04-24-14,110,3.6666666666666665,61.789963,74.38463,87.13,0
Camo 录像 2026-01-27 04-24-14,111,3.7,61.631027,74.59479,85.97000000000003,0
Camo 录像 2026-01-27 04-24-14,112,3.7333333333333334,61.477478,74.814606,84.81,0
Camo 录像 2026-01-27 04-24-14,113,3.7666666666666666,61.326935,75.032074,83.54000000000002,0
Camo 录像 2026-01-27 04-24-14,114,3.8,61.16551,75.20096,82.86000000000001,0
Camo 录像 2026-01-27 04-24-14,115,3.8333333333333335,61.019047,75.38002,81.75,0
Camo 录像 2026-01-27 04-24-14,116,3.8666666666666667,60.87677,75.5784,80.54000000000002,0
Camo 录像 2026-01-27 04-24-14,117,3.9,60.738094,75.7628,79.37,0
Camo 录像 2026-01-27 04-24-14,118,3.933333333333333,60.591583,75.90546,78.89999999999998,0
Camo 录像 2026-01-27 04-24-14,119,3.966666666666667,60.45269,76.10544,78.32,0
Camo 录像 2026-01-27 04-24-53,0,0.0,61.0,61.0,90.0,0
Camo 录像 2026-01-27 04-24-53,1,0.03333333333333333,61.009075,60.983307,89.94999999999999,0
Camo 录像 2026-01-27 04-24-53,2,0.06666666666666667,61.043144,60.95493,90.0,0
Camo 录像 2026-01-27 04-24-53,3,0.1,61.062706,60.925575,90.27999999999997,0
Camo 录像 2026-01-27 04-24-53,4,0.13333333333333333,61.07812,60.915127,90.30000000000001,0
Camo 录像 2026-01-27 04-24-53,5,0.16666666666666666,61.104305,60.88131,90.01999999999998,0
Camo 录像 2026-01-27 04-24-53,6,0.2,61.099575,60.86561,90.12,0
Camo 录像 2026-01-27 04-24-53,7,0.23333333333333334,61.100323,60.83246,89.79000000000002,0
Camo 录像 2026-01-27 04-24-53,8,0.26666666666666666,61.076115,60.819542,89.86000000000001,0
Camo 录像 2026-01-27 04-24-53,9,0.3,61.019817,60.80259,89.73000000000002,0
Camo 录像 2026-01-27 04-24-53,10,0.3333333333333333,60.94558,60.803986,88.81,0
Camo 录像 2026-01-27 04-24-53,11,0.36666666666666664,60.881393,60.75173,89.46000000000004,0
Camo 录像 2026-01-27 04-24-53,12,0.4,60.854366,60.657127,89.09000000000003,0
Camo 录像 2026-01-27 04-24-53,13,0.43333333333333335,60.78515,60.632835,88.93,0
Camo 录像 2026-01-27 04-24-53,14,0.4666666666666667,60.746155,60.570957,89.71000000000004,0
Camo 录像 2026-01-27 04-24-53,15,0.5,60.704536,60.516262,89.98000000000002,0
Camo 录像 2026-01-27 04-24-53,16,0.5333333333333333,60.680637,60.459896,89.87,0
Camo 录像 2026-01-27 04-24-53,17,0.5666666666666667,60.668953,60.423634,90.65999999999997,0
Camo 录像 2026-01-27 04-24-53,18,0.6,60.666874,60.38263,90.67000000000002,0
Camo 录像 2026-01-27 04-24-53,19,0.6333333333333333,60.69321,60.341095,91.88999999999999,0
Camo 录像 2026-01-27 04-24-53,20,0.6666666666666666,60.725204,60.315475,92.69999999999999,0
Camo 录像 2026-01-27 04-24-53,21,0.7,60.78317,60.270866,94.10000000000002,0
Camo 录像 2026-01-27 04-24-53,22,0.7333333333333333,60.848236,60.24126,94.73000000000002,0
Camo 录像 2026-01-27 04-24-53,23,0.7666666666666667,60.932137,60.24192,95.43,0
Camo 录像 2026-01-27 04-24-53,24,0.8,61.09338,60.25315,97.09000000000003,0
Camo 录像 2026-01-27 04-24-53,25,0.8333333333333334,61.304325,60.252953,97.97000000000003,0
Camo 录像 2026-01-27 04-24-53,26,0.8666666666666667,61.5243,60.287754,99.25999999999999,0
Camo 录像 2026-01-27 04-24-53,27,0.9,61.762253,60.327682,100.38999999999999,0
Camo 录像 2026-01-27 04-24-53,28,0.9333333333333333,62.012814,60.36208,101.57,0
Camo 录像 2026-01-27 04-24-53,29,0.9666666666666667,62.227478,60.450787,102.26999999999998,0
Camo 录像 2026-01-27 04-24-53,30,1.0,62.492397,60.465355,104.00999999999999,0
Camo 录像 2026-01-27 04-24-53,31,1.0333333333333334,62.666286,60.569916,104.09000000000003,0
Camo 录像 2026-01-27 04-24-53,32,1.0666666666666667,62.873737,60.60264,104.72000000000003,0
Camo 录像 2026-01-27 04-24-53,33,1.1,63.01096,60.666767,104.86000000000001,0
Camo 录像 2026-01-27 04-24-53,34,1.1333333333333333,63.127514,60.726254,104.67000000000002,0
Camo 录像 2026-01-27 04-24-53,35,1.1666666666666667,63.253796,60.778942,104.69,0
Camo 录像 2026-01-27 04-24-53,36,1.2,63.35259,60.831863,104.51999999999998,0
Camo 录像 2026-01-27 04-24-53,37,1.2333333333333334,63.465275,60.871643,104.13999999999999,0
Camo 录像 2026-01-27 04-24-53,38,1.2666666666666666,63.519985,60.941,103.69999999999999,0
Camo 录像 2026-01-27 04-24-53,39,1.3,63.59454,60.955467,103.19,0
Camo 录像 2026-01-27 04-24-53,40,1.3333333333333333,63.533596,61.08759,102.55000000000001,0
Camo 录像 2026-01-27 04-24-53,41,1.3666666666666667,63.533,61.144123,101.63999999999999,0
Camo 录像 2026-01-27 04-24-53,42,1.4,63.453884,61.239914,100.00999999999999,0
Camo 录像 2026-01-27 04-24-53,43,1.4333333333333333,63.32329,61.362774,98.63,0
Camo 录像 2026-01-27 04-24-53,44,1.4666666666666666,63.205715,61.465378,96.88,0
Camo 录像 2026-01-27 04-24-53,45,1.5,63.041454,61.602825,95.59000000000003,0
Camo 录像 2026-01-27 04-24-53,46,1.5333333333333334,62.881077,61.72981,94.25,0
Camo 录像 2026-01-27 04-24-53,47,1.5666666666666667,62.69299,61.872475,92.51999999999998,0
Camo 录像 2026-01-27 04-24-53,48,1.6,62.50881,62.001995,91.13999999999999,0
Camo 录像 2026-01-27 04-24-53,49,1.6333333333333333,62.34047,62.132812,89.62,0
Camo 录像 2026-01-27 04-24-53,50,1.6666666666666667,62.139923,62.275246,87.89999999999998,0
Camo 录像 2026-01-27 04-24-53,51,1.7,61.99496,62.406105,87.19,0
Camo 录像 2026-01-27 04-24-53,52,1.7333333333333334,61.867943,62.502743,85.56,0
Camo 录像 2026-01-27 04-24-53,53,1.7666666666666666,61.73504,62.616116,84.57,0
Camo 录像 2026-01-27 04-24-53,54,1.8,61.58545,62.730446,83.43,0
Camo 录像 2026-01-27 04-24-53,55,1.8333333333333333,61.46306,62.84238,82.68,0
Camo 录像 2026-01-27 04-24-53,56,1.8666666666666667,61.313522,62.963715,81.32999999999998,0
Camo 录像 2026-01-27 04-24-53,57,1.9,61.19179,63.069477,80.25,0
Camo 录像 2026-01-27 04-24-53,58,1.9333333333333333,61.070026,63.179775,79.36000000000001,0
Camo 录像 2026-01-27 04-24-53,59,1.9666666666666666,60.967083,63.278522,79.04000000000002,0
Camo 录像 2026-01-27 04-24-53,60,2.0,60.860344,63.39011,78.74000000000001,0
Camo 录像 2026-01-27 04-24-53,61,2.033333333333333,60.756954,63.50822,78.13999999999999,0
Camo 录像 2026-01-27 04-24-53,62,2.066666666666667,60.687866,63.609898,78.23000000000002,0
Camo 录像 2026-01-27 04-24-53,63,2.1,60.659092,63.689434,78.44999999999999,0
Camo 录像 2026-01-27 04-24-53,64,2.1333333333333333,60.611214,63.776295,78.59000000000003,0
Camo 录像 2026-01-27 04-24-53,65,2.1666666666666665,60.56106,63.864777,78.69999999999999,0
Camo 录像 2026-01-27 04-24-53,66,2.2,60.528465,63.931297,79.09000000000003,0
Camo 录像 2026-01-27 04-24-53,67,2.2333333333333334,60.488045,64.01216,79.63,0
Camo 录像 2026-01-27 04-24-53,68,2.2666666666666666,60.439323,64.1019,80.01999999999998,0
Camo 录像 2026-01-27 04-24-53,69,2.3,60.411045,64.19823,80.54000000000002,0
Camo 录像 2026-01-27 04-24-53,70,2.3333333333333335,60.41616,64.29028,81.59000000000003,0
Camo 录像 2026-01-27 04-24-53,71,2.3666666666666667,60.411125,64.39098,82.47000000000003,0
Camo 录像 2026-01-27 04-24-53,72,2.4,60.441055,64.46857,83.74000000000001,0
Camo 录像 2026-01-27 04-24-53,73,2.433333333333333,60.45211,64.56552,84.81,0
Camo 录像 2026-01-27 04-24-53,74,2.466666666666667,60.474365,64.68042,85.57999999999998,0
Camo 录像 2026-01-27 04-24-53,75,2.5,60.542976,64.792915,87.01999999999998,0
Camo 录像 2026-01-27 04-24-53,76,2.533333333333333,60.61032,64.909935,88.36000000000001,0
Camo 录像 2026-01-27 04-24-53,77,2.566666666666667,60.709087,65.03955,89.98000000000002,0
Camo 录像 2026-01-27 04-24-53,78,2.6,60.81981,65.1832,91.59000000000003,0
Camo 录像 2026-01-27 04-24-53,79,2.6333333333333333,60.961823,65.3145,92.94,0
Camo 录像 2026-01-27 04-24-53,80,2.6666666666666665,61.097286,65.45552,94.44999999999999,0
Camo 录像 2026-01-27 04-24-53,81,2.7,61.243122,65.585846,96.06,0
Camo 录像 2026-01-27 04-24-53,82,2.7333333333333334,61.423985,65.71561,97.07999999999998,0
Camo 录像 2026-01-27 04-24-53,83,2.7666666666666666,61.582825,65.843285,98.21000000000004,0
Camo 录像 2026-01-27 04-24-53,84,2.8,61.745586,65.97039,99.04000000000002,0
Camo 录像 2026-01-27 04-24-53,85,2.8333333333333335,61.931034,66.094025,100.36000000000001,0
Camo 录像 2026-01-27 04-24-53,86,2.8666666666666667,62.092964,66.2238,101.07999999999998,0
Camo 录像 2026-01-27 04-24-53,87,2.9,62.263634,66.356155,102.44999999999999,0
Camo 录像 2026-01-27 04-24-53,88,2.933333333333333,62.46948,66.48146,103.44999999999999,0
Camo 录像 2026-01-27 04-24-53,89,2.966666666666667,62.609257,66.61339,103.56,0
Camo 录像 2026-01-27 04-24-53,90,3.0,62.775784,66.751785,104.17000000000002,0
Camo 录像 2026-01-27 04-24-53,91,3.033333333333333,62.921017,66.88481,104.36000000000001,0
Camo 录像 2026-01-27 04-24-53,92,3.066666666666667,63.025166,67.002975,104.19,0
Camo 录像 2026-01-27 04-24-53,93,3.1,63.12019,67.13002,104.01999999999998,0
Camo 录像 2026-01-27 04-24-53,94,3.1333333333333333,63.23138,67.257645,103.93,0
Camo 录像 2026-01-27 04-24-53,95,3.1666666666666665,63.30939,67.38658,104.19,0
Camo 录像 2026-01-27 04-24-53,96,3.2,63.390614,67.51462,103.80000000000001,0
Camo 录像 2026-01-27 04-24-53,97,3.2333333333333334,63.466625,67.620544,103.29000000000002,0
Camo 录像 2026-01-27 04-24-53,98,3.2666666666666666,63.468754,67.74509,103.09000000000003,0
Camo 录像 2026-01-27 04-24-53,99,3.3,63.532177,67.88449,102.13999999999999,0
Camo 录像 2026-01-27 04-24-53,100,3.3333333333333335,63.534466,68.03108,101.17000000000002,0
Camo 录像 2026-01-27 04-24-53,101,3.3666666666666667,63.52178,68.18413,99.93,0
Camo 录像 2026-01-27 04-24-53,102,3.4,63.533054,68.341446,98.69999999999999,0
Camo 录像 2026-01-27 04-24-53,103,3.433333333333333,63.492367,68.4913,97.85000000000002,0
Camo 录像 2026-01-27 04-24-53,104,3.466666666666667,63.44756,68.65433,96.51999999999998,0
Camo 录像 2026-01-27 04-24-53,105,3.5,63.378513,68.822556,95.67000000000002,0
Camo 录像 2026-01-27 04-24-53,106,3.533333333333333,63.287777,68.99933,94.32,0
Camo 录像 2026-01-27 04-24-53,107,3.566666666666667,63.16421,69.18483,92.99000000000001,0
Camo 录像 2026-01-27 04-24-53,108,3.6,63.026005,69.372025,91.31,0
Camo 录像 2026-01-27 04-24-53,109,3.6333333333333333,62.87163,69.558136,89.87,0
Camo 录像 2026-01-27 04-24-53,110,3.6666666666666665,62.731373,69.74429,88.13,0
Camo 录像 2026-01-27 04-24-53,111,3.7,62.5833,69.92676,86.82999999999998,0
Camo 录像 2026-01-27 04-24-53,112,3.7333333333333334,62.436245,70.11171,85.54000000000002,0
Camo 录像 2026-01-27 04-24-53,113,3.7666666666666666,62.298546,70.29883,84.48000000000002,0
Camo 录像 2026-01-27 04-24-53,114,3.8,62.152603,70.48535,83.46000000000004,0
Camo 录像 2026-01-27 04-24-53,115,3.8333333333333335,61.98109,70.675095,82.35000000000002,0
Camo 录像 2026-01-27 04-24-53,116,3.8666666666666667,61.82091,70.84952,81.43,0
Camo 录像 2026-01-27 04-24-53,117,3.9,61.665943,71.029755,80.34000000000003,0
Camo 录像 2026-01-27 04-24-53,118,3.933333333333333,61.49111,71.19176,79.69999999999999,0
Camo 录像 2026-01-27 04-24-53,119,3.966666666666667,61.338257,71.37872,79.13,0
Camo 录像 2026-01-27 04-26-11,0,0.0,61.0,61.0,90.0,0
Camo 录像 2026-01-27 04-26-11,1,0.03333333333333333,61.014248,60.965546,89.81,0
Camo 录像 2026-01-27 04-26-11,2,0.06666666666666667,61.02672,60.9493,89.79000000000002,0
Camo 录像 2026-01-27 04-26-11,3,0.1,61.02594,60.9288,89.85000000000002,0
Camo 录像 2026-01-27 04-26-11,4,0.13333333333333333,61.025383,60.92014,89.71000000000004,0
Camo 录像 2026-01-27 04-26-11,5,0.16666666666666666,61.00808,60.892776,89.64999999999998,0
Camo 录像 2026-01-27 04-26-11,6,0.2,60.986256,60.906864,90.19,0
Camo 录像 2026-01-27 04-26-11,7,0.23333333333333334,60.95199,60.862125,89.41000000000003,0
Camo 录像 2026-01-27 04-26-11,8,0.26666666666666666,60.904297,60.851437,89.09000000000003,0
Camo 录像 2026-01-27 04-26-11,9,0.3,60.843906,60.832073,88.98000000000002,0
Camo 录像 2026-01-27 04-26-11,10,0.3333333333333333,60.84484,60.830948,89.0,0
Camo 录像 2026-01-27 04-26-11,11,0.36666666666666664,60.693295,60.789738,88.88999999999999,0
Camo 录像 2026-01-27 04-26-11,12,0.4,60.61327,60.766254,88.88999999999999,0
Camo 录像 2026-01-27 04-26-11,13,0.43333333333333335,60.547913,60.73613,89.44999999999999,0
Camo 录像 2026-01-27 04-26-11,14,0.4666666666666667,60.48955,60.692173,89.44999999999999,0
Camo 录像 2026-01-27 04-26-11,15,0.5,60.44843,60.65622,89.51999999999998,0
Camo 录像 2026-01-27 04-26-11,16,0.5333333333333333,60.419525,60.653347,89.81,0
Camo 录像 2026-01-27 04-26-11,17,0.5666666666666667,60.426365,60.618404,90.91000000000003,0
Camo 录像 2026-01-27 04-26-11,18,0.6,60.47234,60.538353,92.08000000000004,0
Camo 录像 2026-01-27 04-26-11,19,0.6333333333333333,60.51734,60.506996,92.71000000000004,0
Camo 录像 2026-01-27 04-26-11,20,0.6666666666666666,60.554253,60.49893,93.38999999999999,0
Camo 录像 2026-01-27 04-26-11,21,0.7,60.631416,60.490562,94.54000000000002,0
Camo 录像 2026-01-27 04-26-11,22,0.7333333333333333,60.74926,60.508564,95.38999999999999,0
Camo 录像 2026-01-27 04-26-11,23,0.7666666666666667,60.919273,60.558098,96.48000000000002,0
Camo 录像 2026-01-27 04-26-11,24,0.8,61.12637,60.60503,98.13999999999999,0
Camo 录像 2026-01-27 04-26-11,25,0.8333333333333334,61.332417,60.683773,99.12,0
Camo 录像 2026-01-27 04-26-11,26,0.8666666666666667,61.554573,60.75599,100.26999999999998,0
Camo 录像 2026-01-27 04-26-11,27,0.9,61.80495,60.813156,101.54000000000002,0
Camo 录像 2026-01-27 04-26-11,28,0.9333333333333333,62.031002,60.88943,102.82,0
Camo 录像 2026-01-27 04-26-11,29,0.9666666666666667,62.22865,60.994045,103.38,0
Camo 录像 2026-01-27 04-26-11,30,1.0,62.446312,61.035122,104.13999999999999,0
Camo 录像 2026-01-27 04-26-11,31,1.0333333333333334,62.604958,61.12368,104.57,0
Camo 录像 2026-01-27 04-26-11,32,1.0666666666666667,62.70964,61.228886,104.68,0
Camo 录像 2026-01-27 04-26-11,33,1.1,62.841446,61.284733,104.13,0
Camo 录像 2026-01-27 04-26-11,34,1.1333333333333333,62.961727,61.368473,104.04000000000002,0
Camo 录像 2026-01-27 04-26-11,35,1.1666666666666667,63.062534,61.44017,103.96000000000004,0
Camo 录像 2026-01-27 04-26-11,36,1.2,63.13304,61.53081,103.69999999999999,0
Camo 录像 2026-01-27 04-26-11,37,1.2333333333333334,63.173225,61.61466,102.94,0
Camo 录像 2026-01-27 04-26-11,38,1.2666666666666666,63.19095,61.700638,102.35000000000002,0
Camo 录像 2026-01-27 04-26-11,39,1.3,63.172504,61.804787,101.83000000000004,0
Camo 录像 2026-01-27 04-26-11,40,1.3333333333333333,63.172295,61.80509,101.83000000000004,0
Camo 录像 2026-01-27 04-26-11,41,1.3666666666666667,63.032833,62.001926,99.12,0
Camo 录像 2026-01-27 04-26-11,42,1.4,62.932335,62.10461,97.83000000000004,0
Camo 录像 2026-01-27 04-26-11,43,1.4333333333333333,62.802647,62.229343,96.44999999999999,0
Camo 录像 2026-01-27 04-26-11,44,1.4666666666666666,62.66283,62.330074,94.79000000000002,0
Camo 录像 2026-01-27 04-26-11,45,1.5,62.504112,62.453583,93.39999999999998,0
Camo 录像 2026-01-27 04-26-11,46,1.5333333333333334,62.331738,62.57159,91.88999999999999,0
Camo 录像 2026-01-27 04-26-11,47,1.5666666666666667,62.14739,62.69329,90.17000000000002,0
Camo 录像 2026-01-27 04-26-11,48,1.6,61.934235,62.81201,88.64999999999998,0
Camo 录像 2026-01-27 04-26-11,49,1.6333333333333333,61.742725,62.913033,87.25,0
Camo 录像 2026-01-27 04-26-11,50,1.6666666666666667,61.544865,63.03799,86.13999999999999,0
Camo 录像 2026-01-27 04-26-11,51,1.7,61.36232,63.13746,84.88999999999999,0
Camo 录像 2026-01-27 04-26-11,52,1.7333333333333334,61.181377,63.25775,83.75,0
Camo 录像 2026-01-27 04-26-11,53,1.7666666666666666,61.00645,63.357815,82.27999999999997,0
Camo 录像 2026-01-27 04-26-11,54,1.8,60.864094,63.452652,81.51999999999998,0
Camo 录像 2026-01-27 04-26-11,55,1.8333333333333333,60.719997,63.560455,80.19,0
Camo 录像 2026-01-27 04-26-11,56,1.8666666666666667,60.58983,63.66397,79.52999999999997,0
Camo 录像 2026-01-27 04-26-11,57,1.9,60.471672,63.743816,78.52999999999997,0
Camo 录像 2026-01-27 04-26-11,58,1.9333333333333333,60.376186,63.83523,78.01999999999998,0
Camo 录像 2026-01-27 04-26-11,59,1.9666666666666666,60.278435,63.926723,77.82,0
Camo 录像 2026-01-27 04-26-11,60,2.0,60.189938,64.01924,77.54000000000002,0
Camo 录像 2026-01-27 04-26-11,61,2.033333333333333,60.11752,64.10986,77.43,0
Camo 录像 2026-01-27 04-26-11,62,2.066666666666667,60.049374,64.19343,77.77999999999997,0
Camo 录像 2026-01-27 04-26-11,63,2.1,59.980804,64.27812,77.88999999999999,0
Camo 录像 2026-01-27 04-26-11,64,2.1333333333333333,59.925392,64.36583,78.52999999999997,0
Camo 录像 2026-01-27 04-26-11,65,2.1666666666666665,59.85637,64.44269,78.43,0
Camo 录像 2026-01-27 04-26-11,66,2.2,59.79536,64.53519,78.86000000000001,0
Camo 录像 2026-01-27 04-26-11,67,2.2333333333333334,59.74827,64.61156,79.44999999999999,0
Camo 录像 2026-01-27 04-26-11,68,2.2666666666666666,59.71845,64.71983,80.5,0
Camo 录像 2026-01-27 04-26-11,69,2.3,59.7118,64.81311,81.19999999999999,0
Camo 录像 2026-01-27 04-26-11,70,2.3333333333333335,59.712006,64.81311,81.19999999999999,0
Camo 录像 2026-01-27 04-26-11,71,2.3666666666666667,59.71888,65.01523,83.35000000000002,0
Camo 录像 2026-01-27 04-26-11,72,2.4,59.71918,65.115585,84.32,0
Camo 录像 2026-01-27 04-26-11,73,2.433333333333333,59.755695,65.234245,85.44,0
Camo 录像 2026-01-27 04-26-11,74,2.466666666666667,59.823387,65.37076,86.89999999999998,0
Camo 录像 2026-01-27 04-26-11,75,2.5,59.909184,65.49499,88.13,0
Camo 录像 2026-01-27 04-26-11,76,2.533333333333333,60.02138,65.642685,89.99000000000001,0
Camo 录像 2026-01-27 04-26-11,77,2.566666666666667,60.148453,65.798676,91.26999999999998,0
Camo 录像 2026-01-27 04-26-11,78,2.6,60.29002,65.944214,92.68,0
Camo 录像 2026-01-27 04-26-11,79,2.6333333333333333,60.423233,66.09225,94.52999999999997,0
Camo 录像 2026-01-27 04-26-11,80,2.6666666666666665,60.60219,66.2522,95.56,0
Camo 录像 2026-01-27 04-26-11,81,2.7,60.749664,66.40811,96.69999999999999,0
Camo 录像 2026-01-27 04-26-11,82,2.7333333333333334,60.916767,66.570625,97.93,0
Camo 录像 2026-01-27 04-26-11,83,2.7666666666666666,61.077637,66.727104,98.92000000000002,0
Camo 录像 2026-01-27 04-26-11,84,2.8,61.23443,66.87829,100.14999999999998,0
Camo 录像 2026-01-27 04-26-11,85,2.8333333333333335,61.394524,67.0292,100.58000000000004,0
Camo 录像 2026-01-27 04-26-11,86,2.8666666666666667,61.565495,67.17168,102.02999999999997,0
Camo 录像 2026-01-27 04-26-11,87,2.9,61.7314,67.31792,103.08000000000004,0
Camo 录像 2026-01-27 04-26-11,88,2.933333333333333,61.90464,67.46114,103.51999999999998,0
Camo 录像 2026-01-27 04-26-11,89,2.966666666666667,62.051365,67.611725,103.94999999999999,0
Camo 录像 2026-01-27 04-26-11,90,3.0,62.185345,67.7596,104.05000000000001,0
Camo 录像 2026-01-27 04-26-11,91,3.033333333333333,62.297554,67.897865,103.97000000000003,0
Camo 录像 2026-01-27 04-26-11,92,3.066666666666667,62.39574,68.03919,103.93,0
Camo 录像 2026-01-27 04-26-11,93,3.1,62.475563,68.185265,103.92000000000002,0
Camo 录像 2026-01-27 04-26-11,94,3.1333333333333333,62.554867,68.31722,103.46000000000004,0
Camo 录像 2026-01-27 04-26-11,95,3.1666666666666665,62.62986,68.46161,103.21000000000004,0
Camo 录像 2026-01-27 04-26-11,96,3.2,62.686962,68.587555,102.92000000000002,0
Camo 录像 2026-01-27 04-26-11,97,3.2333333333333334,62.71381,68.73845,102.24000000000001,0
Camo 录像 2026-01-27 04-26-11,98,3.2666666666666666,62.738636,68.898705,101.32,0
Camo 录像 2026-01-27 04-26-11,99,3.3,62.715504,69.03794,100.49000000000001,0
Camo 录像 2026-01-27 04-26-11,100,3.3333333333333335,62.7154,69.03805,100.49000000000001,0
Camo 录像 2026-01-27 04-26-11,101,3.3666666666666667,62.699085,69.3787,98.07,0
Camo 录像 2026-01-27 04-26-11,102,3.4,62.667015,69.54404,97.38,0
Camo 录像 2026-01-27 04-26-11,103,3.433333333333333,62.596004,69.69463,96.37,0
Camo 录像 2026-01-27 04-26-11,104,3.466666666666667,62.49926,69.87157,94.82,0
Camo 录像 2026-01-27 04-26-11,105,3.5,62.386078,70.07142,93.41000000000003,0
Camo 录像 2026-01-27 04-26-11,106,3.533333333333333,62.2549,70.26593,91.86000000000001,0
Camo 录像 2026-01-27 04-26-11,107,3.566666666666667,62.068363,70.40851,91.13999999999999,0
Camo 录像 2026-01-27 04-26-11,108,3.6,61.927483,70.63416,88.88999999999999,0
Camo 录像 2026-01-27 04-26-11,109,3.6333333333333333,61.769962,70.82387,87.47000000000003,0
Camo 录像 2026-01-27 04-26-11,110,3.6666666666666665,61.607227,71.00805,85.88,0
Camo 录像 2026-01-27 04-26-11,111,3.7,61.45055,71.18034,85.25,0
Camo 录像 2026-01-27 04-26-11,112,3.7333333333333334,61.300224,71.37127,83.83000000000004,0
Camo 录像 2026-01-27 04-26-11,113,3.7666666666666666,61.139313,71.5728,82.85000000000002,0
Camo 录像 2026-01-27 04-26-11,114,3.8,60.977642,71.765366,81.96000000000004,0
Camo 录像 2026-01-27 04-26-11,115,3.8333333333333335,60.817,71.94319,80.88,0
Camo 录像 2026-01-27 04-26-11,116,3.8666666666666667,60.64569,72.09987,79.67000000000002,0
Camo 录像 2026-01-27 04-26-11,117,3.9,60.47211,72.27179,78.89999999999998,0
Camo 录像 2026-01-27 04-26-11,118,3.933333333333333,60.30614,72.44451,78.60000000000002,0
Camo 录像 2026-01-27 04-26-11,119,3.966666666666667,60.17724,72.648575,78.86000000000001,0
Camo 录像 2026-01-27 04-26-51,0,0.0,61.0,61.0,90.0,0
Camo 录像 2026-01-27 04-26-51,1,0.03333333333333333,61.01258,61.02588,89.88999999999999,0
Camo 录像 2026-01-27 04-26-51,2,0.06666666666666667,61.03765,61.047768,89.92000000000002,0
Camo 录像 2026-01-27 04-26-51,3,0.1,61.047836,61.077946,89.63999999999999,0
Camo 录像 2026-01-27 04-26-51,4,0.13333333333333333,61.067772,61.11245,89.85000000000002,0
Camo 录像 2026-01-27 04-26-51,5,0.16666666666666666,61.065502,61.14209,89.57999999999998,0
Camo 录像 2026-01-27 04-26-51,6,0.2,61.06458,61.17051,89.48000000000002,0
Camo 录像 2026-01-27 04-26-51,7,0.23333333333333334,61.022133,61.20334,89.22000000000003,0
Camo 录像 2026-01-27 04-26-51,8,0.26666666666666666,60.96289,61.252678,88.81,0
Camo 录像 2026-01-27 04-26-51,9,0.3,60.92102,61.247505,88.98000000000002,0
Camo 录像 2026-01-27 04-26-51,10,0.3333333333333333,60.840736,61.24451,88.68,0
Camo 录像 2026-01-27 04-26-51,11,0.36666666666666664,60.733974,61.286976,89.01999999999998,0
Camo 录像 2026-01-27 04-26-51,12,0.4,60.68158,61.256977,88.76999999999998,0
Camo 录像 2026-01-27 04-26-51,13,0.43333333333333335,60.60102,61.263145,88.98000000000002,0
Camo 录像 2026-01-27 04-26-51,14,0.4666666666666667,60.532963,61.263985,89.13999999999999,0
Camo 录像 2026-01-27 04-26-51,15,0.5,60.487682,61.289883,89.62,0
Camo 录像 2026-01-27 04-26-51,16,0.5333333333333333,60.454224,61.28985,89.93,0
Camo 录像 2026-01-27 04-26-51,17,0.5666666666666667,60.447857,61.287205,90.39999999999998,0
Camo 录像 2026-01-27 04-26-51,18,0.6,60.45978,61.289906,91.32999999999998,0
Camo 录像 2026-01-27 04-26-51,19,0.6333333333333333,60.503017,61.305286,92.06,0
Camo 录像 2026-01-27 04-26-51,20,0.6666666666666666,60.566612,61.309757,93.19999999999999,0
Camo 录像 2026-01-27 04-26-51,21,0.7,60.634865,61.325397,93.92000000000002,0
Camo 录像 2026-01-27 04-26-51,22,0.7333333333333333,60.728912,61.37622,94.73000000000002,0
Camo 录像 2026-01-27 04-26-51,23,0.7666666666666667,60.877823,61.42947,96.17000000000002,0
Camo 录像 2026-01-27 04-26-51,24,0.8,61.076214,61.47458,97.55000000000001,0
Camo 录像 2026-01-27 04-26-51,25,0.8333333333333334,61.263226,61.571278,98.82,0
Camo 录像 2026-01-27 04-26-51,26,0.8666666666666667,61.480553,61.648106,100.07999999999998,0
Camo 录像 2026-01-27 04-26-51,27,0.9,61.698906,61.725975,100.88999999999999,0
Camo 录像 2026-01-27 04-26-51,28,0.9333333333333333,61.90546,61.842247,102.49000000000001,0
Camo 录像 2026-01-27 04-26-51,29,0.9666666666666667,62.121136,61.921326,102.90999999999997,0
Camo 录像 2026-01-27 04-26-51,30,1.0,62.357666,61.99352,103.80000000000001,0
Camo 录像 2026-01-27 04-26-51,31,1.0333333333333334,62.51208,62.101944,104.13,0
Camo 录像 2026-01-27 04-26-51,32,1.0666666666666667,62.695366,62.176884,104.31,0
Camo 录像 2026-01-27 04-26-51,33,1.1,62.841167,62.266884,104.28999999999996,0
Camo 录像 2026-01-27 04-26-51,34,1.1333333333333333,62.976658,62.344112,104.36000000000001,0
Camo 录像 2026-01-27 04-26-51,35,1.1666666666666667,63.112774,62.420834,104.24000000000001,0
Camo 录像 2026-01-27 04-26-51,36,1.2,63.225117,62.495453,104.11000000000001,0
Camo 录像 2026-01-27 04-26-51,37,1.2333333333333334,63.34375,62.554375,103.72000000000003,0
Camo 录像 2026-01-27 04-26-51,38,1.2666666666666666,63.37572,62.63661,103.07,0
Camo 录像 2026-01-27 04-26-51,39,1.3,63.360447,62.729996,102.07,0
Camo 录像 2026-01-27 04-26-51,40,1.3333333333333333,63.32363,62.82625,101.01999999999998,0
Camo 录像 2026-01-27 04-26-51,41,1.3666666666666667,63.21194,62.9379,99.40999999999997,0
Camo 录像 2026-01-27 04-26-51,42,1.4,63.099926,63.052025,98.63999999999999,0
Camo 录像 2026-01-27 04-26-51,43,1.4333333333333333,62.996544,63.15346,96.99000000000001,0
Camo 录像 2026-01-27 04-26-51,44,1.4666666666666666,62.84945,63.2768,95.42000000000002,0
Camo 录像 2026-01-27 04-26-51,45,1.5,62.669636,63.409897,93.75,0
Camo 录像 2026-01-27 04-26-51,46,1.5333333333333334,62.534256,63.536453,92.55000000000001,0
Camo 录像 2026-01-27 04-26-51,47,1.5666666666666667,62.376274,63.669468,91.09000000000003,0
Camo 录像 2026-01-27 04-26-51,48,1.6,62.22065,63.804264,89.53999999999996,0
Camo 录像 2026-01-27 04-26-51,49,1.6333333333333333,62.046856,63.930214,87.88999999999999,0
Camo 录像 2026-01-27 04-26-51,50,1.6666666666666667,61.902637,64.05349,86.61000000000001,0
Camo 录像 2026-01-27 04-26-51,51,1.7,61.763374,64.16043,85.42000000000002,0
Camo 录像 2026-01-27 04-26-51,52,1.7333333333333334,61.598183,64.27812,84.09000000000003,0
Camo 录像 2026-01-27 04-26-51,53,1.7666666666666666,61.459953,64.39879,83.06,0
Camo 录像 2026-01-27 04-26-51,54,1.8,61.299763,64.50829,82.25,0
Camo 录像 2026-01-27 04-26-51,55,1.8333333333333333,61.15224,64.61722,81.10000000000002,0
Camo 录像 2026-01-27 04-26-51,56,1.8666666666666667,61.010487,64.726295,80.40999999999997,0
Camo 录像 2026-01-27 04-26-51,57,1.9,60.866066,64.8337,79.22000000000003,0
Camo 录像 2026-01-27 04-26-51,58,1.9333333333333333,60.73964,64.94439,78.69,0
Camo 录像 2026-01-27 04-26-51,59,1.9666666666666666,60.608276,65.06904,78.64999999999998,0
Camo 录像 2026-01-27 04-26-51,60,2.0,60.53134,65.18571,78.35000000000002,0
Camo 录像 2026-01-27 04-26-51,61,2.033333333333333,60.441696,65.308426,78.19999999999999,0
Camo 录像 2026-01-27 04-26-51,62,2.066666666666667,60.375736,65.43078,78.34000000000003,0
Camo 录像 2026-01-27 04-26-51,63,2.1,60.304222,65.55204,78.87,0
Camo 录像 2026-01-27 04-26-51,64,2.1333333333333333,60.257015,65.65872,78.86000000000001,0
Camo 录像 2026-01-27 04-26-51,65,2.1666666666666665,60.180706,65.77365,79.09000000000003,0
Camo 录像 2026-01-27 04-26-51,66,2.2,60.133926,65.89229,79.20999999999998,0
Camo 录像 2026-01-27 04-26-51,67,2.2333333333333334,60.07395,66.01317,79.63,0
Camo 录像 2026-01-27 04-26-51,68,2.2666666666666666,60.03282,66.13362,80.35000000000002,0
Camo 录像 2026-01-27 04-26-51,69,2.3,60.00746,66.2665,81.34000000000003,0
Camo 录像 2026-01-27 04-26-51,70,2.3333333333333335,59.994766,66.39983,82.32,0
Camo 录像 2026-01-27 04-26-51,71,2.3666666666666667,59.991123,66.53419,83.11000000000001,0
Camo 录像 2026-01-27 04-26-51,72,2.4,59.99166,66.66035,84.25,0
Camo 录像 2026-01-27 04-26-51,73,2.433333333333333,60.00359,66.80682,85.12,0
Camo 录像 2026-01-27 04-26-51,74,2.466666666666667,60.076416,66.96291,86.60000000000002,0
Camo 录像 2026-01-27 04-26-51,75,2.5,60.160553,67.12201,88.30000000000001,0
Camo 录像 2026-01-27 04-26-51,76,2.533333333333333,60.293938,67.29348,89.63999999999999,0
Camo 录像 2026-01-27 04-26-51,77,2.566666666666667,60.418827,67.45796,91.14999999999998,0
Camo 录像 2026-01-27 04-26-51,78,2.6,60.5616,67.62841,92.85000000000002,0
Camo 录像 2026-01-27 04-26-51,79,2.6333333333333333,60.69923,67.79839,93.97000000000003,0
Camo 录像 2026-01-27 04-26-51,80,2.6666666666666665,60.86944,67.9645,95.57999999999998,0
Camo 录像 2026-01-27 04-26-51,81,2.7,61.0228,68.13951,96.94,0
Camo 录像 2026-01-27 04-26-51,82,2.7333333333333334,61.18279,68.31026,97.82999999999998,0
Camo 录像 2026-01-27 04-26-51,83,2.7666666666666666,61.332546,68.472145,98.99000000000001,0
Camo 录像 2026-01-27 04-26-51,84,2.8,61.496,68.63511,99.98000000000002,0
Camo 录像 2026-01-27 04-26-51,85,2.8333333333333335,61.645638,68.78566,100.65999999999997,0
Camo 录像 2026-01-27 04-26-51,86,2.8666666666666667,61.828526,68.95492,101.81,0
Camo 录像 2026-01-27 04-26-51,87,2.9,62.009163,69.107765,102.82,0
Camo 录像 2026-01-27 04-26-51,88,2.933333333333333,62.187702,69.238014,103.32999999999998,0
Camo 录像 2026-01-27 04-26-51,89,2.966666666666667,62.387016,69.40262,104.26999999999998,0
Camo 录像 2026-01-27 04-26-51,90,3.0,62.551376,69.54335,104.10000000000002,0
Camo 录像 2026-01-27 04-26-51,91,3.033333333333333,62.703697,69.69715,104.75,0
Camo 录像 2026-01-27 04-26-51,92,3.066666666666667,62.84555,69.8461,104.28999999999996,0
Camo 录像 2026-01-27 04-26-51,93,3.1,62.97897,70.00827,104.37,0
Camo 录像 2026-01-27 04-26-51,94,3.1333333333333333,63.080738,70.14392,104.10000000000002,0
Camo 录像 2026-01-27 04-26-51,95,3.1666666666666665,63.1645,70.29175,103.78999999999996,0
Camo 录像 2026-01-27 04-26-51,96,3.2,63.258595,70.45063,103.34000000000003,0
Camo 录像 2026-01-27 04-26-51,97,3.2333333333333334,63.31763,70.59851,102.89999999999998,0
Camo 录像 2026-01-27 04-26-51,98,3.2666666666666666,63.346416,70.755875,102.38,0
Camo 录像 2026-01-27 04-26-51,99,3.3,63.35146,70.919495,101.28999999999996,0
Camo 录像 2026-01-27 04-26-51,100,3.3333333333333335,63.353188,71.08555,100.24000000000001,0
Camo 录像 2026-01-27 04-26-51,101,3.3666666666666667,63.33648,71.251,99.13999999999999,0
Camo 录像 2026-01-27 04-26-51,102,3.4,63.30369,71.38731,98.19,0
Camo 录像 2026-01-27 04-26-51,103,3.433333333333333,63.278816,71.58619,97.28999999999996,0
Camo 录像 2026-01-27 04-26-51,104,3.466666666666667,63.214474,71.75548,95.82,0
Camo 录像 2026-01-27 04-26-51,105,3.5,63.114933,71.93388,94.40999999999997,0
Camo 录像 2026-01-27 04-26-51,106,3.533333333333333,63.02073,72.12957,92.77999999999997,0
Camo 录像 2026-01-27 04-26-51,107,3.566666666666667,62.883488,72.320366,91.85000000000002,0
Camo 录像 2026-01-27 04-26-51,108,3.6,62.74402,72.51991,90.01999999999998,0
Camo 录像 2026-01-27 04-26-51,109,3.6333333333333333,62.559494,72.67834,89.24000000000001,0
Camo 录像 2026-01-27 04-26-51,110,3.6666666666666665,62.446907,72.89395,87.26999999999998,0
Camo 录像 2026-01-27 04-26-51,111,3.7,62.28285,73.057655,86.18,0
Camo 录像 2026-01-27 04-26-51,112,3.7333333333333334,62.123962,73.23318,84.78999999999996,0
Camo 录像 2026-01-27 04-26-51,113,3.7666666666666666,61.974384,73.41767,83.63999999999999,0
Camo 录像 2026-01-27 04-26-51,114,3.8,61.81323,73.57822,82.88,0
Camo 录像 2026-01-27 04-26-51,115,3.8333333333333335,61.667706,73.771935,82.06,0
Camo 录像 2026-01-27 04-26-51,116,3.8666666666666667,61.526527,73.96303,80.85000000000002,0
Camo 录像 2026-01-27 04-26-51,117,3.9,61.36891,74.102776,79.90999999999997,0
Camo 录像 2026-01-27 04-26-51,118,3.933333333333333,61.231647,74.27916,79.5,0
Camo 录像 2026-01-27 04-26-51,119,3.966666666666667,61.08877,74.432686,79.53999999999996,0
Camo 录像 2026-01-27 04-27-29,0,0.0,61.0,61.0,90.0,0
Camo 录像 2026-01-27 04-27-29,1,0.03333333333333333,61.02434,60.993454,89.88,0
Camo 录像 2026-01-27 04-27-29,2,0.06666666666666667,61.042213,60.999714,89.99000000000001,0
Camo 录像 2026-01-27 04-27-29,3,0.1,61.05367,60.981503,89.88999999999999,0
Camo 录像 2026-01-27 04-27-29,4,0.13333333333333333,61.04402,60.97687,89.5,0
Camo 录像 2026-01-27 04-27-29,5,0.16666666666666666,61.038647,60.98011,89.80000000000001,0
Camo 录像 2026-01-27 04-27-29,6,0.2,61.0245,60.971107,89.31,0
Camo 录像 2026-01-27 04-27-29,7,0.23333333333333334,61.00885,60.97146,89.32,0
Camo 录像 2026-01-27 04-27-29,8,0.26666666666666666,60.984703,60.97976,89.14999999999998,0
Camo 录像 2026-01-27 04-27-29,9,0.3,60.942284,60.980145,88.97000000000003,0
Camo 录像 2026-01-27 04-27-29,10,0.3333333333333333,60.88027,60.999687,88.64999999999998,0
Camo 录像 2026-01-27 04-27-29,11,0.36666666666666664,60.820107,60.99062,88.44999999999999,0
Camo 录像 2026-01-27 04-27-29,12,0.4,60.760918,61.003708,88.66999999999996,0
Camo 录像 2026-01-27 04-27-29,13,0.43333333333333335,60.691704,60.993618,88.35000000000002,0
Camo 录像 2026-01-27 04-27-29,14,0.4666666666666667,60.641724,60.985996,88.80000000000001,0
Camo 录像 2026-01-27 04-27-29,15,0.5,60.607094,60.97678,88.94999999999999,0
Camo 录像 2026-01-27 04-27-29,16,0.5333333333333333,60.57048,60.971664,89.20999999999998,0
Camo 录像 2026-01-27 04-27-29,17,0.5666666666666667,60.552353,60.958603,89.93,0
Camo 录像 2026-01-27 04-27-29,18,0.6,60.55282,60.951088,90.56,0
Camo 录像 2026-01-27 04-27-29,19,0.6333333333333333,60.572395,60.96303,91.85000000000002,0
Camo 录像 2026-01-27 04-27-29,20,0.6666666666666666,60.618443,60.945072,92.68,0
Camo 录像 2026-01-27 04-27-29,21,0.7,60.65607,60.937943,93.38999999999999,0
Camo 录像 2026-01-27 04-27-29,22,0.7333333333333333,60.729557,60.969395,94.23000000000002,0
Camo 录像 2026-01-27 04-27-29,23,0.7666666666666667,60.842823,60.99549,95.14999999999998,0
Camo 录像 2026-01-27 04-27-29,24,0.8,61.00388,61.047726,96.5,0
Camo 录像 2026-01-27 04-27-29,25,0.8333333333333334,61.196407,61.119442,98.25999999999999,0
Camo 录像 2026-01-27 04-27-29,26,0.8666666666666667,61.394455,61.197296,99.00999999999999,0
Camo 录像 2026-01-27 04-27-29,27,0.9,61.61732,61.274895,100.05000000000001,0
Camo 录像 2026-01-27 04-27-29,28,0.9333333333333333,61.854504,61.352436,101.32999999999998,0
Camo 录像 2026-01-27 04-27-29,29,0.9666666666666667,62.080246,61.446648,102.36000000000001,0
Camo 录像 2026-01-27 04-27-29,30,1.0,62.317993,61.51884,103.32,0
Camo 录像 2026-01-27 04-27-29,31,1.0333333333333334,62.54111,61.577805,104.10000000000002,0
Camo 录像 2026-01-27 04-27-29,32,1.0666666666666667,62.71529,61.67118,104.31,0
Camo 录像 2026-01-27 04-27-29,33,1.1,62.878147,61.74971,104.19,0
Camo 录像 2026-01-27 04-27-29,34,1.1333333333333333,63.003643,61.826515,104.20999999999998,0
Camo 录像 2026-01-27 04-27-29,35,1.1666666666666667,63.11183,61.904896,103.98000000000002,0
Camo 录像 2026-01-27 04-27-29,36,1.2,63.202633,61.995663,103.75,0
Camo 录像 2026-01-27 04-27-29,37,1.2333333333333334,63.296513,62.073586,103.82,0
Camo 录像 2026-01-27 04-27-29,38,1.2666666666666666,63.340702,62.15975,103.13,0
Camo 录像 2026-01-27 04-27-29,39,1.3,63.355793,62.26931,102.36000000000001,0
Camo 录像 2026-01-27 04-27-29,40,1.3333333333333333,63.34736,62.385834,101.13999999999999,0
Camo 录像 2026-01-27 04-27-29,41,1.3666666666666667,63.320213,62.497944,100.00999999999999,0
Camo 录像 2026-01-27 04-27-29,42,1.4,63.246387,62.62904,98.57999999999998,0
Camo 录像 2026-01-27 04-27-29,43,1.4333333333333333,63.179806,62.754963,97.5,0
Camo 录像 2026-01-27 04-27-29,44,1.4666666666666666,63.0985,62.88073,96.07,0
Camo 录像 2026-01-27 04-27-29,45,1.5,63.028008,63.00589,94.69999999999999,0
Camo 录像 2026-01-27 04-27-29,46,1.5333333333333334,62.912506,63.117912,93.32999999999998,0
Camo 录像 2026-01-27 04-27-29,47,1.5666666666666667,62.78359,63.24793,91.98000000000002,0
Camo 录像 2026-01-27 04-27-29,48,1.6,62.60228,63.40388,90.57999999999998,0
Camo 录像 2026-01-27 04-27-29,49,1.6333333333333333,62.468323,63.54786,88.57,0
Camo 录像 2026-01-27 04-27-29,50,1.6666666666666667,62.313393,63.68616,87.19,0
Camo 录像 2026-01-27 04-27-29,51,1.7,62.16626,63.828663,85.75999999999999,0
Camo 录像 2026-01-27 04-27-29,52,1.7333333333333334,62.01782,63.981564,84.63999999999999,0
Camo 录像 2026-01-27 04-27-29,53,1.7666666666666666,61.861027,64.134995,83.89999999999998,0
Camo 录像 2026-01-27 04-27-29,54,1.8,61.73835,64.2556,82.50999999999999,0
Camo 录像 2026-01-27 04-27-29,55,1.8333333333333333,61.590157,64.37286,81.37,0
Camo 录像 2026-01-27 04-27-29,56,1.8666666666666667,61.45489,64.49633,80.38,0
Camo 录像 2026-01-27 04-27-29,57,1.9,61.30486,64.61099,79.10000000000002,0
Camo 录像 2026-01-27 04-27-29,58,1.9333333333333333,61.18009,64.72087,78.55000000000001,0
Camo 录像 2026-01-27 04-27-29,59,1.9666666666666666,61.05761,64.827675,77.87,0
Camo 录像 2026-01-27 04-27-29,60,2.0,60.96261,64.93632,77.73000000000002,0
Camo 录像 2026-01-27 04-27-29,61,2.033333333333333,60.8944,65.04205,77.69,0
Camo 录像 2026-01-27 04-27-29,62,2.066666666666667,60.819294,65.147606,77.66999999999996,0
Camo 录像 2026-01-27 04-27-29,63,2.1,60.76499,65.25287,78.11000000000001,0
Camo 录像 2026-01-27 04-27-29,64,2.1333333333333333,60.71037,65.3742,78.26999999999998,0
Camo 录像 2026-01-27 04-27-29,65,2.1666666666666665,60.639755,65.470535,78.19999999999999,0
Camo 录像 2026-01-27 04-27-29,66,2.2,60.57885,65.57768,78.88999999999999,0
Camo 录像 2026-01-27 04-27-29,67,2.2333333333333334,60.52461,65.67409,79.35000000000002,0
Camo 录像 2026-01-27 04-27-29,68,2.2666666666666666,60.47452,65.779495,79.81,0
Camo 录像 2026-01-27 04-27-29,69,2.3,60.444294,65.887695,80.61000000000001,0
Camo 录像 2026-01-27 04-27-29,70,2.3333333333333335,60.434,65.98796,81.82999999999998,0
Camo 录像 2026-01-27 04-27-29,71,2.3666666666666667,60.436947,66.093315,82.77999999999997,0
Camo 录像 2026-01-27 04-27-29,72,2.4,60.417152,66.196785,83.77999999999997,0
Camo 录像 2026-01-27 04-27-29,73,2.433333333333333,60.436993,66.302315,84.75,0
Camo 录像 2026-01-27 04-27-29,74,2.466666666666667,60.46139,66.41831,85.5,0
Camo 录像 2026-01-27 04-27-29,75,2.5,60.531082,66.55189,87.12,0
Camo 录像 2026-01-27 04-27-29,76,2.533333333333333,60.62943,66.68165,88.28999999999996,0
Camo 录像 2026-01-27 04-27-29,77,2.566666666666667,60.763077,66.82981,89.77999999999997,0
Camo 录像 2026-01-27 04-27-29,78,2.6,60.90301,66.977745,91.58999999999997,0
Camo 录像 2026-01-27 04-27-29,79,2.6333333333333333,61.076534,67.12469,92.66999999999996,0
Camo 录像 2026-01-27 04-27-29,80,2.6666666666666665,61.245514,67.28798,94.33999999999997,0
Camo 录像 2026-01-27 04-27-29,81,2.7,61.434345,67.42726,95.68,0
Camo 录像 2026-01-27 04-27-29,82,2.7333333333333334,61.61474,67.5947,97.19,0
Camo 录像 2026-01-27 04-27-29,83,2.7666666666666666,61.815258,67.75762,98.27999999999997,0
Camo 录像 2026-01-27 04-27-29,84,2.8,61.99031,67.89574,99.52999999999997,0
Camo 录像 2026-01-27 04-27-29,85,2.8333333333333335,62.198647,68.0471,100.39999999999998,0
Camo 录像 2026-01-27 04-27-29,86,2.8666666666666667,62.376663,68.18979,101.37,0
Camo 录像 2026-01-27 04-27-29,87,2.9,62.583202,68.334854,102.38,0
Camo 录像 2026-01-27 04-27-29,88,2.933333333333333,62.75731,68.46349,103.13999999999999,0
Camo 录像 2026-01-27 04-27-29,89,2.966666666666667,62.941822,68.6074,103.65999999999997,0
Camo 录像 2026-01-27 04-27-29,90,3.0,63.103184,68.76313,104.38,0
Camo 录像 2026-01-27 04-27-29,91,3.033333333333333,63.245197,68.91618,104.23000000000002,0
Camo 录像 2026-01-27 04-27-29,92,3.066666666666667,63.351685,69.0533,103.72000000000003,0
Camo 录像 2026-01-27 04-27-29,93,3.1,63.45899,69.236305,104.12,0
Camo 录像 2026-01-27 04-27-29,94,3.1333333333333333,63.548664,69.3916,104.0,0
Camo 录像 2026-01-27 04-27-29,95,3.1666666666666665,63.624817,69.56594,103.76999999999998,0
Camo 录像 2026-01-27 04-27-29,96,3.2,63.688007,69.70849,103.44999999999999,0
Camo 录像 2026-01-27 04-27-29,97,3.2333333333333334,63.73774,69.86008,102.90999999999997,0
Camo 录像 2026-01-27 04-27-29,98,3.2666666666666666,63.815685,70.029495,102.18,0
Camo 录像 2026-01-27 04-27-29,99,3.3,63.853092,70.19075,101.41999999999996,0
Camo 录像 2026-01-27 04-27-29,100,3.3333333333333335,63.881943,70.353165,100.48000000000002,0
Camo 录像 2026-01-27 04-27-29,101,3.3666666666666667,63.909367,70.5135,99.30000000000001,0
Camo 录像 2026-01-27 04-27-29,102,3.4,63.950882,70.691925,98.35000000000002,0
Camo 录像 2026-01-27 04-27-29,103,3.433333333333333,63.97164,70.86241,97.33999999999997,0
Camo 录像 2026-01-27 04-27-29,104,3.466666666666667,63.911125,70.98604,95.73000000000002,0
Camo 录像 2026-01-27 04-27-29,105,3.5,63.882114,71.216324,95.20999999999998,0
Camo 录像 2026-01-27 04-27-29,106,3.533333333333333,63.783653,71.40288,93.52999999999997,0
Camo 录像 2026-01-27 04-27-29,107,3.566666666666667,63.670567,71.61774,91.82999999999998,0
Camo 录像 2026-01-27 04-27-29,108,3.6,63.54812,71.84509,90.5,0
Camo 录像 2026-01-27 04-27-29,109,3.6333333333333333,63.38781,72.04904,89.15999999999997,0
Camo 录像 2026-01-27 04-27-29,110,3.6666666666666665,63.233204,72.26224,87.27999999999997,0
Camo 录像 2026-01-27 04-27-29,111,3.7,63.06686,72.45922,85.94999999999999,0
Camo 录像 2026-01-27 04-27-29,112,3.7333333333333334,62.932484,72.68151,84.80000000000001,0
Camo 录像 2026-01-27 04-27-29,113,3.7666666666666666,62.75182,72.83369,83.73000000000002,0
Camo 录像 2026-01-27 04-27-29,114,3.8,62.62665,73.06454,82.58999999999997,0
Camo 录像 2026-01-27 04-27-29,115,3.8333333333333335,62.477627,73.258934,82.20999999999998,0
Camo 录像 2026-01-27 04-27-29,116,3.8666666666666667,62.342327,73.449974,81.08999999999997,0
Camo 录像 2026-01-27 04-27-29,117,3.9,62.18905,73.61834,80.39999999999998,0
Camo 录像 2026-01-27 04-27-29,118,3.933333333333333,62.081776,73.82351,78.97000000000003,0
Camo 录像 2026-01-27 04-27-29,119,3.966666666666667,61.938396,73.93235,77.94999999999999,0
Camo 录像 2026-01-27 04-28-09,0,0.0,61.0,61.0,90.0,0
Camo 录像 2026-01-27 04-28-09,1,0.03333333333333333,61.003452,61.020634,90.37,0
Camo 录像 2026-01-27 04-28-09,2,0.06666666666666667,60.99761,61.031696,90.17000000000002,0
Camo 录像 2026-01-27 04-28-09,3,0.1,60.98745,61.04158,90.18,0
Camo 录像 2026-01-27 04-28-09,4,0.13333333333333333,60.952637,61.072834,90.07,0
Camo 录像 2026-01-27 04-28-09,5,0.16666666666666666,60.95601,61.061646,89.87,0
Camo 录像 2026-01-27 04-28-09,6,0.2,60.906372,61.092854,89.62,0
Camo 录像 2026-01-27 04-28-09,7,0.23333333333333334,60.870453,61.10618,89.76999999999998,0
Camo 录像 2026-01-27 04-28-09,8,0.26666666666666666,60.808685,61.13489,89.23000000000002,0
Camo 录像 2026-01-27 04-28-09,9,0.3,60.77577,61.145466,88.63,0
Camo 录像 2026-01-27 04-28-09,10,0.3333333333333333,60.714634,61.142982,88.51999999999998,0
Camo 录像 2026-01-27 04-28-09,11,0.36666666666666664,60.65701,61.139606,88.55000000000001,0
Camo 录像 2026-01-27 04-28-09,12,0.4,60.609344,61.110897,89.26999999999998,0
Camo 录像 2026-01-27 04-28-09,13,0.43333333333333335,60.53371,61.135246,89.25999999999999,0
Camo 录像 2026-01-27 04-28-09,14,0.4666666666666667,60.48544,61.13382,89.10000000000002,0
Camo 录像 2026-01-27 04-28-09,15,0.5,60.445255,61.096024,89.61000000000001,0
Camo 录像 2026-01-27 04-28-09,16,0.5333333333333333,60.40036,61.09772,89.76999999999998,0
Camo 录像 2026-01-27 04-28-09,17,0.5666666666666667,60.388313,61.083694,90.42000000000002,0
Camo 录像 2026-01-27 04-28-09,18,0.6,60.403236,61.06974,91.54000000000002,0
Camo 录像 2026-01-27 04-28-09,19,0.6333333333333333,60.439316,61.06311,92.38,0
Camo 录像 2026-01-27 04-28-09,20,0.6666666666666666,60.48757,61.066284,93.44,0
Camo 录像 2026-01-27 04-28-09,21,0.7,60.54887,61.07454,93.93,0
Camo 录像 2026-01-27 04-28-09,22,0.7333333333333333,60.65614,61.11715,94.73000000000002,0
Camo 录像 2026-01-27 04-28-09,23,0.7666666666666667,60.810635,61.178574,96.24000000000001,0
Camo 录像 2026-01-27 04-28-09,24,0.8,61.015102,61.21992,97.64999999999998,0
Camo 录像 2026-01-27 04-28-09,25,0.8333333333333334,61.230904,61.289505,98.93,0
Camo 录像 2026-01-27 04-28-09,26,0.8666666666666667,61.446205,61.37185,99.88,0
Camo 录像 2026-01-27 04-28-09,27,0.9,61.664055,61.458755,101.18,0
Camo 录像 2026-01-27 04-28-09,28,0.9333333333333333,61.885887,61.536026,102.20999999999998,0
Camo 录像 2026-01-27 04-28-09,29,0.9666666666666667,62.09439,61.635403,103.62,0
Camo 录像 2026-01-27 04-28-09,30,1.0,62.2883,61.717228,104.25,0
Camo 录像 2026-01-27 04-28-09,31,1.0333333333333334,62.472397,61.78948,104.27999999999997,0
Camo 录像 2026-01-27 04-28-09,32,1.0666666666666667,62.616096,61.881805,104.29000000000002,0
Camo 录像 2026-01-27 04-28-09,33,1.1,62.73933,61.986183,104.40999999999997,0
Camo 录像 2026-01-27 04-28-09,34,1.1333333333333333,62.86103,62.07437,104.37,0
Camo 录像 2026-01-27 04-28-09,35,1.1666666666666667,62.994114,62.13992,104.14999999999998,0
Camo 录像 2026-01-27 04-28-09,36,1.2,63.103184,62.223965,104.00999999999999,0
Camo 录像 2026-01-27 04-28-09,37,1.2333333333333334,63.172474,62.313267,103.74000000000001,0
Camo 录像 2026-01-27 04-28-09,38,1.2666666666666666,63.19937,62.41274,102.88,0
Camo 录像 2026-01-27 04-28-09,39,1.3,63.190598,62.518536,102.15999999999997,0
Camo 录像 2026-01-27 04-28-09,40,1.3333333333333333,63.139355,62.631004,101.13,0
Camo 录像 2026-01-27 04-28-09,41,1.3666666666666667,63.042355,62.763294,99.82999999999998,0
Camo 录像 2026-01-27 04-28-09,42,1.4,62.939358,62.898712,98.62,0
Camo 录像 2026-01-27 04-28-09,43,1.4333333333333333,62.819653,63.02387,97.06,0
Camo 录像 2026-01-27 04-28-09,44,1.4666666666666666,62.655983,63.176792,95.89999999999998,0
Camo 录像 2026-01-27 04-28-09,45,1.5,62.51332,63.300472,94.10000000000002,0
Camo 录像 2026-01-27 04-28-09,46,1.5333333333333334,62.34544,63.451916,93.15999999999997,0
Camo 录像 2026-01-27 04-28-09,47,1.5666666666666667,62.169323,63.588436,91.34000000000003,0
Camo 录像 2026-01-27 04-28-09,48,1.6,61.977154,63.722733,90.10000000000002,0
Camo 录像 2026-01-27 04-28-09,49,1.6333333333333333,61.790195,63.877686,88.15999999999997,0
Camo 录像 2026-01-27 04-28-09,50,1.6666666666666667,61.62098,64.01284,86.93,0
Camo 录像 2026-01-27 04-28-09,51,1.7,61.431347,64.16684,85.63,0
Camo 录像 2026-01-27 04-28-09,52,1.7333333333333334,61.262302,64.306946,84.54000000000002,0
Camo 录像 2026-01-27 04-28-09,53,1.7666666666666666,61.10918,64.43753,83.32999999999998,0
Camo 录像 2026-01-27 04-28-09,54,1.8,60.986664,64.56442,82.39999999999998,0
Camo 录像 2026-01-27 04-28-09,55,1.8333333333333333,60.856544,64.68928,81.5,0
Camo 录像 2026-01-27 04-28-09,56,1.8666666666666667,60.730343,64.79892,80.45999999999998,0
Camo 录像 2026-01-27 04-28-09,57,1.9,60.635548,64.90807,79.57,0
Camo 录像 2026-01-27 04-28-09,58,1.9333333333333333,60.542927,65.015495,78.77999999999997,0
Camo 录像 2026-01-27 04-28-09,59,1.9666666666666666,60.468548,65.13537,78.44,0
Camo 录像 2026-01-27 04-28-09,60,2.0,60.396133,65.23909,78.42000000000002,0
Camo 录像 2026-01-27 04-28-09,61,2.033333333333333,60.347004,65.35562,78.49000000000001,0
Camo 录像 2026-01-27 04-28-09,62,2.066666666666667,60.307224,65.47484,78.54000000000002,0
Camo 录像 2026-01-27 04-28-09,63,2.1,60.26678,65.586,78.64999999999998,0
Camo 录像 2026-01-27 04-28-09,64,2.1333333333333333,60.219776,65.69277,78.79000000000002,0
Camo 录像 2026-01-27 04-28-09,65,2.1666666666666665,60.18357,65.80172,79.18,0
Camo 录像 2026-01-27 04-28-09,66,2.2,60.138554,65.9182,79.80000000000001,0
Camo 录像 2026-01-27 04-28-09,67,2.2333333333333334,60.116188,66.02111,80.34000000000003,0
Camo 录像 2026-01-27 04-28-09,68,2.2666666666666666,60.09474,66.12506,80.82999999999998,0
Camo 录像 2026-01-27 04-28-09,69,2.3,60.090942,66.23827,81.85000000000002,0
Camo 录像 2026-01-27 04-28-09,70,2.3333333333333335,60.092285,66.35174,82.90999999999997,0
Camo 录像 2026-01-27 04-28-09,71,2.3666666666666667,60.086292,66.46895,83.94999999999999,0
Camo 录像 2026-01-27 04-28-09,72,2.4,60.087082,66.58808,84.90999999999997,0
Camo 录像 2026-01-27 04-28-09,73,2.433333333333333,60.086708,66.69741,85.80000000000001,0
Camo 录像 2026-01-27 04-28-09,74,2.466666666666667,60.14298,66.84836,87.05000000000001,0
Camo 录像 2026-01-27 04-28-09,75,2.5,60.214897,66.986275,88.82999999999998,0
Camo 录像 2026-01-27 04-28-09,76,2.533333333333333,60.333054,67.13891,89.93,0
Camo 录像 2026-01-27 04-28-09,77,2.566666666666667,60.472977,67.300835,91.59000000000003,0
Camo 录像 2026-01-27 04-28-09,78,2.6,60.61795,67.46272,93.07999999999998,0
Camo 录像 2026-01-27 04-28-09,79,2.6333333333333333,60.80221,67.633064,94.51999999999998,0
Camo 录像 2026-01-27 04-28-09,80,2.6666666666666665,60.973293,67.78936,95.93,0
Camo 录像 2026-01-27 04-28-09,81,2.7,61.149387,67.95087,97.35000000000002,0
Camo 录像 2026-01-27 04-28-09,82,2.7333333333333334,61.332935,68.108025,98.31,0
Camo 录像 2026-01-27 04-28-09,83,2.7666666666666666,61.51295,68.26999,99.52999999999997,0
Camo 录像 2026-01-27 04-28-09,84,2.8,61.685314,68.4224,100.73000000000002,0
Camo 录像 2026-01-27 04-28-09,85,2.8333333333333335,61.866863,68.57316,101.76999999999998,0
Camo 录像 2026-01-27 04-28-09,86,2.8666666666666667,62.053032,68.72696,102.45999999999998,0
Camo 录像 2026-01-27 04-28-09,87,2.9,62.236107,68.86733,103.51999999999998,0
Camo 录像 2026-01-27 04-28-09,88,2.933333333333333,62.425735,69.01365,104.39999999999998,0
Camo 录像 2026-01-27 04-28-09,89,2.966666666666667,62.581306,69.14096,104.39999999999998,0
Camo 录像 2026-01-27 04-28-09,90,3.0,62.74836,69.306015,105.10000000000002,0
Camo 录像 2026-01-27 04-28-09,91,3.033333333333333,62.872093,69.44969,105.13,0
Camo 录像 2026-01-27 04-28-09,92,3.066666666666667,62.974873,69.58573,104.87,0
Camo 录像 2026-01-27 04-28-09,93,3.1,63.061657,69.72614,104.82999999999998,0
Camo 录像 2026-01-27 04-28-09,94,3.1333333333333333,63.166344,69.884476,104.74000000000001,0
Camo 录像 2026-01-27 04-28-09,95,3.1666666666666665,63.244892,70.02398,104.51999999999998,0
Camo 录像 2026-01-27 04-28-09,96,3.2,63.32096,70.16531,104.19999999999999,0
Camo 录像 2026-01-27 04-28-09,97,3.2333333333333334,63.35789,70.305305,103.94,0
Camo 录像 2026-01-27 04-28-09,98,3.2666666666666666,63.39478,70.4518,103.06,0
Camo 录像 2026-01-27 04-28-09,99,3.3,63.428093,70.6229,102.05000000000001,0
Camo 录像 2026-01-27 04-28-09,100,3.3333333333333335,63.401875,70.76306,100.86000000000001,0
Camo 录像 2026-01-27 04-28-09,101,3.3666666666666667,63.403515,70.940544,100.07999999999998,0
Camo 录像 2026-01-27 04-28-09,102,3.4,63.378025,71.10897,99.24000000000001,0
Camo 录像 2026-01-27 04-28-09,103,3.433333333333333,63.337543,71.28446,98.14999999999998,0
Camo 录像 2026-01-27 04-28-09,104,3.466666666666667,63.2272,71.431786,97.34000000000003,0
Camo 录像 2026-01-27 04-28-09,105,3.5,63.17903,71.65989,95.43,0
Camo 录像 2026-01-27 04-28-09,106,3.533333333333333,63.075115,71.859886,94.06,0
Camo 录像 2026-01-27 04-28-09,107,3.566666666666667,62.963673,72.06062,92.62,0
Camo 录像 2026-01-27 04-28-09,108,3.6,62.84051,72.24257,91.31,0
Camo 录像 2026-01-27 04-28-09,109,3.6333333333333333,62.717583,72.434944,89.02999999999997,0
Camo 录像 2026-01-27 04-28-09,110,3.6666666666666665,62.611603,72.6635,88.13,0
Camo 录像 2026-01-27 04-28-09,111,3.7,62.489902,72.87105,87.06,0
Camo 录像 2026-01-27 04-28-09,112,3.7333333333333334,62.35796,73.054985,85.94999999999999,0
Camo 录像 2026-01-27 04-28-09,113,3.7666666666666666,62.22198,73.240944,84.69999999999999,0
Camo 录像 2026-01-27 04-28-09,114,3.8,62.08622,73.45444,83.94999999999999,0
Camo 录像 2026-01-27 04-28-09,115,3.8333333333333335,61.944687,73.65293,83.09000000000003,0
Camo 录像 2026-01-27 04-28-09,116,3.8666666666666667,61.79096,73.84221,82.05000000000001,0
Camo 录像 2026-01-27 04-28-09,117,3.9,61.642033,74.036606,80.86000000000001,0
Camo 录像 2026-01-27 04-28-09,118,3.933333333333333,61.486202,74.20204,80.22000000000003,0
Camo 录像 2026-01-27 04-28-09,119,3.966666666666667,61.334698,74.41075,80.09000000000003,0
Camo 录像 2026-01-27 04-28-46,0,0.0,61.0,61.0,90.0,0
Camo 录像 2026-01-27 04-28-46,1,0.03333333333333333,61.003223,61.00982,89.74000000000001,0
Camo 录像 2026-01-27 04-28-46,2,0.06666666666666667,60.979233,61.03944,89.47000000000003,0
Camo 录像 2026-01-27 04-28-46,3,0.1,60.965965,61.066498,89.42000000000002,0
Camo 录像 2026-01-27 04-28-46,4,0.13333333333333333,60.974663,61.0739,89.42000000000002,0
Camo 录像 2026-01-27 04-28-46,5,0.16666666666666666,60.96618,61.094414,89.49000000000001,0
Camo 录像 2026-01-27 04-28-46,6,0.2,60.94382,61.110867,89.32,0
Camo 录像 2026-01-27 04-28-46,7,0.23333333333333334,60.902214,61.141644,89.0,0
Camo 录像 2026-01-27 04-28-46,8,0.26666666666666666,60.862656,61.158848,88.75999999999999,0
Camo 录像 2026-01-27 04-28-46,9,0.3,60.804462,61.190693,88.52999999999997,0
Camo 录像 2026-01-27 04-28-46,10,0.3333333333333333,60.804466,61.19059,88.52999999999997,0
Camo 录像 2026-01-27 04-28-46,11,0.36666666666666664,60.668587,61.229763,88.19,0
Camo 录像 2026-01-27 04-28-46,12,0.4,60.591328,61.249462,88.07999999999998,0
Camo 录像 2026-01-27 04-28-46,13,0.43333333333333335,60.524364,61.240322,88.25999999999999,0
Camo 录像 2026-01-27 04-28-46,14,0.4666666666666667,60.4689,61.250153,88.37,0
Camo 录像 2026-01-27 04-28-46,15,0.5,60.418167,61.260853,88.75999999999999,0
Camo 录像 2026-01-27 04-28-46,16,0.5333333333333333,60.39979,61.26787,89.02999999999997,0
Camo 录像 2026-01-27 04-28-46,17,0.5666666666666667,60.41468,61.27328,89.39999999999998,0
Camo 录像 2026-01-27 04-28-46,18,0.6,60.441242,61.288387,90.38,0
Camo 录像 2026-01-27 04-28-46,19,0.6333333333333333,60.49438,61.28667,91.11000000000001,0
Camo 录像 2026-01-27 04-28-46,20,0.6666666666666666,60.58511,61.284008,92.15999999999997,0
Camo 录像 2026-01-27 04-28-46,21,0.7,60.660213,61.321453,93.07,0
Camo 录像 2026-01-27 04-28-46,22,0.7333333333333333,60.769184,61.36018,93.87,0
Camo 录像 2026-01-27 04-28-46,23,0.7666666666666667,60.915073,61.41999,95.12,0
Camo 录像 2026-01-27 04-28-46,24,0.8,61.11969,61.46074,96.30000000000001,0
Camo 录像 2026-01-27 04-28-46,25,0.8333333333333334,61.328033,61.542934,97.48000000000002,0
Camo 录像 2026-01-27 04-28-46,26,0.8666666666666667,61.557327,61.61896,98.76999999999998,0
Camo 录像 2026-01-27 04-28-46,27,0.9,61.77753,61.71447,99.94,0
Camo 录像 2026-01-27 04-28-46,28,0.9333333333333333,61.995613,61.8045,101.00999999999999,0
Camo 录像 2026-01-27 04-28-46,29,0.9666666666666667,62.216347,61.884975,101.97000000000003,0
Camo 录像 2026-01-27 04-28-46,30,1.0,62.413723,61.977783,102.92000000000002,0
Camo 录像 2026-01-27 04-28-46,31,1.0333333333333334,62.588398,62.062935,103.61000000000001,0
Camo 录像 2026-01-27 04-28-46,32,1.0666666666666667,62.75329,62.149124,103.49000000000001,0
Camo 录像 2026-01-27 04-28-46,33,1.1,62.903694,62.230526,103.61000000000001,0
Camo 录像 2026-01-27 04-28-46,34,1.1333333333333333,63.02791,62.317326,103.53999999999996,0
Camo 录像 2026-01-27 04-28-46,35,1.1666666666666667,63.148056,62.396046,103.68,0
Camo 录像 2026-01-27 04-28-46,36,1.2,63.270264,62.460983,103.36000000000001,0
Camo 录像 2026-01-27 04-28-46,37,1.2333333333333334,63.34603,62.5546,103.25,0
Camo 录像 2026-01-27 04-28-46,38,1.2666666666666666,63.415802,62.63754,102.59000000000003,0
Camo 录像 2026-01-27 04-28-46,39,1.3,63.426353,62.7346,101.76999999999998,0
Camo 录像 2026-01-27 04-28-46,40,1.3333333333333333,63.426353,62.7346,101.76999999999998,0
Camo 录像 2026-01-27 04-28-46,41,1.3666666666666667,63.352646,62.968227,99.74000000000001,0
Camo 录像 2026-01-27 04-28-46,42,1.4,63.279747,63.085545,98.32,0
Camo 录像 2026-01-27 04-28-46,43,1.4333333333333333,63.177658,63.22275,96.95999999999998,0
Camo 录像 2026-01-27 04-28-46,44,1.4666666666666666,63.06549,63.358,95.50999999999999,0
Camo 录像 2026-01-27 04-28-46,45,1.5,62.935593,63.496574,94.10000000000002,0
Camo 录像 2026-01-27 04-28-46,46,1.5333333333333334,62.78611,63.636486,92.78999999999996,0
Camo 录像 2026-01-27 04-28-46,47,1.5666666666666667,62.64203,63.769142,91.09000000000003,0
Camo 录像 2026-01-27 04-28-46,48,1.6,62.4919,63.912247,89.47000000000003,0
Camo 录像 2026-01-27 04-28-46,49,1.6333333333333333,62.29795,64.06324,88.05000000000001,0
Camo 录像 2026-01-27 04-28-46,50,1.6666666666666667,62.138443,64.20749,86.75,0
Camo 录像 2026-01-27 04-28-46,51,1.7,61.96388,64.33952,85.20999999999998,0
Camo 录像 2026-01-27 04-28-46,52,1.7333333333333334,61.790745,64.48764,84.0,0
Camo 录像 2026-01-27 04-28-46,53,1.7666666666666666,61.640137,64.62497,82.88999999999999,0
Camo 录像 2026-01-27 04-28-46,54,1.8,61.487217,64.76857,81.70999999999998,0
Camo 录像 2026-01-27 04-28-46,55,1.8333333333333333,61.33904,64.896866,80.86000000000001,0
Camo 录像 2026-01-27 04-28-46,56,1.8666666666666667,61.190136,65.02608,79.80000000000001,0
Camo 录像 2026-01-27 04-28-46,57,1.9,61.07079,65.14026,78.94999999999999,0
Camo 录像 2026-01-27 04-28-46,58,1.9333333333333333,60.944534,65.25517,78.11000000000001,0
Camo 录像 2026-01-27 04-28-46,59,1.9666666666666666,60.842228,65.377365,77.74000000000001,0
Camo 录像 2026-01-27 04-28-46,60,2.0,60.73601,65.49867,77.44,0
Camo 录像 2026-01-27 04-28-46,61,2.033333333333333,60.658733,65.60567,77.27999999999997,0
Camo 录像 2026-01-27 04-28-46,62,2.066666666666667,60.592506,65.72235,77.20999999999998,0
Camo 录像 2026-01-27 04-28-46,63,2.1,60.5233,65.83829,77.34000000000003,0
Camo 录像 2026-01-27 04-28-46,64,2.1333333333333333,60.46631,65.95993,77.69,0
Camo 录像 2026-01-27 04-28-46,65,2.1666666666666665,60.39287,66.07654,78.10000000000002,0
Camo 录像 2026-01-27 04-28-46,66,2.2,60.319454,66.19028,78.35000000000002,0
Camo 录像 2026-01-27 04-28-46,67,2.2333333333333334,60.260952,66.30675,78.70999999999998,0
Camo 录像 2026-01-27 04-28-46,68,2.2666666666666666,60.219845,66.42464,79.52999999999997,0
Camo 录像 2026-01-27 04-28-46,69,2.3,60.19958,66.55151,80.34000000000003,0
Camo 录像 2026-01-27 04-28-46,70,2.3333333333333335,60.198963,66.55139,80.32999999999998,0
Camo 录像 2026-01-27 04-28-46,71,2.3666666666666667,60.196903,66.797714,82.27999999999997,0
Camo 录像 2026-01-27 04-28-46,72,2.4,60.223743,66.93457,83.13,0
Camo 录像 2026-01-27 04-28-46,73,2.433333333333333,60.23326,67.07341,84.09000000000003,0
Camo 录像 2026-01-27 04-28-46,74,2.466666666666667,60.295506,67.228165,85.32,0
Camo 录像 2026-01-27 04-28-46,75,2.5,60.37148,67.39368,86.94999999999999,0
Camo 录像 2026-01-27 04-28-46,76,2.533333333333333,60.478954,67.54727,88.01999999999998,0
Camo 录像 2026-01-27 04-28-46,77,2.566666666666667,60.59399,67.72424,89.88999999999999,0
Camo 录像 2026-01-27 04-28-46,78,2.6,60.734367,67.90158,91.20999999999998,0
Camo 录像 2026-01-27 04-28-46,79,2.6333333333333333,60.889713,68.08972,92.50999999999999,0
Camo 录像 2026-01-27 04-28-46,80,2.6666666666666665,61.034203,68.254944,94.12,0
Camo 录像 2026-01-27 04-28-46,81,2.7,61.20924,68.427414,95.32999999999998,0
Camo 录像 2026-01-27 04-28-46,82,2.7333333333333334,61.375862,68.61043,96.64999999999998,0
Camo 录像 2026-01-27 04-28-46,83,2.7666666666666666,61.538425,68.77112,97.94,0
Camo 录像 2026-01-27 04-28-46,84,2.8,61.728977,68.951706,98.81,0
Camo 录像 2026-01-27 04-28-46,85,2.8333333333333335,61.886246,69.10463,99.48000000000002,0
Camo 录像 2026-01-27 04-28-46,86,2.8666666666666667,62.077827,69.28668,100.63999999999999,0
Camo 录像 2026-01-27 04-28-46,87,2.9,62.239952,69.4245,101.43,0
Camo 录像 2026-01-27 04-28-46,88,2.933333333333333,62.436714,69.58951,102.19,0
Camo 录像 2026-01-27 04-28-46,89,2.966666666666667,62.637115,69.765274,103.01999999999998,0
Camo 录像 2026-01-27 04-28-46,90,3.0,62.7965,69.91339,103.51999999999998,0
Camo 录像 2026-01-27 04-28-46,91,3.033333333333333,62.949173,70.06546,103.81,0
Camo 录像 2026-01-27 04-28-46,92,3.066666666666667,63.05616,70.179214,103.61000000000001,0
Camo 录像 2026-01-27 04-28-46,93,3.1,63.186035,70.33528,103.09000000000003,0
Camo 录像 2026-01-27 04-28-46,94,3.1333333333333333,63.305595,70.47885,103.00999999999999,0
Camo 录像 2026-01-27 04-28-46,95,3.1666666666666665,63.413322,70.6351,102.88999999999999,0
Camo 录像 2026-01-27 04-28-46,96,3.2,63.53598,70.7941,102.69,0
Camo 录像 2026-01-27 04-28-46,97,3.2333333333333334,63.59748,70.91521,102.68,0
Camo 录像 2026-01-27 04-28-46,98,3.2666666666666666,63.650955,71.065735,101.61000000000001,0
Camo 录像 2026-01-27 04-28-46,99,3.3,63.693016,71.227905,100.98000000000002,0
Camo 录像 2026-01-27 04-28-46,100,3.3333333333333335,63.69332,71.228226,100.98000000000002,0
Camo 录像 2026-01-27 04-28-46,101,3.3666666666666667,63.70237,71.56053,98.82999999999998,0
Camo 录像 2026-01-27 04-28-46,102,3.4,63.67608,71.71156,97.87,0
Camo 录像 2026-01-27 04-28-46,103,3.433333333333333,63.66375,71.90112,96.64999999999998,0
Camo 录像 2026-01-27 04-28-46,104,3.466666666666667,63.573753,72.07097,95.81,0
Camo 录像 2026-01-27 04-28-46,105,3.5,63.493645,72.256,94.25,0
Camo 录像 2026-01-27 04-28-46,106,3.533333333333333,63.375748,72.45125,92.70999999999998,0
Camo 录像 2026-01-27 04-28-46,107,3.566666666666667,63.237602,72.63875,91.35000000000002,0
Camo 录像 2026-01-27 04-28-46,108,3.6,63.115364,72.86438,89.75,0
Camo 录像 2026-01-27 04-28-46,109,3.6333333333333333,62.95803,73.06871,88.28999999999996,0
Camo 录像 2026-01-27 04-28-46,110,3.6666666666666665,62.818665,73.28334,87.00999999999999,0
Camo 录像 2026-01-27 04-28-46,111,3.7,62.65654,73.44945,86.07,0
Camo 录像 2026-01-27 04-28-46,112,3.7333333333333334,62.50791,73.63109,84.30000000000001,0
Camo 录像 2026-01-27 04-28-46,113,3.7666666666666666,62.37605,73.84674,83.69,0
Camo 录像 2026-01-27 04-28-46,114,3.8,62.21369,74.016266,82.37,0
Camo 录像 2026-01-27 04-28-46,115,3.8333333333333335,62.05164,74.20105,81.44999999999999,0
Camo 录像 2026-01-27 04-28-46,116,3.8666666666666667,61.928055,74.44002,80.07999999999998,0
Camo 录像 2026-01-27 04-28-46,117,3.9,61.763744,74.59354,79.18,0
Camo 录像 2026-01-27 04-28-46,118,3.933333333333333,61.604404,74.80159,78.52999999999997,0
Camo 录像 2026-01-27 04-28-46,119,3.966666666666667,61.485382,74.99191,78.25,0
Camo 录像 2026-01-27 04-29-27,0,0.0,61.0,61.0,90.0,0
Camo 录像 2026-01-27 04-29-27,1,0.03333333333333333,61.00191,61.006405,89.98000000000002,0
Camo 录像 2026-01-27 04-29-27,2,0.06666666666666667,61.006203,61.02509,89.94,0
Camo 录像 2026-01-27 04-29-27,3,0.1,61.012226,61.032154,89.94,0
Camo 录像 2026-01-27 04-29-27,4,0.13333333333333333,61.015488,61.036823,89.85000000000002,0
Camo 录像 2026-01-27 04-29-27,5,0.16666666666666666,61.022038,61.04204,89.67000000000002,0
Camo 录像 2026-01-27 04-29-27,6,0.2,61.018604,61.047153,89.58999999999997,0
Camo 录像 2026-01-27 04-29-27,7,0.23333333333333334,61.008766,61.055084,89.5,0
Camo 录像 2026-01-27 04-29-27,8,0.26666666666666666,60.982773,61.06213,89.32,0
Camo 录像 2026-01-27 04-29-27,9,0.3,60.950348,61.090218,89.60000000000002,0
Camo 录像 2026-01-27 04-29-27,10,0.3333333333333333,60.90922,61.082893,89.15999999999997,0
Camo 录像 2026-01-27 04-29-27,11,0.36666666666666664,60.853497,61.087055,89.25,0
Camo 录像 2026-01-27 04-29-27,12,0.4,60.803886,61.114143,89.70999999999998,0
Camo 录像 2026-01-27 04-29-27,13,0.43333333333333335,60.740746,61.104427,89.55000000000001,0
Camo 录像 2026-01-27 04-29-27,14,0.4666666666666667,60.679314,61.12923,89.37,0
Camo 录像 2026-01-27 04-29-27,15,0.5,60.66355,61.102394,90.13,0
Camo 录像 2026-01-27 04-29-27,16,0.5333333333333333,60.63539,61.109825,90.30000000000001,0
Camo 录像 2026-01-27 04-29-27,17,0.5666666666666667,60.668015,61.09729,91.56,0
Camo 录像 2026-01-27 04-29-27,18,0.6,60.707012,61.085644,92.19999999999999,0
Camo 录像 2026-01-27 04-29-27,19,0.6333333333333333,60.78565,61.073376,93.28999999999996,0
Camo 录像 2026-01-27 04-29-27,20,0.6666666666666666,60.86276,61.087357,94.12,0
Camo 录像 2026-01-27 04-29-27,21,0.7,60.95609,61.12241,95.14999999999998,0
Camo 录像 2026-01-27 04-29-27,22,0.7333333333333333,61.064373,61.18234,95.40999999999997,0
Camo 录像 2026-01-27 04-29-27,23,0.7666666666666667,61.25526,61.208622,96.99000000000001,0
Camo 录像 2026-01-27 04-29-27,24,0.8,61.46691,61.268692,98.38,0
Camo 录像 2026-01-27 04-29-27,25,0.8333333333333334,61.704216,61.341393,99.67000000000002,0
Camo 录像 2026-01-27 04-29-27,26,0.8666666666666667,61.957317,61.42342,100.85000000000002,0
Camo 录像 2026-01-27 04-29-27,27,0.9,62.188572,61.52284,101.72000000000003,0
Camo 录像 2026-01-27 04-29-27,28,0.9333333333333333,62.44589,61.592556,103.03999999999996,0
Camo 录像 2026-01-27 04-29-27,29,0.9666666666666667,62.684772,61.677948,103.98000000000002,0
Camo 录像 2026-01-27 04-29-27,30,1.0,62.885674,61.777573,104.74000000000001,0
Camo 录像 2026-01-27 04-29-27,31,1.0333333333333334,63.075138,61.878525,105.18,0
Camo 录像 2026-01-27 04-29-27,32,1.0666666666666667,63.219105,61.97777,104.97000000000003,0
Camo 录像 2026-01-27 04-29-27,33,1.1,63.35455,62.074146,104.87,0
Camo 录像 2026-01-27 04-29-27,34,1.1333333333333333,63.48574,62.16142,104.76999999999998,0
Camo 录像 2026-01-27 04-29-27,35,1.1666666666666667,63.612457,62.25503,104.85000000000002,0
Camo 录像 2026-01-27 04-29-27,36,1.2,63.69872,62.33226,104.55000000000001,0
Camo 录像 2026-01-27 04-29-27,37,1.2333333333333334,63.78521,62.421337,104.13999999999999,0
Camo 录像 2026-01-27 04-29-27,38,1.2666666666666666,63.817505,62.515213,103.44999999999999,0
Camo 录像 2026-01-27 04-29-27,39,1.3,63.81196,62.63074,102.44999999999999,0
Camo 录像 2026-01-27 04-29-27,40,1.3333333333333333,63.778404,62.746082,101.32999999999998,0
Camo 录像 2026-01-27 04-29-27,41,1.3666666666666667,63.710297,62.884037,100.12,0
Camo 录像 2026-01-27 04-29-27,42,1.4,63.627716,63.015255,98.63999999999999,0
Camo 录像 2026-01-27 04-29-27,43,1.4333333333333333,63.508865,63.163918,97.5,0
Camo 录像 2026-01-27 04-29-27,44,1.4666666666666666,63.399117,63.321537,96.13999999999999,0
Camo 录像 2026-01-27 04-29-27,45,1.5,63.26031,63.481018,94.50999999999999,0
Camo 录像 2026-01-27 04-29-27,46,1.5333333333333334,63.078705,63.64964,93.15999999999997,0
Camo 录像 2026-01-27 04-29-27,47,1.5666666666666667,62.92883,63.80211,91.47000000000003,0
Camo 录像 2026-01-27 04-29-27,48,1.6,62.72684,63.9834,90.44999999999999,0
Camo 录像 2026-01-27 04-29-27,49,1.6333333333333333,62.57749,64.11867,88.70999999999998,0
Camo 录像 2026-01-27 04-29-27,50,1.6666666666666667,62.418186,64.264145,87.07999999999998,0
Camo 录像 2026-01-27 04-29-27,51,1.7,62.26564,64.41432,85.88,0
Camo 录像 2026-01-27 04-29-27,52,1.7333333333333334,62.113213,64.56193,84.86000000000001,0
Camo 录像 2026-01-27 04-29-27,53,1.7666666666666666,61.997726,64.6989,83.63999999999999,0
Camo 录像 2026-01-27 04-29-27,54,1.8,61.880493,64.83472,82.88999999999999,0
Camo 录像 2026-01-27 04-29-27,55,1.8333333333333333,61.75953,64.97431,81.78999999999996,0
Camo 录像 2026-01-27 04-29-27,56,1.8666666666666667,61.667522,65.09628,80.82999999999998,0
Camo 录像 2026-01-27 04-29-27,57,1.9,61.567284,65.21734,80.18,0
Camo 录像 2026-01-27 04-29-27,58,1.9333333333333333,61.491978,65.3367,79.42000000000002,0
Camo 录像 2026-01-27 04-29-27,59,1.9666666666666666,61.402122,65.45952,79.27999999999997,0
Camo 录像 2026-01-27 04-29-27,60,2.0,61.331184,65.572334,79.28999999999996,0
Camo 录像 2026-01-27 04-29-27,61,2.033333333333333,61.26147,65.672806,79.24000000000001,0
Camo 录像 2026-01-27 04-29-27,62,2.066666666666667,61.198074,65.7823,79.60000000000002,0
Camo 录像 2026-01-27 04-29-27,63,2.1,61.120667,65.89247,79.45999999999998,0
Camo 录像 2026-01-27 04-29-27,64,2.1333333333333333,61.053814,65.995445,79.92000000000002,0
Camo 录像 2026-01-27 04-29-27,65,2.1666666666666665,60.9638,66.09694,80.06,0
Camo 录像 2026-01-27 04-29-27,66,2.2,60.88581,66.187325,80.36000000000001,0
Camo 录像 2026-01-27 04-29-27,67,2.2333333333333334,60.83579,66.2982,81.11000000000001,0
Camo 录像 2026-01-27 04-29-27,68,2.2666666666666666,60.786545,66.40074,81.82,0
Camo 录像 2026-01-27 04-29-27,69,2.3,60.7779,66.51443,82.82,0
Camo 录像 2026-01-27 04-29-27,70,2.3333333333333335,60.78148,66.63278,83.94,0
Camo 录像 2026-01-27 04-29-27,71,2.3666666666666667,60.775772,66.75289,84.62,0
Camo 录像 2026-01-27 04-29-27,72,2.4,60.782864,66.86942,85.55000000000001,0
Camo 录像 2026-01-27 04-29-27,73,2.433333333333333,60.815594,67.001076,86.75999999999999,0
Camo 录像 2026-01-27 04-29-27,74,2.466666666666667,60.8957,67.13281,88.27999999999997,0
Camo 录像 2026-01-27 04-29-27,75,2.5,61.02007,67.281815,89.5,0
Camo 录像 2026-01-27 04-29-27,76,2.533333333333333,61.14281,67.4139,91.30000000000001,0
Camo 录像 2026-01-27 04-29-27,77,2.566666666666667,61.330307,67.57945,92.52999999999997,0
Camo 录像 2026-01-27 04-29-27,78,2.6,61.512733,67.73434,94.18,0
Camo 录像 2026-01-27 04-29-27,79,2.6333333333333333,61.696854,67.8977,95.47000000000003,0
Camo 录像 2026-01-27 04-29-27,80,2.6666666666666665,61.87493,68.0578,97.01999999999998,0
Camo 录像 2026-01-27 04-29-27,81,2.7,62.059155,68.22303,98.15999999999997,0
Camo 录像 2026-01-27 04-29-27,82,2.7333333333333334,62.225437,68.37694,99.23000000000002,0
Camo 录像 2026-01-27 04-29-27,83,2.7666666666666666,62.384743,68.52809,100.11000000000001,0
Camo 录像 2026-01-27 04-29-27,84,2.8,62.550484,68.716545,101.25,0
Camo 录像 2026-01-27 04-29-27,85,2.8333333333333335,62.731266,68.87577,102.15999999999997,0
Camo 录像 2026-01-27 04-29-27,86,2.8666666666666667,62.901375,69.03087,103.5,0
Camo 录像 2026-01-27 04-29-27,87,2.9,63.082317,69.18403,104.24000000000001,0
Camo 录像 2026-01-27 04-29-27,88,2.933333333333333,63.265766,69.33268,104.94,0
Camo 录像 2026-01-27 04-29-27,89,2.966666666666667,63.439335,69.466286,105.44,0
Camo 录像 2026-01-27 04-29-27,90,3.0,63.602856,69.608955,105.72000000000003,0
Camo 录像 2026-01-27 04-29-27,91,3.033333333333333,63.75782,69.76722,105.70999999999998,0
Camo 录像 2026-01-27 04-29-27,92,3.066666666666667,63.88583,69.90602,105.45999999999998,0
Camo 录像 2026-01-27 04-29-27,93,3.1,63.99946,70.05437,105.51999999999998,0
Camo 录像 2026-01-27 04-29-27,94,3.1333333333333333,64.10362,70.21458,104.97000000000003,0
Camo 录像 2026-01-27 04-29-27,95,3.1666666666666665,64.1884,70.34984,104.64999999999998,0
Camo 录像 2026-01-27 04-29-27,96,3.2,64.27418,70.50398,104.42000000000002,0
Camo 录像 2026-01-27 04-29-27,97,3.2333333333333334,64.33566,70.655396,103.92000000000002,0
Camo 录像 2026-01-27 04-29-27,98,3.2666666666666666,64.38089,70.81819,102.76999999999998,0
Camo 录像 2026-01-27 04-29-27,99,3.3,64.40048,70.978035,101.94999999999999,0
Camo 录像 2026-01-27 04-29-27,100,3.3333333333333335,64.436646,71.17034,100.75999999999999,0
Camo 录像 2026-01-27 04-29-27,101,3.3666666666666667,64.43932,71.31898,99.98000000000002,0
Camo 录像 2026-01-27 04-29-27,102,3.4,64.444016,71.48755,98.90999999999997,0
Camo 录像 2026-01-27 04-29-27,103,3.433333333333333,64.43248,71.6512,97.69999999999999,0
Camo 录像 2026-01-27 04-29-27,104,3.466666666666667,64.37483,71.835205,96.82,0
Camo 录像 2026-01-27 04-29-27,105,3.5,64.31323,72.05475,95.45999999999998,0
Camo 录像 2026-01-27 04-29-27,106,3.533333333333333,64.19426,72.24089,94.0,0
Camo 录像 2026-01-27 04-29-27,107,3.566666666666667,64.07544,72.46478,92.42000000000002,0
Camo 录像 2026-01-27 04-29-27,108,3.6,63.922726,72.65727,90.27999999999997,0
Camo 录像 2026-01-27 04-29-27,109,3.6333333333333333,63.79273,72.88704,89.43,0
Camo 录像 2026-01-27 04-29-27,110,3.6666666666666665,63.615856,73.05659,88.14999999999998,0
Camo 录像 2026-01-27 04-29-27,111,3.7,63.49883,73.316414,86.95999999999998,0
Camo 录像 2026-01-27 04-29-27,112,3.7333333333333334,63.34947,73.50019,85.75,0
Camo 录像 2026-01-27 04-29-27,113,3.7666666666666666,63.214813,73.74602,84.73000000000002,0
Camo 录像 2026-01-27 04-29-27,114,3.8,63.048206,73.919395,83.57,0
Camo 录像 2026-01-27 04-29-27,115,3.8333333333333335,62.908394,74.164764,82.75999999999999,0
Camo 录像 2026-01-27 04-29-27,116,3.8666666666666667,62.74763,74.38588,81.85000000000002,0
Camo 录像 2026-01-27 04-29-27,117,3.9,62.568565,74.54253,81.0,0
Camo 录像 2026-01-27 04-29-27,118,3.933333333333333,62.420628,74.755424,80.68,0
Camo 录像 2026-01-27 04-29-27,119,3.966666666666667,62.281624,74.91488,80.63999999999999,0
Camo 录像 2026-01-27 04-30-45,0,0.0,61.0,61.0,90.0,0
Camo 录像 2026-01-27 04-30-45,1,0.03333333333333333,61.00408,61.020336,90.0,0
Camo 录像 2026-01-27 04-30-45,2,0.06666666666666667,61.016426,61.036842,90.00999999999999,0
Camo 录像 2026-01-27 04-30-45,3,0.1,61.02321,61.054527,89.87,0
Camo 录像 2026-01-27 04-30-45,4,0.13333333333333333,61.02899,61.081062,89.75999999999999,0
Camo 录像 2026-01-27 04-30-45,5,0.16666666666666666,61.00453,61.119133,89.57,0
Camo 录像 2026-01-27 04-30-45,6,0.2,61.001747,61.14939,89.49000000000001,0
Camo 录像 2026-01-27 04-30-45,7,0.23333333333333334,60.99952,61.173267,89.62,0
Camo 录像 2026-01-27 04-30-45,8,0.26666666666666666,60.97226,61.213985,89.35000000000002,0
Camo 录像 2026-01-27 04-30-45,9,0.3,60.931618,61.23849,89.32,0
Camo 录像 2026-01-27 04-30-45,10,0.3333333333333333,60.877827,61.273064,88.78999999999996,0
Camo 录像 2026-01-27 04-30-45,11,0.36666666666666664,60.8209,61.28504,88.55000000000001,0
Camo 录像 2026-01-27 04-30-45,12,0.4,60.747528,61.32188,88.64999999999998,0
Camo 录像 2026-01-27 04-30-45,13,0.43333333333333335,60.701664,61.327377,88.75999999999999,0
Camo 录像 2026-01-27 04-30-45,14,0.4666666666666667,60.634598,61.346153,89.02999999999997,0
Camo 录像 2026-01-27 04-30-45,15,0.5,60.573277,61.368282,89.20999999999998,0
Camo 录像 2026-01-27 04-30-45,16,0.5333333333333333,60.53132,61.374752,89.68,0
Camo 录像 2026-01-27 04-30-45,17,0.5666666666666667,60.50777,61.384705,90.23000000000002,0
Camo 录像 2026-01-27 04-30-45,18,0.6,60.487297,61.411175,90.85000000000002,0
Camo 录像 2026-01-27 04-30-45,19,0.6333333333333333,60.534492,61.406616,91.93,0
Camo 录像 2026-01-27 04-30-45,20,0.6666666666666666,60.594315,61.42269,92.90999999999997,0
Camo 录像 2026-01-27 04-30-45,21,0.7,60.640453,61.466644,93.77999999999997,0
Camo 录像 2026-01-27 04-30-45,22,0.7333333333333333,60.744297,61.50522,94.28999999999996,0
Camo 录像 2026-01-27 04-30-45,23,0.7666666666666667,60.908474,61.560287,95.63,0
Camo 录像 2026-01-27 04-30-45,24,0.8,61.122902,61.631645,96.75999999999999,0
Camo 录像 2026-01-27 04-30-45,25,0.8333333333333334,61.35173,61.72087,98.15999999999997,0
Camo 录像 2026-01-27 04-30-45,26,0.8666666666666667,61.601547,61.814335,99.57999999999998,0
Camo 录像 2026-01-27 04-30-45,27,0.9,61.81382,61.916477,101.01999999999998,0
Camo 录像 2026-01-27 04-30-45,28,0.9333333333333333,62.07746,62.008335,101.93,0
Camo 录像 2026-01-27 04-30-45,29,0.9666666666666667,62.36087,62.0867,102.69999999999999,0
Camo 录像 2026-01-27 04-30-45,30,1.0,62.567055,62.17828,103.70999999999998,0
Camo 录像 2026-01-27 04-30-45,31,1.0333333333333334,62.74771,62.282677,103.78999999999996,0
Camo 录像 2026-01-27 04-30-45,32,1.0666666666666667,62.920326,62.374733,103.93,0
Camo 录像 2026-01-27 04-30-45,33,1.1,63.093063,62.463287,104.14999999999998,0
Camo 录像 2026-01-27 04-30-45,34,1.1333333333333333,63.25387,62.551723,104.03999999999996,0
Camo 录像 2026-01-27 04-30-45,35,1.1666666666666667,63.38526,62.64686,103.90999999999997,0
Camo 录像 2026-01-27 04-30-45,36,1.2,63.54766,62.728718,103.82999999999998,0
Camo 录像 2026-01-27 04-30-45,37,1.2333333333333334,63.646088,62.825882,103.38999999999999,0
Camo 录像 2026-01-27 04-30-45,38,1.2666666666666666,63.739197,62.918873,102.78999999999996,0
Camo 录像 2026-01-27 04-30-45,39,1.3,63.7778,63.04365,102.25999999999999,0
Camo 录像 2026-01-27 04-30-45,40,1.3333333333333333,63.80327,63.177364,101.14999999999998,0
Camo 录像 2026-01-27 04-30-45,41,1.3666666666666667,63.72013,63.31572,100.19,0
Camo 录像 2026-01-27 04-30-45,42,1.4,63.700073,63.46339,98.39999999999998,0
Camo 录像 2026-01-27 04-30-45,43,1.4333333333333333,63.608414,63.61207,97.15999999999997,0
Camo 录像 2026-01-27 04-30-45,44,1.4666666666666666,63.500496,63.773766,95.65999999999997,0
Camo 录像 2026-01-27 04-30-45,45,1.5,63.35997,63.92833,94.25999999999999,0
Camo 录像 2026-01-27 04-30-45,46,1.5333333333333334,63.210037,64.08753,92.74000000000001,0
Camo 录像 2026-01-27 04-30-45,47,1.5666666666666667,63.042503,64.26016,91.12,0
Camo 录像 2026-01-27 04-30-45,48,1.6,62.85054,64.419235,89.47000000000003,0
Camo 录像 2026-01-27 04-30-45,49,1.6333333333333333,62.633698,64.58558,88.51999999999998,0
Camo 录像 2026-01-27 04-30-45,50,1.6666666666666667,62.483215,64.74942,87.12,0
Camo 录像 2026-01-27 04-30-45,51,1.7,62.303,64.90626,85.31,0
Camo 录像 2026-01-27 04-30-45,52,1.7333333333333334,62.162643,65.06496,84.45999999999998,0
Camo 录像 2026-01-27 04-30-45,53,1.7666666666666666,62.00824,65.2132,83.25,0
Camo 录像 2026-01-27 04-30-45,54,1.8,61.86477,65.35981,82.07999999999998,0
Camo 录像 2026-01-27 04-30-45,55,1.8333333333333333,61.726486,65.50039,81.12,0
Camo 录像 2026-01-27 04-30-45,56,1.8666666666666667,61.582954,65.62546,80.10000000000002,0
Camo 录像 2026-01-27 04-30-45,57,1.9,61.423172,65.746445,79.36000000000001,0
Camo 录像 2026-01-27 04-30-45,58,1.9333333333333333,61.30033,65.85781,78.22000000000003,0
Camo 录像 2026-01-27 04-30-45,59,1.9666666666666666,61.19912,65.98498,77.82,0
Camo 录像 2026-01-27 04-30-45,60,2.0,61.082916,66.08972,77.95999999999998,0
Camo 录像 2026-01-27 04-30-45,61,2.033333333333333,61.026474,66.20715,77.73000000000002,0
Camo 录像 2026-01-27 04-30-45,62,2.066666666666667,60.93651,66.30197,78.12,0
Camo 录像 2026-01-27 04-30-45,63,2.1,60.912605,66.42109,77.89999999999998,0
Camo 录像 2026-01-27 04-30-45,64,2.1333333333333333,60.861717,66.53972,78.19999999999999,0
Camo 录像 2026-01-27 04-30-45,65,2.1666666666666665,60.769714,66.63019,78.53999999999996,0
Camo 录像 2026-01-27 04-30-45,66,2.2,60.743984,66.74558,78.85000000000002,0
Camo 录像 2026-01-27 04-30-45,67,2.2333333333333334,60.716896,66.86333,79.27999999999997,0
Camo 录像 2026-01-27 04-30-45,68,2.2666666666666666,60.681217,66.98697,80.06,0
Camo 录像 2026-01-27 04-30-45,69,2.3,60.641846,67.107895,80.82999999999998,0
Camo 录像 2026-01-27 04-30-45,70,2.3333333333333335,60.62807,67.22228,81.63,0
Camo 录像 2026-01-27 04-30-45,71,2.3666666666666667,60.591873,67.346436,83.17000000000002,0
Camo 录像 2026-01-27 04-30-45,72,2.4,60.607616,67.48207,83.40999999999997,0
Camo 录像 2026-01-27 04-30-45,73,2.433333333333333,60.62591,67.62113,84.50999999999999,0
Camo 录像 2026-01-27 04-30-45,74,2.466666666666667,60.64051,67.74387,85.44999999999999,0
Camo 录像 2026-01-27 04-30-45,75,2.5,60.759773,67.92618,87.09000000000003,0
Camo 录像 2026-01-27 04-30-45,76,2.533333333333333,60.87469,68.08246,88.75,0
Camo 录像 2026-01-27 04-30-45,77,2.566666666666667,61.006844,68.234184,90.38,0
Camo 录像 2026-01-27 04-30-45,78,2.6,61.172142,68.40668,91.82999999999998,0
Camo 录像 2026-01-27 04-30-45,79,2.6333333333333333,61.346222,68.575455,92.82,0
Camo 录像 2026-01-27 04-30-45,80,2.6666666666666665,61.5335,68.7584,94.35000000000002,0
Camo 录像 2026-01-27 04-30-45,81,2.7,61.71048,68.92598,95.87,0
Camo 录像 2026-01-27 04-30-45,82,2.7333333333333334,61.870316,69.08679,96.59000000000003,0
Camo 录像 2026-01-27 04-30-45,83,2.7666666666666666,62.06859,69.276985,98.19,0
Camo 录像 2026-01-27 04-30-45,84,2.8,62.201004,69.42493,99.69,0
Camo 录像 2026-01-27 04-30-45,85,2.8333333333333335,62.371048,69.58637,99.90999999999997,0
Camo 录像 2026-01-27 04-30-45,86,2.8666666666666667,62.564583,69.77798,101.32999999999998,0
Camo 录像 2026-01-27 04-30-45,87,2.9,62.73661,69.92233,102.12,0
Camo 录像 2026-01-27 04-30-45,88,2.933333333333333,62.947426,70.10578,102.82999999999998,0
Camo 录像 2026-01-27 04-30-45,89,2.966666666666667,63.129745,70.26861,103.26999999999998,0
Camo 录像 2026-01-27 04-30-45,90,3.0,63.251793,70.38398,103.34000000000003,0
Camo 录像 2026-01-27 04-30-45,91,3.033333333333333,63.424927,70.54971,103.94,0
Camo 录像 2026-01-27 04-30-45,92,3.066666666666667,63.525,70.669495,103.44999999999999,0
Camo 录像 2026-01-27 04-30-45,93,3.1,63.719566,70.867645,103.51999999999998,0
Camo 录像 2026-01-27 04-30-45,94,3.1333333333333333,63.83893,71.01663,103.49000000000001,0
Camo 录像 2026-01-27 04-30-45,95,3.1666666666666665,63.941086,71.165634,103.09000000000003,0
Camo 录像 2026-01-27 04-30-45,96,3.2,64.0592,71.333176,102.88,0
Camo 录像 2026-01-27 04-30-45,97,3.2333333333333334,64.136635,71.480484,102.43,0
Camo 录像 2026-01-27 04-30-45,98,3.2666666666666666,64.18854,71.638664,101.77999999999997,0
Camo 录像 2026-01-27 04-30-45,99,3.3,64.20101,71.80664,100.94999999999999,0
Camo 录像 2026-01-27 04-30-45,100,3.3333333333333335,64.202995,71.97121,100.07,0
Camo 录像 2026-01-27 04-30-45,101,3.3666666666666667,64.2043,72.14494,98.82,0
Camo 录像 2026-01-27 04-30-45,102,3.4,64.16783,72.31024,97.75999999999999,0
Camo 录像 2026-01-27 04-30-45,103,3.433333333333333,64.10415,72.44564,96.74000000000001,0
Camo 录像 2026-01-27 04-30-45,104,3.466666666666667,64.07011,72.69485,95.85000000000002,0
Camo 录像 2026-01-27 04-30-45,105,3.5,63.991776,72.8923,94.22000000000003,0
Camo 录像 2026-01-27 04-30-45,106,3.533333333333333,63.862923,73.09212,92.50999999999999,0
Camo 录像 2026-01-27 04-30-45,107,3.566666666666667,63.75493,73.347565,91.69,0
Camo 录像 2026-01-27 04-30-45,108,3.6,63.623665,73.5842,90.10000000000002,0
Camo 录像 2026-01-27 04-30-45,109,3.6333333333333333,63.47017,73.799446,87.94,0
Camo 录像 2026-01-27 04-30-45,110,3.6666666666666665,63.312668,74.01207,87.15999999999997,0
Camo 录像 2026-01-27 04-30-45,111,3.7,63.189926,74.252106,85.49000000000001,0
Camo 录像 2026-01-27 04-30-45,112,3.7333333333333334,63.058487,74.4514,84.61000000000001,0
Camo 录像 2026-01-27 04-30-45,113,3.7666666666666666,62.917526,74.65648,83.07999999999998,0
Camo 录像 2026-01-27 04-30-45,114,3.8,62.771866,74.824974,82.68,0
Camo 录像 2026-01-27 04-30-45,115,3.8333333333333335,62.67128,75.063416,81.0,0
Camo 录像 2026-01-27 04-30-45,116,3.8666666666666667,62.523575,75.24356,80.09000000000003,0
Camo 录像 2026-01-27 04-30-45,117,3.9,62.360954,75.373695,79.11000000000001,0
Camo 录像 2026-01-27 04-30-45,118,3.933333333333333,62.23703,75.58816,78.94999999999999,0
Camo 录像 2026-01-27 04-30-45,119,3.966666666666667,62.094,75.74607,78.88,0
Camo 录像 2026-01-27 04-32-02,0,0.0,61.0,61.0,90.0,0
Camo 录像 2026-01-27 04-32-02,1,0.03333333333333333,61.030354,61.003094,90.06,0
Camo 录像 2026-01-27 04-32-02,2,0.06666666666666667,61.04902,61.01379,89.92000000000002,0
Camo 录像 2026-01-27 04-32-02,3,0.1,61.08509,61.00881,89.80000000000001,0
Camo 录像 2026-01-27 04-32-02,4,0.13333333333333333,61.076836,61.02623,89.55000000000001,0
Camo 录像 2026-01-27 04-32-02,5,0.16666666666666666,61.095154,61.012722,89.51999999999998,0
Camo 录像 2026-01-27 04-32-02,6,0.2,61.044796,61.04382,88.96000000000004,0
Camo 录像 2026-01-27 04-32-02,7,0.23333333333333334,61.029064,61.040672,89.19999999999999,0
Camo 录像 2026-01-27 04-32-02,8,0.26666666666666666,60.979153,61.051384,88.99000000000001,0
Camo 录像 2026-01-27 04-32-02,9,0.3,60.893692,61.066257,88.62,0
Camo 录像 2026-01-27 04-32-02,10,0.3333333333333333,60.82275,61.065937,88.44,0
Camo 录像 2026-01-27 04-32-02,11,0.36666666666666664,60.756935,61.054546,88.36000000000001,0
Camo 录像 2026-01-27 04-32-02,12,0.4,60.662674,61.06171,88.07999999999998,0
Camo 录像 2026-01-27 04-32-02,13,0.43333333333333335,60.59333,61.053886,88.41000000000003,0
Camo 录像 2026-01-27 04-32-02,14,0.4666666666666667,60.525948,61.0605,88.48000000000002,0
Camo 录像 2026-01-27 04-32-02,15,0.5,60.503727,61.043076,89.05000000000001,0
Camo 录像 2026-01-27 04-32-02,16,0.5333333333333333,60.461296,61.04449,89.52999999999997,0
Camo 录像 2026-01-27 04-32-02,17,0.5666666666666667,60.449554,61.05982,90.52999999999997,0
Camo 录像 2026-01-27 04-32-02,18,0.6,60.44861,61.062176,90.88999999999999,0
Camo 录像 2026-01-27 04-32-02,19,0.6333333333333333,60.500805,61.048607,92.05000000000001,0
Camo 录像 2026-01-27 04-32-02,20,0.6666666666666666,60.514168,61.080875,92.51999999999998,0
Camo 录像 2026-01-27 04-32-02,21,0.7,60.59826,61.084938,93.69999999999999,0
Camo 录像 2026-01-27 04-32-02,22,0.7333333333333333,60.711185,61.118034,94.69999999999999,0
Camo 录像 2026-01-27 04-32-02,23,0.7666666666666667,60.879795,61.1688,95.88999999999999,0
Camo 录像 2026-01-27 04-32-02,24,0.8,61.0806,61.22433,97.41000000000003,0
Camo 录像 2026-01-27 04-32-02,25,0.8333333333333334,61.29744,61.2998,98.59000000000003,0
Camo 录像 2026-01-27 04-32-02,26,0.8666666666666667,61.536327,61.37396,100.05000000000001,0
Camo 录像 2026-01-27 04-32-02,27,0.9,61.77942,61.436726,100.98000000000002,0
Camo 录像 2026-01-27 04-32-02,28,0.9333333333333333,62.023857,61.514236,101.99000000000001,0
Camo 录像 2026-01-27 04-32-02,29,0.9666666666666667,62.234154,61.59995,103.07999999999998,0
Camo 录像 2026-01-27 04-32-02,30,1.0,62.45259,61.68585,103.71000000000004,0
Camo 录像 2026-01-27 04-32-02,31,1.0333333333333334,62.60212,61.78937,103.85000000000002,0
Camo 录像 2026-01-27 04-32-02,32,1.0666666666666667,62.815613,61.832375,104.10000000000002,0
Camo 录像 2026-01-27 04-32-02,33,1.1,62.948883,61.920177,104.10000000000002,0
Camo 录像 2026-01-27 04-32-02,34,1.1333333333333333,63.09784,62.00392,104.19999999999999,0
Camo 录像 2026-01-27 04-32-02,35,1.1666666666666667,63.202026,62.083805,104.05000000000001,0
Camo 录像 2026-01-27 04-32-02,36,1.2,63.31395,62.14698,103.60000000000002,0
Camo 录像 2026-01-27 04-32-02,37,1.2333333333333334,63.387993,62.22346,103.22000000000003,0
Camo 录像 2026-01-27 04-32-02,38,1.2666666666666666,63.40145,62.31817,102.5,0
Camo 录像 2026-01-27 04-32-02,39,1.3,63.430176,62.40943,101.76999999999998,0
Camo 录像 2026-01-27 04-32-02,40,1.3333333333333333,63.380035,62.52862,100.52999999999997,0
Camo 录像 2026-01-27 04-32-02,41,1.3666666666666667,63.297234,62.6484,99.30000000000001,0
Camo 录像 2026-01-27 04-32-02,42,1.4,63.219666,62.77204,98.16000000000003,0
Camo 录像 2026-01-27 04-32-02,43,1.4333333333333333,63.120056,62.895355,96.48000000000002,0
Camo 录像 2026-01-27 04-32-02,44,1.4666666666666666,63.014862,63.036232,95.29000000000002,0
Camo 录像 2026-01-27 04-32-02,45,1.5,62.916122,63.15204,93.51999999999998,0
Camo 录像 2026-01-27 04-32-02,46,1.5333333333333334,62.76776,63.295662,91.91000000000003,0
Camo 录像 2026-01-27 04-32-02,47,1.5666666666666667,62.630783,63.430336,90.42000000000002,0
Camo 录像 2026-01-27 04-32-02,48,1.6,62.46399,63.573257,89.21000000000004,0
Camo 录像 2026-01-27 04-32-02,49,1.6333333333333333,62.293922,63.71161,87.80000000000001,0
Camo 录像 2026-01-27 04-32-02,50,1.6666666666666667,62.139023,63.831985,86.25,0
Camo 录像 2026-01-27 04-32-02,51,1.7,61.959335,63.976013,85.06,0
Camo 录像 2026-01-27 04-32-02,52,1.7333333333333334,61.790314,64.112625,84.01999999999998,0
Camo 录像 2026-01-27 04-32-02,53,1.7666666666666666,61.638832,64.22933,82.69,0
Camo 录像 2026-01-27 04-32-02,54,1.8,61.51969,64.36029,81.73000000000002,0
Camo 录像 2026-01-27 04-32-02,55,1.8333333333333333,61.398647,64.4834,80.86000000000001,0
Camo 录像 2026-01-27 04-32-02,56,1.8666666666666667,61.26836,64.60228,79.63,0
Camo 录像 2026-01-27 04-32-02,57,1.9,61.172043,64.72389,79.01999999999998,0
Camo 录像 2026-01-27 04-32-02,58,1.9333333333333333,61.047607,64.84553,78.79000000000002,0
Camo 录像 2026-01-27 04-32-02,59,1.9666666666666666,60.975315,64.962555,77.93,0
Camo 录像 2026-01-27 04-32-02,60,2.0,60.887943,65.0856,77.84000000000003,0
Camo 录像 2026-01-27 04-32-02,61,2.033333333333333,60.796017,65.2119,78.10000000000002,0
Camo 录像 2026-01-27 04-32-02,62,2.066666666666667,60.71237,65.31706,78.04000000000002,0
Camo 录像 2026-01-27 04-32-02,63,2.1,60.646828,65.44086,78.17000000000002,0
Camo 录像 2026-01-27 04-32-02,64,2.1333333333333333,60.572247,65.54581,78.32999999999998,0
Camo 录像 2026-01-27 04-32-02,65,2.1666666666666665,60.50736,65.649414,78.61000000000001,0
Camo 录像 2026-01-27 04-32-02,66,2.2,60.50746,65.649414,78.62,0
Camo 录像 2026-01-27 04-32-02,67,2.2333333333333334,60.37925,65.85304,79.55000000000001,0
Camo 录像 2026-01-27 04-32-02,68,2.2666666666666666,60.36585,65.957504,80.14999999999998,0
Camo 录像 2026-01-27 04-32-02,69,2.3,60.357124,66.070465,81.10000000000002,0
Camo 录像 2026-01-27 04-32-02,70,2.3333333333333335,60.358025,66.191574,82.23000000000002,0
Camo 录像 2026-01-27 04-32-02,71,2.3666666666666667,60.359833,66.300934,83.19,0
Camo 录像 2026-01-27 04-32-02,72,2.4,60.404697,66.424255,84.07999999999998,0
Camo 录像 2026-01-27 04-32-02,73,2.433333333333333,60.430466,66.553665,85.17000000000002,0
Camo 录像 2026-01-27 04-32-02,74,2.466666666666667,60.51362,66.69531,86.44,0
Camo 录像 2026-01-27 04-32-02,75,2.5,60.615936,66.83687,88.18,0
Camo 录像 2026-01-27 04-32-02,76,2.533333333333333,60.725113,66.98447,89.5,0
Camo 录像 2026-01-27 04-32-02,77,2.566666666666667,60.873554,67.14435,91.31,0
Camo 录像 2026-01-27 04-32-02,78,2.6,61.01055,67.29184,92.61000000000001,0
Camo 录像 2026-01-27 04-32-02,79,2.6333333333333333,61.15589,67.45395,94.10000000000002,0
Camo 录像 2026-01-27 04-32-02,80,2.6666666666666665,61.346855,67.60419,95.32,0
Camo 录像 2026-01-27 04-32-02,81,2.7,61.466835,67.741,96.71000000000004,0
Camo 录像 2026-01-27 04-32-02,82,2.7333333333333334,61.664635,67.916046,97.94999999999999,0
Camo 录像 2026-01-27 04-32-02,83,2.7666666666666666,61.8414,68.06625,99.26999999999998,0
Camo 录像 2026-01-27 04-32-02,84,2.8,62.034073,68.22476,99.91000000000003,0
Camo 录像 2026-01-27 04-32-02,85,2.8333333333333335,62.22309,68.39139,100.97000000000003,0
Camo 录像 2026-01-27 04-32-02,86,2.8666666666666667,62.397545,68.53488,101.96000000000004,0
Camo 录像 2026-01-27 04-32-02,87,2.9,62.585808,68.67862,102.99000000000001,0
Camo 录像 2026-01-27 04-32-02,88,2.933333333333333,62.777977,68.838486,103.43,0
Camo 录像 2026-01-27 04-32-02,89,2.966666666666667,62.94451,68.98303,103.97000000000003,0
Camo 录像 2026-01-27 04-32-02,90,3.0,63.082382,69.12976,104.42000000000002,0
Camo 录像 2026-01-27 04-32-02,91,3.033333333333333,63.224022,69.283646,103.96000000000004,0
Camo 录像 2026-01-27 04-32-02,92,3.066666666666667,63.343193,69.42554,104.0,0
Camo 录像 2026-01-27 04-32-02,93,3.1,63.43055,69.57803,103.99000000000001,0
Camo 录像 2026-01-27 04-32-02,94,3.1333333333333333,63.5356,69.720505,103.68,0
Camo 录像 2026-01-27 04-32-02,95,3.1666666666666665,63.68644,69.8875,103.47000000000003,0
Camo 录像 2026-01-27 04-32-02,96,3.2,63.746643,70.01909,102.75999999999999,0
Camo 录像 2026-01-27 04-32-02,97,3.2333333333333334,63.842354,70.18787,102.54000000000002,0
Camo 录像 2026-01-27 04-32-02,98,3.2666666666666666,63.908043,70.346344,101.76999999999998,0
Camo 录像 2026-01-27 04-32-02,99,3.3,63.93164,70.49745,101.09000000000003,0
Camo 录像 2026-01-27 04-32-02,100,3.3333333333333335,63.93152,70.6373,99.67000000000002,0
Camo 录像 2026-01-27 04-32-02,101,3.3666666666666667,63.949768,70.80238,99.10000000000002,0
Camo 录像 2026-01-27 04-32-02,102,3.4,63.931923,70.95627,97.61000000000001,0
Camo 录像 2026-01-27 04-32-02,103,3.433333333333333,63.935394,71.14307,96.85000000000002,0
Camo 录像 2026-01-27 04-32-02,104,3.466666666666667,63.886574,71.33685,95.75999999999999,0
Camo 录像 2026-01-27 04-32-02,105,3.5,63.783432,71.517075,94.51999999999998,0
Camo 录像 2026-01-27 04-32-02,106,3.533333333333333,63.688942,71.72864,92.82,0
Camo 录像 2026-01-27 04-32-02,107,3.566666666666667,63.54113,71.91498,90.88,0
Camo 录像 2026-01-27 04-32-02,108,3.6,63.435463,72.14798,89.67000000000002,0
Camo 录像 2026-01-27 04-32-02,109,3.6333333333333333,63.303177,72.37009,88.34000000000003,0
Camo 录像 2026-01-27 04-32-02,110,3.6666666666666665,63.1706,72.57352,87.07,0
Camo 录像 2026-01-27 04-32-02,111,3.7,63.013916,72.76051,85.41000000000003,0
Camo 录像 2026-01-27 04-32-02,112,3.7333333333333334,62.862915,72.94519,84.96000000000004,0
Camo 录像 2026-01-27 04-32-02,113,3.7666666666666666,62.768227,73.167816,83.46000000000004,0
Camo 录像 2026-01-27 04-32-02,114,3.8,62.587196,73.32805,82.19999999999999,0
Camo 录像 2026-01-27 04-32-02,115,3.8333333333333335,62.46325,73.533554,81.56,0
Camo 录像 2026-01-27 04-32-02,116,3.8666666666666667,62.28739,73.69002,80.29000000000002,0
Camo 录像 2026-01-27 04-32-02,117,3.9,62.121536,73.846085,79.0,0
Camo 录像 2026-01-27 04-32-02,118,3.933333333333333,61.990158,74.05255,79.26999999999998,0
Camo 录像 2026-01-27 04-32-02,119,3.966666666666667,61.834946,74.21852,78.56,0
Camo 录像 2026-01-27 04-32-41,0,0.0,61.0,61.0,90.0,0
Camo 录像 2026-01-27 04-32-41,1,0.03333333333333333,60.972233,60.996315,90.19,0
Camo 录像 2026-01-27 04-32-41,2,0.06666666666666667,60.94629,60.996563,90.36000000000001,0
Camo 录像 2026-01-27 04-32-41,3,0.1,60.905254,61.00592,90.08999999999997,0
Camo 录像 2026-01-27 04-32-41,4,0.13333333333333333,60.87562,60.990067,90.14999999999998,0
Camo 录像 2026-01-27 04-32-41,5,0.16666666666666666,60.83597,60.99244,90.08999999999997,0
Camo 录像 2026-01-27 04-32-41,6,0.2,60.796856,60.992554,89.98000000000002,0
Camo 录像 2026-01-27 04-32-41,7,0.23333333333333334,60.75059,60.998974,89.87,0
Camo 录像 2026-01-27 04-32-41,8,0.26666666666666666,60.68324,61.003532,89.58999999999997,0
Camo 录像 2026-01-27 04-32-41,9,0.3,60.617138,60.991524,89.44,0
Camo 录像 2026-01-27 04-32-41,10,0.3333333333333333,60.53784,60.99658,89.25999999999999,0
Camo 录像 2026-01-27 04-32-41,11,0.36666666666666664,60.465294,60.979458,89.13999999999999,0
Camo 录像 2026-01-27 04-32-41,12,0.4,60.38333,60.969036,89.20999999999998,0
Camo 录像 2026-01-27 04-32-41,13,0.43333333333333335,60.313007,60.957706,89.31,0
Camo 录像 2026-01-27 04-32-41,14,0.4666666666666667,60.25155,60.94451,89.57999999999998,0
Camo 录像 2026-01-27 04-32-41,15,0.5,60.203335,60.935986,90.06,0
Camo 录像 2026-01-27 04-32-41,16,0.5333333333333333,60.16951,60.90207,90.26999999999998,0
Camo 录像 2026-01-27 04-32-41,17,0.5666666666666667,60.172314,60.898804,91.01999999999998,0
Camo 录像 2026-01-27 04-32-41,18,0.6,60.18492,60.905933,91.45999999999998,0
Camo 录像 2026-01-27 04-32-41,19,0.6333333333333333,60.228065,60.847275,92.75999999999999,0
Camo 录像 2026-01-27 04-32-41,20,0.6666666666666666,60.296204,60.819042,93.73000000000002,0
Camo 录像 2026-01-27 04-32-41,21,0.7,60.35706,60.830482,94.68,0
Camo 录像 2026-01-27 04-32-41,22,0.7333333333333333,60.430275,60.85461,95.05000000000001,0
Camo 录像 2026-01-27 04-32-41,23,0.7666666666666667,60.53831,60.917194,95.62,0
Camo 录像 2026-01-27 04-32-41,24,0.8,60.70359,60.9363,97.51999999999998,0
Camo 录像 2026-01-27 04-32-41,25,0.8333333333333334,60.875916,61.00634,98.23000000000002,0
Camo 录像 2026-01-27 04-32-41,26,0.8666666666666667,61.0822,61.09249,99.77999999999997,0
Camo 录像 2026-01-27 04-32-41,27,0.9,61.289066,61.21253,100.69,0
Camo 录像 2026-01-27 04-32-41,28,0.9333333333333333,61.522846,61.26941,101.94,0
Camo 录像 2026-01-27 04-32-41,29,0.9666666666666667,61.754097,61.364265,103.15999999999997,0
Camo 录像 2026-01-27 04-32-41,30,1.0,61.95993,61.472767,103.78999999999996,0
Camo 录像 2026-01-27 04-32-41,31,1.0333333333333334,62.187553,61.5438,104.25,0
Camo 录像 2026-01-27 04-32-41,32,1.0666666666666667,62.337402,61.636898,104.38999999999999,0
Camo 录像 2026-01-27 04-32-41,33,1.1,62.492313,61.698433,104.36000000000001,0
Camo 录像 2026-01-27 04-32-41,34,1.1333333333333333,62.612427,61.789783,104.39999999999998,0
Camo 录像 2026-01-27 04-32-41,35,1.1666666666666667,62.728863,61.84804,104.39999999999998,0
Camo 录像 2026-01-27 04-32-41,36,1.2,62.82051,61.931995,104.30000000000001,0
Camo 录像 2026-01-27 04-32-41,37,1.2333333333333334,62.874214,61.99558,103.73000000000002,0
Camo 录像 2026-01-27 04-32-41,38,1.2666666666666666,62.886387,62.06471,103.25999999999999,0
Camo 录像 2026-01-27 04-32-41,39,1.3,62.826252,62.196426,102.47000000000003,0
Camo 录像 2026-01-27 04-32-41,40,1.3333333333333333,62.751453,62.30534,101.19,0
Camo 录像 2026-01-27 04-32-41,41,1.3666666666666667,62.644005,62.40166,99.69999999999999,0
Camo 录像 2026-01-27 04-32-41,42,1.4,62.540936,62.489788,98.27999999999997,0
Camo 录像 2026-01-27 04-32-41,43,1.4333333333333333,62.401684,62.613487,96.72000000000003,0
Camo 录像 2026-01-27 04-32-41,44,1.4666666666666666,62.25315,62.72442,95.25,0
Camo 录像 2026-01-27 04-32-41,45,1.5,62.101692,62.841503,93.94999999999999,0
Camo 录像 2026-01-27 04-32-41,46,1.5333333333333334,61.93399,62.954815,92.44999999999999,0
Camo 录像 2026-01-27 04-32-41,47,1.5666666666666667,61.74086,63.096397,90.76999999999998,0
Camo 录像 2026-01-27 04-32-41,48,1.6,61.56225,63.20929,89.52999999999997,0
Camo 录像 2026-01-27 04-32-41,49,1.6333333333333333,61.37935,63.330994,87.82999999999998,0
Camo 录像 2026-01-27 04-32-41,50,1.6666666666666667,61.188633,63.45169,86.61000000000001,0
Camo 录像 2026-01-27 04-32-41,51,1.7,61.00737,63.56085,85.36000000000001,0
Camo 录像 2026-01-27 04-32-41,52,1.7333333333333334,60.814377,63.697285,84.06,0
Camo 录像 2026-01-27 04-32-41,53,1.7666666666666666,60.64277,63.794388,82.99000000000001,0
Camo 录像 2026-01-27 04-32-41,54,1.8,60.453968,63.906353,81.88999999999999,0
Camo 录像 2026-01-27 04-32-41,55,1.8333333333333333,60.276833,64.01339,80.97000000000003,0
Camo 录像 2026-01-27 04-32-41,56,1.8666666666666667,60.095486,64.11925,79.99000000000001,0
Camo 录像 2026-01-27 04-32-41,57,1.9,59.920242,64.23496,78.85000000000002,0
Camo 录像 2026-01-27 04-32-41,58,1.9333333333333333,59.761868,64.3388,78.24000000000001,0
Camo 录像 2026-01-27 04-32-41,59,1.9666666666666666,59.626034,64.44308,78.14999999999998,0
Camo 录像 2026-01-27 04-32-41,60,2.0,59.505566,64.557816,77.61000000000001,0
Camo 录像 2026-01-27 04-32-41,61,2.033333333333333,59.404057,64.656265,77.72000000000003,0
Camo 录像 2026-01-27 04-32-41,62,2.066666666666667,59.32695,64.75426,77.56,0
Camo 录像 2026-01-27 04-32-41,63,2.1,59.26175,64.8571,78.07999999999998,0
Camo 录像 2026-01-27 04-32-41,64,2.1333333333333333,59.19632,64.94914,78.03999999999996,0
Camo 录像 2026-01-27 04-32-41,65,2.1666666666666665,59.142487,65.05974,77.97000000000003,0
Camo 录像 2026-01-27 04-32-41,66,2.2,59.079933,65.1382,78.45999999999998,0
Camo 录像 2026-01-27 04-32-41,67,2.2333333333333334,59.019737,65.23256,78.88999999999999,0
Camo 录像 2026-01-27 04-32-41,68,2.2666666666666666,58.988213,65.33329,79.86000000000001,0
Camo 录像 2026-01-27 04-32-41,69,2.3,58.944977,65.43123,80.64999999999998,0
Camo 录像 2026-01-27 04-32-41,70,2.3333333333333335,58.924774,65.5465,81.69,0
Camo 录像 2026-01-27 04-32-41,71,2.3666666666666667,58.896034,65.660965,82.63999999999999,0
Camo 录像 2026-01-27 04-32-41,72,2.4,58.873985,65.775406,83.76999999999998,0
Camo 录像 2026-01-27 04-32-41,73,2.433333333333333,58.88196,65.92261,85.18,0
Camo 录像 2026-01-27 04-32-41,74,2.466666666666667,58.914482,66.05122,86.00999999999999,0
Camo 录像 2026-01-27 04-32-41,75,2.5,58.96892,66.194695,87.47000000000003,0
Camo 录像 2026-01-27 04-32-41,76,2.533333333333333,59.05947,66.34277,88.78999999999996,0
Camo 录像 2026-01-27 04-32-41,77,2.566666666666667,59.15075,66.50374,90.30000000000001,0
Camo 录像 2026-01-27 04-32-41,78,2.6,59.27536,66.66928,91.85000000000002,0
Camo 录像 2026-01-27 04-32-41,79,2.6333333333333333,59.400055,66.8236,93.20999999999998,0
Camo 录像 2026-01-27 04-32-41,80,2.6666666666666665,59.543053,66.98172,94.63999999999999,0
Camo 录像 2026-01-27 04-32-41,81,2.7,59.692905,67.14641,96.0,0
Camo 录像 2026-01-27 04-32-41,82,2.7333333333333334,59.860992,67.31047,97.28999999999996,0
Camo 录像 2026-01-27 04-32-41,83,2.7666666666666666,60.013306,67.47808,98.44999999999999,0
Camo 录像 2026-01-27 04-32-41,84,2.8,60.177643,67.649734,99.13999999999999,0
Camo 录像 2026-01-27 04-32-41,85,2.8333333333333335,60.354805,67.8137,100.32,0
Camo 录像 2026-01-27 04-32-41,86,2.8666666666666667,60.520164,67.97343,101.25999999999999,0
Camo 录像 2026-01-27 04-32-41,87,2.9,60.706646,68.132545,102.44999999999999,0
Camo 录像 2026-01-27 04-32-41,88,2.933333333333333,60.867527,68.286255,103.07999999999998,0
Camo 录像 2026-01-27 04-32-41,89,2.966666666666667,61.015003,68.44302,103.48000000000002,0
Camo 录像 2026-01-27 04-32-41,90,3.0,61.14863,68.60727,103.83999999999997,0
Camo 录像 2026-01-27 04-32-41,91,3.033333333333333,61.252625,68.75349,103.69,0
Camo 录像 2026-01-27 04-32-41,92,3.066666666666667,61.35607,68.90465,103.82,0
Camo 录像 2026-01-27 04-32-41,93,3.1,61.437424,69.063416,103.5,0
Camo 录像 2026-01-27 04-32-41,94,3.1333333333333333,61.522995,69.20914,103.43,0
Camo 录像 2026-01-27 04-32-41,95,3.1666666666666665,61.590664,69.3522,102.94999999999999,0
Camo 录像 2026-01-27 04-32-41,96,3.2,61.64493,69.48306,102.64999999999998,0
Camo 录像 2026-01-27 04-32-41,97,3.2333333333333334,61.712975,69.64624,102.19999999999999,0
Camo 录像 2026-01-27 04-32-41,98,3.2666666666666666,61.744442,69.79718,101.53999999999996,0
Camo 录像 2026-01-27 04-32-41,99,3.3,61.769356,69.95712,100.64999999999998,0
Camo 录像 2026-01-27 04-32-41,100,3.3333333333333335,61.767868,70.1072,99.38999999999999,0
Camo 录像 2026-01-27 04-32-41,101,3.3666666666666667,61.78793,70.26855,98.56,0
Camo 录像 2026-01-27 04-32-41,102,3.4,61.772724,70.42158,97.75,0
Camo 录像 2026-01-27 04-32-41,103,3.433333333333333,61.75893,70.57876,96.87,0
Camo 录像 2026-01-27 04-32-41,104,3.466666666666667,61.702858,70.74219,95.40999999999997,0
Camo 录像 2026-01-27 04-32-41,105,3.5,61.61863,70.896355,94.03999999999996,0
Camo 录像 2026-01-27 04-32-41,106,3.533333333333333,61.48494,71.06681,92.58999999999997,0
Camo 录像 2026-01-27 04-32-41,107,3.566666666666667,61.344864,71.25184,91.19999999999999,0
Camo 录像 2026-01-27 04-32-41,108,3.6,61.167778,71.4406,89.69,0
Camo 录像 2026-01-27 04-32-41,109,3.6333333333333333,60.984116,71.627335,88.07,0
Camo 录像 2026-01-27 04-32-41,110,3.6666666666666665,60.79874,71.80818,86.82999999999998,0
Camo 录像 2026-01-27 04-32-41,111,3.7,60.61135,72.01066,85.44,0
Camo 录像 2026-01-27 04-32-41,112,3.7333333333333334,60.42661,72.17461,84.38999999999999,0
Camo 录像 2026-01-27 04-32-41,113,3.7666666666666666,60.23959,72.35378,83.44,0
Camo 录像 2026-01-27 04-32-41,114,3.8,60.067913,72.547264,82.45999999999998,0
Camo 录像 2026-01-27 04-32-41,115,3.8333333333333335,59.905537,72.73692,81.19,0
Camo 录像 2026-01-27 04-32-41,116,3.8666666666666667,59.751347,72.905426,80.35000000000002,0
Camo 录像 2026-01-27 04-32-41,117,3.9,59.600273,73.06984,79.49000000000001,0
Camo 录像 2026-01-27 04-32-41,118,3.933333333333333,59.454613,73.22607,78.92000000000002,0
Camo 录像 2026-01-27 04-32-41,119,3.966666666666667,59.30846,73.37899,79.20999999999998,0
Camo 录像 2026-01-27 04-33-20,0,0.0,61.0,61.0,90.0,0
Camo 录像 2026-01-27 04-33-20,1,0.03333333333333333,60.97447,60.985527,89.98000000000002,0
Camo 录像 2026-01-27 04-33-20,2,0.06666666666666667,60.946686,60.983387,90.02999999999997,0
Camo 录像 2026-01-27 04-33-20,3,0.1,60.919563,60.9897,89.85000000000002,0
Camo 录像 2026-01-27 04-33-20,4,0.13333333333333333,60.896503,60.98936,89.74000000000001,0
Camo 录像 2026-01-27 04-33-20,5,0.16666666666666666,60.88525,60.97936,89.47000000000003,0
Camo 录像 2026-01-27 04-33-20,6,0.2,60.877117,60.979275,89.57,0
Camo 录像 2026-01-27 04-33-20,7,0.23333333333333334,60.860672,60.975502,89.40999999999997,0
Camo 录像 2026-01-27 04-33-20,8,0.26666666666666666,60.817593,60.996372,88.52999999999997,0
Camo 录像 2026-01-27 04-33-20,9,0.3,60.770573,60.99208,88.88999999999999,0
Camo 录像 2026-01-27 04-33-20,10,0.3333333333333333,60.72019,60.983322,88.63999999999999,0
Camo 录像 2026-01-27 04-33-20,11,0.36666666666666664,60.620148,61.022865,88.51999999999998,0
Camo 录像 2026-01-27 04-33-20,12,0.4,60.576996,60.981335,88.57,0
Camo 录像 2026-01-27 04-33-20,13,0.43333333333333335,60.500324,60.96242,88.87,0
Camo 录像 2026-01-27 04-33-20,14,0.4666666666666667,60.404346,60.99562,89.48000000000002,0
Camo 录像 2026-01-27 04-33-20,15,0.5,60.34433,60.965862,88.85000000000002,0
Camo 录像 2026-01-27 04-33-20,16,0.5333333333333333,60.32089,60.932156,89.56,0
Camo 录像 2026-01-27 04-33-20,17,0.5666666666666667,60.292583,60.91693,89.76999999999998,0
Camo 录像 2026-01-27 04-33-20,18,0.6,60.288857,60.919983,90.67000000000002,0
Camo 录像 2026-01-27 04-33-20,19,0.6333333333333333,60.32018,60.916393,91.42000000000002,0
Camo 录像 2026-01-27 04-33-20,20,0.6666666666666666,60.372417,60.910133,92.86000000000001,0
Camo 录像 2026-01-27 04-33-20,21,0.7,60.435112,60.91047,93.25999999999999,0
Camo 录像 2026-01-27 04-33-20,22,0.7333333333333333,60.50502,60.953922,94.52999999999997,0
Camo 录像 2026-01-27 04-33-20,23,0.7666666666666667,60.629173,60.98414,95.35000000000002,0
Camo 录像 2026-01-27 04-33-20,24,0.8,60.796608,61.03776,96.33999999999997,0
Camo 录像 2026-01-27 04-33-20,25,0.8333333333333334,61.001377,61.083015,97.93,0
Camo 录像 2026-01-27 04-33-20,26,0.8666666666666667,61.189274,61.170628,98.56,0
Camo 录像 2026-01-27 04-33-20,27,0.9,61.40752,61.24764,99.77999999999997,0
Camo 录像 2026-01-27 04-33-20,28,0.9333333333333333,61.61458,61.335144,100.89999999999998,0
Camo 录像 2026-01-27 04-33-20,29,0.9666666666666667,61.808037,61.43981,101.94,0
Camo 录像 2026-01-27 04-33-20,30,1.0,62.02893,61.493065,103.02999999999997,0
Camo 录像 2026-01-27 04-33-20,31,1.0333333333333334,62.212883,61.57395,103.72000000000003,0
Camo 录像 2026-01-27 04-33-20,32,1.0666666666666667,62.341858,61.66941,103.50999999999999,0
Camo 录像 2026-01-27 04-33-20,33,1.1,62.474243,61.74781,103.67000000000002,0
Camo 录像 2026-01-27 04-33-20,34,1.1333333333333333,62.577324,61.82066,103.61000000000001,0
Camo 录像 2026-01-27 04-33-20,35,1.1666666666666667,62.692368,61.89116,103.62,0
Camo 录像 2026-01-27 04-33-20,36,1.2,62.781227,61.967262,103.35000000000002,0
Camo 录像 2026-01-27 04-33-20,37,1.2333333333333334,62.798805,62.075176,103.08999999999997,0
Camo 录像 2026-01-27 04-33-20,38,1.2666666666666666,62.845306,62.141983,102.13999999999999,0
Camo 录像 2026-01-27 04-33-20,39,1.3,62.84404,62.235905,102.14999999999998,0
Camo 录像 2026-01-27 04-33-20,40,1.3333333333333333,62.839317,62.293842,100.75999999999999,0
Camo 录像 2026-01-27 04-33-20,41,1.3666666666666667,62.773224,62.395233,99.42000000000002,0
Camo 录像 2026-01-27 04-33-20,42,1.4,62.68254,62.510067,98.19999999999999,0
Camo 录像 2026-01-27 04-33-20,43,1.4333333333333333,62.57271,62.62326,96.73000000000002,0
Camo 录像 2026-01-27 04-33-20,44,1.4666666666666666,62.447197,62.74052,95.38,0
Camo 录像 2026-01-27 04-33-20,45,1.5,62.303734,62.877472,94.05000000000001,0
Camo 录像 2026-01-27 04-33-20,46,1.5333333333333334,62.162827,63.001472,92.48000000000002,0
Camo 录像 2026-01-27 04-33-20,47,1.5666666666666667,61.990944,63.137722,91.05000000000001,0
Camo 录像 2026-01-27 04-33-20,48,1.6,61.797276,63.28209,89.67000000000002,0
Camo 录像 2026-01-27 04-33-20,49,1.6333333333333333,61.64571,63.38425,88.12,0
Camo 录像 2026-01-27 04-33-20,50,1.6666666666666667,61.47972,63.486877,86.32,0
Camo 录像 2026-01-27 04-33-20,51,1.7,61.296288,63.61065,85.10000000000002,0
Camo 录像 2026-01-27 04-33-20,52,1.7333333333333334,61.13391,63.71208,83.70999999999998,0
Camo 录像 2026-01-27 04-33-20,53,1.7666666666666666,60.996742,63.801205,82.69999999999999,0
Camo 录像 2026-01-27 04-33-20,54,1.8,60.84455,63.918297,81.77999999999997,0
Camo 录像 2026-01-27 04-33-20,55,1.8333333333333333,60.704285,64.008934,80.65999999999997,0
Camo 录像 2026-01-27 04-33-20,56,1.8666666666666667,60.594963,64.10669,79.62,0
Camo 录像 2026-01-27 04-33-20,57,1.9,60.462593,64.21648,78.57999999999998,0
Camo 录像 2026-01-27 04-33-20,58,1.9333333333333333,60.35938,64.309044,78.06,0
Camo 录像 2026-01-27 04-33-20,59,1.9666666666666666,60.24766,64.41018,77.12,0
Camo 录像 2026-01-27 04-33-20,60,2.0,60.172585,64.49933,77.26999999999998,0
Camo 录像 2026-01-27 04-33-20,61,2.033333333333333,60.099403,64.59717,77.25999999999999,0
Camo 录像 2026-01-27 04-33-20,62,2.066666666666667,60.030655,64.693596,77.26999999999998,0
Camo 录像 2026-01-27 04-33-20,63,2.1,59.958694,64.778564,77.39999999999998,0
Camo 录像 2026-01-27 04-33-20,64,2.1333333333333333,59.877163,64.87714,77.42000000000002,0
Camo 录像 2026-01-27 04-33-20,65,2.1666666666666665,59.784023,64.95766,77.73000000000002,0
Camo 录像 2026-01-27 04-33-20,66,2.2,59.69038,65.035904,77.69999999999999,0
Camo 录像 2026-01-27 04-33-20,67,2.2333333333333334,59.611446,65.11636,78.44999999999999,0
Camo 录像 2026-01-27 04-33-20,68,2.2666666666666666,59.52736,65.21203,78.75,0
Camo 录像 2026-01-27 04-33-20,69,2.3,59.48347,65.30213,79.83999999999997,0
Camo 录像 2026-01-27 04-33-20,70,2.3333333333333335,59.46241,65.41164,80.88999999999999,0
Camo 录像 2026-01-27 04-33-20,71,2.3666666666666667,59.452454,65.52301,81.88999999999999,0
Camo 录像 2026-01-27 04-33-20,72,2.4,59.44276,65.64067,82.63,0
Camo 录像 2026-01-27 04-33-20,73,2.433333333333333,59.468815,65.75665,84.11000000000001,0
Camo 录像 2026-01-27 04-33-20,74,2.466666666666667,59.529507,65.895966,84.77999999999997,0
Camo 录像 2026-01-27 04-33-20,75,2.5,59.621502,66.03623,86.48000000000002,0
Camo 录像 2026-01-27 04-33-20,76,2.533333333333333,59.71464,66.189804,87.93,0
Camo 录像 2026-01-27 04-33-20,77,2.566666666666667,59.82802,66.35019,89.27999999999997,0
Camo 录像 2026-01-27 04-33-20,78,2.6,59.96484,66.51648,90.90999999999997,0
Camo 录像 2026-01-27 04-33-20,79,2.6333333333333333,60.09749,66.69078,92.32,0
Camo 录像 2026-01-27 04-33-20,80,2.6666666666666665,60.24227,66.85397,93.55000000000001,0
Camo 录像 2026-01-27 04-33-20,81,2.7,60.400608,67.02319,95.13999999999999,0
Camo 录像 2026-01-27 04-33-20,82,2.7333333333333334,60.54841,67.19725,96.19999999999999,0
Camo 录像 2026-01-27 04-33-20,83,2.7666666666666666,60.706024,67.36821,97.63,0
Camo 录像 2026-01-27 04-33-20,84,2.8,60.87723,67.539856,98.45999999999998,0
Camo 录像 2026-01-27 04-33-20,85,2.8333333333333335,61.032185,67.70978,99.44,0
Camo 录像 2026-01-27 04-33-20,86,2.8666666666666667,61.189316,67.87828,100.38999999999999,0
Camo 录像 2026-01-27 04-33-20,87,2.9,61.36217,68.03717,101.18,0
Camo 录像 2026-01-27 04-33-20,88,2.933333333333333,61.521572,68.19159,102.20999999999998,0
Camo 录像 2026-01-27 04-33-20,89,2.966666666666667,61.675266,68.35286,102.5,0
Camo 录像 2026-01-27 04-33-20,90,3.0,61.831947,68.514465,103.12,0
Camo 录像 2026-01-27 04-33-20,91,3.033333333333333,61.964745,68.674805,103.14999999999998,0
Camo 录像 2026-01-27 04-33-20,92,3.066666666666667,62.049408,68.82475,102.97000000000003,0
Camo 录像 2026-01-27 04-33-20,93,3.1,62.152344,68.98448,102.85000000000002,0
Camo 录像 2026-01-27 04-33-20,94,3.1333333333333333,62.24038,69.138794,103.0,0
Camo 录像 2026-01-27 04-33-20,95,3.1666666666666665,62.330345,69.296936,102.53999999999996,0
Camo 录像 2026-01-27 04-33-20,96,3.2,62.398346,69.44496,102.03999999999996,0
Camo 录像 2026-01-27 04-33-20,97,3.2333333333333334,62.466614,69.597946,101.87,0
Camo 录像 2026-01-27 04-33-20,98,3.2666666666666666,62.48738,69.75383,101.03999999999996,0
Camo 录像 2026-01-27 04-33-20,99,3.3,62.472664,69.91513,100.13,0
Camo 录像 2026-01-27 04-33-20,100,3.3333333333333335,62.46456,70.07381,99.05000000000001,0
Camo 录像 2026-01-27 04-33-20,101,3.3666666666666667,62.444107,70.23091,98.20999999999998,0
Camo 录像 2026-01-27 04-33-20,102,3.4,62.402092,70.39203,97.22000000000003,0
Camo 录像 2026-01-27 04-33-20,103,3.433333333333333,62.38491,70.55228,96.36000000000001,0
Camo 录像 2026-01-27 04-33-20,104,3.466666666666667,62.284164,70.71483,94.70999999999998,0
Camo 录像 2026-01-27 04-33-20,105,3.5,62.199776,70.91025,93.67000000000002,0
Camo 录像 2026-01-27 04-33-20,106,3.533333333333333,62.083176,71.09967,92.08999999999997,0
Camo 录像 2026-01-27 04-33-20,107,3.566666666666667,61.947655,71.28404,90.72000000000003,0
Camo 录像 2026-01-27 04-33-20,108,3.6,61.761684,71.433334,89.17000000000002,0
Camo 录像 2026-01-27 04-33-20,109,3.6333333333333333,61.627663,71.65288,87.5,0
Camo 录像 2026-01-27 04-33-20,110,3.6666666666666665,61.493267,71.85202,86.14999999999998,0
Camo 录像 2026-01-27 04-33-20,111,3.7,61.33389,72.02872,84.76999999999998,0
Camo 录像 2026-01-27 04-33-20,112,3.7333333333333334,61.173985,72.20656,83.94999999999999,0
Camo 录像 2026-01-27 04-33-20,113,3.7666666666666666,61.021152,72.38942,82.62,0
Camo 录像 2026-01-27 04-33-20,114,3.8,60.86804,72.567535,81.75,0
Camo 录像 2026-01-27 04-33-20,115,3.8333333333333335,60.674244,72.714294,80.72000000000003,0
Camo 录像 2026-01-27 04-33-20,116,3.8666666666666667,60.54087,72.91263,79.73000000000002,0
Camo 录像 2026-01-27 04-33-20,117,3.9,60.375362,73.08009,78.83999999999997,0
Camo 录像 2026-01-27 04-33-20,118,3.933333333333333,60.219803,73.23912,78.07,0
Camo 录像 2026-01-27 04-33-20,119,3.966666666666667,60.051342,73.37181,77.69,0
Camo 录像 2026-01-27 04-33-59,0,0.0,61.0,61.0,90.0,0
Camo 录像 2026-01-27 04-33-59,1,0.03333333333333333,61.01642,61.008102,90.03999999999996,0
Camo 录像 2026-01-27 04-33-59,2,0.06666666666666667,61.06752,61.005543,89.92000000000002,0
Camo 录像 2026-01-27 04-33-59,3,0.1,61.066597,61.01944,89.65999999999997,0
Camo 录像 2026-01-27 04-33-59,4,0.13333333333333333,61.06875,61.0207,89.82999999999998,0
Camo 录像 2026-01-27 04-33-59,5,0.16666666666666666,61.096497,61.01429,89.89999999999998,0
Camo 录像 2026-01-27 04-33-59,6,0.2,61.08159,61.025776,89.65999999999997,0
Camo 录像 2026-01-27 04-33-59,7,0.23333333333333334,61.10096,61.024433,89.69,0
Camo 录像 2026-01-27 04-33-59,8,0.26666666666666666,61.049095,61.064175,89.69,0
Camo 录像 2026-01-27 04-33-59,9,0.3,61.049812,61.06377,89.68,0
Camo 录像 2026-01-27 04-33-59,10,0.3333333333333333,61.040863,61.063057,89.39999999999998,0
Camo 录像 2026-01-27 04-33-59,11,0.36666666666666664,60.97534,61.096375,88.88999999999999,0
Camo 录像 2026-01-27 04-33-59,12,0.4,60.975136,61.096478,88.88999999999999,0
Camo 录像 2026-01-27 04-33-59,13,0.43333333333333335,60.955444,61.09895,89.07,0
Camo 录像 2026-01-27 04-33-59,14,0.4666666666666667,60.949104,61.093117,89.37,0
Camo 录像 2026-01-27 04-33-59,15,0.5,60.944527,61.084827,89.63,0
Camo 录像 2026-01-27 04-33-59,16,0.5333333333333333,60.92594,61.091022,90.10000000000002,0
Camo 录像 2026-01-27 04-33-59,17,0.5666666666666667,60.991768,61.059048,91.14999999999998,0
Camo 录像 2026-01-27 04-33-59,18,0.6,60.99135,61.05925,91.13,0
Camo 录像 2026-01-27 04-33-59,19,0.6333333333333333,61.06755,61.030575,92.0,0
Camo 录像 2026-01-27 04-33-59,20,0.6666666666666666,61.179916,60.999496,93.01999999999998,0
Camo 录像 2026-01-27 04-33-59,21,0.7,61.254112,60.99295,94.0,0
Camo 录像 2026-01-27 04-33-59,22,0.7333333333333333,61.38704,60.996902,94.57,0
Camo 录像 2026-01-27 04-33-59,23,0.7666666666666667,61.539543,61.01507,95.76999999999998,0
Camo 录像 2026-01-27 04-33-59,24,0.8,61.73913,61.060818,97.00999999999999,0
Camo 录像 2026-01-27 04-33-59,25,0.8333333333333334,61.990524,61.091858,98.33999999999997,0
Camo 录像 2026-01-27 04-33-59,26,0.8666666666666667,62.240593,61.152245,99.63999999999999,0
Camo 录像 2026-01-27 04-33-59,27,0.9,62.44304,61.23336,101.10000000000002,0
Camo 录像 2026-01-27 04-33-59,28,0.9333333333333333,62.721985,61.27396,102.05000000000001,0
Camo 录像 2026-01-27 04-33-59,29,0.9666666666666667,62.942345,61.32848,103.13999999999999,0
Camo 录像 2026-01-27 04-33-59,30,1.0,63.16739,61.4053,104.18,0
Camo 录像 2026-01-27 04-33-59,31,1.0333333333333334,63.376022,61.458466,104.80000000000001,0
Camo 录像 2026-01-27 04-33-59,32,1.0666666666666667,63.572067,61.53056,104.80000000000001,0
Camo 录像 2026-01-27 04-33-59,33,1.1,63.722275,61.603207,104.86000000000001,0
Camo 录像 2026-01-27 04-33-59,34,1.1333333333333333,63.885063,61.674545,104.90999999999997,0
Camo 录像 2026-01-27 04-33-59,35,1.1666666666666667,64.01217,61.751698,104.75999999999999,0
Camo 录像 2026-01-27 04-33-59,36,1.2,64.17162,61.797764,104.88999999999999,0
Camo 录像 2026-01-27 04-33-59,37,1.2333333333333334,64.31711,61.854397,104.53999999999996,0
Camo 录像 2026-01-27 04-33-59,38,1.2666666666666666,64.371956,61.940075,104.24000000000001,0
Camo 录像 2026-01-27 04-33-59,39,1.3,64.42597,62.02801,103.44,0
Camo 录像 2026-01-27 04-33-59,40,1.3333333333333333,64.34867,62.15817,102.58999999999997,0
Camo 录像 2026-01-27 04-33-59,41,1.3666666666666667,64.320244,62.281834,101.28999999999996,0
Camo 录像 2026-01-27 04-33-59,42,1.4,64.23246,62.42312,99.90999999999997,0
Camo 录像 2026-01-27 04-33-59,43,1.4333333333333333,64.14052,62.570236,98.43,0
Camo 录像 2026-01-27 04-33-59,44,1.4666666666666666,63.993156,62.73275,97.24000000000001,0
Camo 录像 2026-01-27 04-33-59,45,1.5,63.90233,62.883488,95.63999999999999,0
Camo 录像 2026-01-27 04-33-59,46,1.5333333333333334,63.738,63.040985,94.15999999999997,0
Camo 录像 2026-01-27 04-33-59,47,1.5666666666666667,63.643517,63.197254,92.81,0
Camo 录像 2026-01-27 04-33-59,48,1.6,63.512115,63.359634,91.24000000000001,0
Camo 录像 2026-01-27 04-33-59,49,1.6333333333333333,63.377327,63.520744,89.80000000000001,0
Camo 录像 2026-01-27 04-33-59,50,1.6666666666666667,63.2238,63.67929,88.30000000000001,0
Camo 录像 2026-01-27 04-33-59,51,1.7,63.05201,63.84239,86.94,0
Camo 录像 2026-01-27 04-33-59,52,1.7333333333333334,62.931664,63.99922,85.61000000000001,0
Camo 录像 2026-01-27 04-33-59,53,1.7666666666666666,62.77249,64.15431,84.78999999999996,0
Camo 录像 2026-01-27 04-33-59,54,1.8,62.683105,64.3023,83.36000000000001,0
Camo 录像 2026-01-27 04-33-59,55,1.8333333333333333,62.510406,64.44633,82.15999999999997,0
Camo 录像 2026-01-27 04-33-59,56,1.8666666666666667,62.439705,64.58792,81.57,0
Camo 录像 2026-01-27 04-33-59,57,1.9,62.30979,64.72611,80.38999999999999,0
Camo 录像 2026-01-27 04-33-59,58,1.9333333333333333,62.238106,64.861206,79.69,0
Camo 录像 2026-01-27 04-33-59,59,1.9666666666666666,62.16339,64.98689,79.06,0
Camo 录像 2026-01-27 04-33-59,60,2.0,62.080597,65.11857,78.99000000000001,0
Camo 录像 2026-01-27 04-33-59,61,2.033333333333333,62.03154,65.24319,78.68,0
Camo 录像 2026-01-27 04-33-59,62,2.066666666666667,62.009613,65.361694,78.87,0
Camo 录像 2026-01-27 04-33-59,63,2.1,61.978104,65.48125,79.19999999999999,0
Camo 录像 2026-01-27 04-33-59,64,2.1333333333333333,61.887848,65.589554,79.42000000000002,0
Camo 录像 2026-01-27 04-33-59,65,2.1666666666666665,61.89514,65.71343,79.39999999999998,0
Camo 录像 2026-01-27 04-33-59,66,2.2,61.80935,65.816124,79.74000000000001,0
Camo 录像 2026-01-27 04-33-59,67,2.2333333333333334,61.830086,65.9321,79.94,0
Camo 录像 2026-01-27 04-33-59,68,2.2666666666666666,61.79032,66.03786,81.0,0
Camo 录像 2026-01-27 04-33-59,69,2.3,61.785835,66.15202,81.73000000000002,0
Camo 录像 2026-01-27 04-33-59,70,2.3333333333333335,61.80072,66.2663,82.55000000000001,0
Camo 录像 2026-01-27 04-33-59,71,2.3666666666666667,61.803535,66.3824,83.67000000000002,0
Camo 录像 2026-01-27 04-33-59,72,2.4,61.85044,66.49908,84.57999999999998,0
Camo 录像 2026-01-27 04-33-59,73,2.433333333333333,61.887665,66.616165,85.33999999999997,0
Camo 录像 2026-01-27 04-33-59,74,2.466666666666667,61.945435,66.75625,86.74000000000001,0
Camo 录像 2026-01-27 04-33-59,75,2.5,62.036346,66.886696,88.19999999999999,0
Camo 录像 2026-01-27 04-33-59,76,2.533333333333333,62.188286,67.02747,89.83999999999997,0
Camo 录像 2026-01-27 04-33-59,77,2.566666666666667,62.320274,67.16309,91.02999999999997,0
Camo 录像 2026-01-27 04-33-59,78,2.6,62.508728,67.31447,92.81,0
Camo 录像 2026-01-27 04-33-59,79,2.6333333333333333,62.70822,67.464424,94.20999999999998,0
Camo 录像 2026-01-27 04-33-59,80,2.6666666666666665,62.871056,67.59677,95.86000000000001,0
Camo 录像 2026-01-27 04-33-59,81,2.7,63.114777,67.74503,96.88999999999999,0
Camo 录像 2026-01-27 04-33-59,82,2.7333333333333334,63.29274,67.88054,98.32999999999998,0
Camo 录像 2026-01-27 04-33-59,83,2.7666666666666666,63.522728,68.02021,99.32999999999998,0
Camo 录像 2026-01-27 04-33-59,84,2.8,63.717323,68.151054,100.58999999999997,0
Camo 录像 2026-01-27 04-33-59,85,2.8333333333333335,63.926018,68.286385,101.25999999999999,0
Camo 录像 2026-01-27 04-33-59,86,2.8666666666666667,64.1598,68.43157,102.22000000000003,0
Camo 录像 2026-01-27 04-33-59,87,2.9,64.34851,68.53586,102.99000000000001,0
Camo 录像 2026-01-27 04-33-59,88,2.933333333333333,64.61093,68.66857,104.42000000000002,0
Camo 录像 2026-01-27 04-33-59,89,2.966666666666667,64.80955,68.789055,104.15999999999997,0
Camo 录像 2026-01-27 04-33-59,90,3.0,65.08656,68.94503,104.88,0
Camo 录像 2026-01-27 04-33-59,91,3.033333333333333,65.2944,69.09048,105.20999999999998,0
Camo 录像 2026-01-27 04-33-59,92,3.066666666666667,65.46621,69.215744,105.22000000000003,0
Camo 录像 2026-01-27 04-33-59,93,3.1,65.59546,69.339745,105.56,0
Camo 录像 2026-01-27 04-33-59,94,3.1333333333333333,65.75172,69.4795,105.07,0
Camo 录像 2026-01-27 04-33-59,95,3.1666666666666665,65.881516,69.63115,105.14999999999998,0
Camo 录像 2026-01-27 04-33-59,96,3.2,65.98633,69.757675,104.27999999999997,0
Camo 录像 2026-01-27 04-33-59,97,3.2333333333333334,66.068306,69.89408,104.19,0
Camo 录像 2026-01-27 04-33-59,98,3.2666666666666666,66.113716,70.04278,103.77999999999997,0
Camo 录像 2026-01-27 04-33-59,99,3.3,66.16919,70.21366,103.19,0
Camo 录像 2026-01-27 04-33-59,100,3.3333333333333335,66.14895,70.36105,102.28999999999996,0
Camo 录像 2026-01-27 04-33-59,101,3.3666666666666667,66.18017,70.55211,100.90999999999997,0
Camo 录像 2026-01-27 04-33-59,102,3.4,66.1522,70.70015,99.75,0
Camo 录像 2026-01-27 04-33-59,103,3.433333333333333,66.068054,70.84708,98.63,0
Camo 录像 2026-01-27 04-33-59,104,3.466666666666667,66.02704,71.255554,95.73000000000002,0
Camo 录像 2026-01-27 04-33-59,105,3.5,66.03145,71.25818,95.75,0
Camo 录像 2026-01-27 04-33-59,106,3.533333333333333,66.01712,71.494995,94.83999999999997,0
Camo 录像 2026-01-27 04-33-59,107,3.566666666666667,65.90956,71.707085,93.25999999999999,0
Camo 录像 2026-01-27 04-33-59,108,3.6,65.742714,71.87316,91.13999999999999,0
Camo 录像 2026-01-27 04-33-59,109,3.6333333333333333,65.72249,72.14336,90.13999999999999,0
Camo 录像 2026-01-27 04-33-59,110,3.6666666666666665,65.58688,72.3402,88.80000000000001,0
Camo 录像 2026-01-27 04-33-59,111,3.7,65.482994,72.57247,87.83999999999997,0
Camo 录像 2026-01-27 04-33-59,112,3.7333333333333334,65.35168,72.78991,86.36000000000001,0
Camo 录像 2026-01-27 04-33-59,113,3.7666666666666666,65.28583,73.02084,85.38999999999999,0
Camo 录像 2026-01-27 04-33-59,114,3.8,65.10585,73.19123,84.25999999999999,0
Camo 录像 2026-01-27 04-33-59,115,3.8333333333333335,64.96739,73.3957,83.88,0
Camo 录像 2026-01-27 04-33-59,116,3.8666666666666667,64.86363,73.62253,82.24000000000001,0
Camo 录像 2026-01-27 04-33-59,117,3.9,64.72479,73.82257,82.10000000000002,0
Camo 录像 2026-01-27 04-33-59,118,3.933333333333333,64.5582,74.009926,80.57,0
Camo 录像 2026-01-27 04-33-59,119,3.966666666666667,64.39284,74.181625,80.86000000000001,0
Camo 录像 2026-01-27 04-34-38,0,0.0,61.0,61.0,90.0,0
Camo 录像 2026-01-27 04-34-38,1,0.03333333333333333,60.99744,61.01264,90.22000000000003,0
Camo 录像 2026-01-27 04-34-38,2,0.06666666666666667,60.976967,61.025307,89.98000000000002,0
Camo 录像 2026-01-27 04-34-38,3,0.1,60.94705,61.062588,89.96000000000004,0
Camo 录像 2026-01-27 04-34-38,4,0.13333333333333333,60.943867,61.061012,90.19,0
Camo 录像 2026-01-27 04-34-38,5,0.16666666666666666,60.91732,61.08803,89.82999999999998,0
Camo 录像 2026-01-27 04-34-38,6,0.2,60.860653,61.137398,89.74000000000001,0
Camo 录像 2026-01-27 04-34-38,7,0.23333333333333334,60.842415,61.139267,89.73000000000002,0
Camo 录像 2026-01-27 04-34-38,8,0.26666666666666666,60.791943,61.157078,89.27999999999997,0
Camo 录像 2026-01-27 04-34-38,9,0.3,60.79194,61.157593,89.29000000000002,0
Camo 录像 2026-01-27 04-34-38,10,0.3333333333333333,60.646034,61.23179,89.24000000000001,0
Camo 录像 2026-01-27 04-34-38,11,0.36666666666666664,60.592186,61.20301,88.94999999999999,0
Camo 录像 2026-01-27 04-34-38,12,0.4,60.52469,61.21158,88.82999999999998,0
Camo 录像 2026-01-27 04-34-38,13,0.43333333333333335,60.4605,61.2036,89.07,0
Camo 录像 2026-01-27 04-34-38,14,0.4666666666666667,60.411293,61.202785,89.34000000000003,0
Camo 录像 2026-01-27 04-34-38,15,0.5,60.375927,61.210144,89.34000000000003,0
Camo 录像 2026-01-27 04-34-38,16,0.5333333333333333,60.3328,61.26583,90.49000000000001,0
Camo 录像 2026-01-27 04-34-38,17,0.5666666666666667,60.34866,61.236538,90.76999999999998,0
Camo 录像 2026-01-27 04-34-38,18,0.6,60.36777,61.241886,91.55000000000001,0
Camo 录像 2026-01-27 04-34-38,19,0.6333333333333333,60.423767,61.2436,92.51999999999998,0
Camo 录像 2026-01-27 04-34-38,20,0.6666666666666666,60.475792,61.268135,93.39999999999998,0
Camo 录像 2026-01-27 04-34-38,21,0.7,60.540874,61.295483,94.05000000000001,0
Camo 录像 2026-01-27 04-34-38,22,0.7333333333333333,60.644787,61.335182,94.88999999999999,0
Camo 录像 2026-01-27 04-34-38,23,0.7666666666666667,60.812386,61.395935,96.19,0
Camo 录像 2026-01-27 04-34-38,24,0.8,60.991596,61.474525,97.41000000000003,0
Camo 录像 2026-01-27 04-34-38,25,0.8333333333333334,61.19794,61.561123,98.66000000000003,0
Camo 录像 2026-01-27 04-34-38,26,0.8666666666666667,61.40935,61.659206,100.09000000000003,0
Camo 录像 2026-01-27 04-34-38,27,0.9,61.63647,61.73593,100.89999999999998,0
Camo 录像 2026-01-27 04-34-38,28,0.9333333333333333,61.855106,61.818645,102.12,0
Camo 录像 2026-01-27 04-34-38,29,0.9666666666666667,62.06729,61.911903,103.19,0
Camo 录像 2026-01-27 04-34-38,30,1.0,62.246403,62.00832,103.75999999999999,0
Camo 录像 2026-01-27 04-34-38,31,1.0333333333333334,62.420322,62.09727,104.02999999999997,0
Camo 录像 2026-01-27 04-34-38,32,1.0666666666666667,62.55212,62.187023,104.13,0
Camo 录像 2026-01-27 04-34-38,33,1.1,62.683437,62.272343,104.07,0
Camo 录像 2026-01-27 04-34-38,34,1.1333333333333333,62.78632,62.359634,103.82999999999998,0
Camo 录像 2026-01-27 04-34-38,35,1.1666666666666667,62.899536,62.441887,103.82,0
Camo 录像 2026-01-27 04-34-38,36,1.2,63.006844,62.51563,103.49000000000001,0
Camo 录像 2026-01-27 04-34-38,37,1.2333333333333334,63.076916,62.597946,102.89999999999998,0
Camo 录像 2026-01-27 04-34-38,38,1.2666666666666666,63.106144,62.689217,102.46000000000004,0
Camo 录像 2026-01-27 04-34-38,39,1.3,63.106144,62.689217,102.46000000000004,0
Camo 录像 2026-01-27 04-34-38,40,1.3333333333333333,63.062088,62.894394,100.54000000000002,0
Camo 录像 2026-01-27 04-34-38,41,1.3666666666666667,62.968735,63.005104,99.60000000000002,0
Camo 录像 2026-01-27 04-34-38,42,1.4,62.86618,63.121384,97.86000000000001,0
Camo 录像 2026-01-27 04-34-38,43,1.4333333333333333,62.74055,63.252983,96.64999999999998,0
Camo 录像 2026-01-27 04-34-38,44,1.4666666666666666,62.59102,63.385777,95.07999999999998,0
Camo 录像 2026-01-27 04-34-38,45,1.5,62.429035,63.517204,93.42000000000002,0
Camo 录像 2026-01-27 04-34-38,46,1.5333333333333334,62.239483,63.658752,91.75999999999999,0
Camo 录像 2026-01-27 04-34-38,47,1.5666666666666667,62.06288,63.789,90.43,0
Camo 录像 2026-01-27 04-34-38,48,1.6,61.854187,63.943336,89.32,0
Camo 录像 2026-01-27 04-34-38,49,1.6333333333333333,61.66799,64.07585,87.19999999999999,0
Camo 录像 2026-01-27 04-34-38,50,1.6666666666666667,61.490368,64.204346,86.18,0
Camo 录像 2026-01-27 04-34-38,51,1.7,61.32023,64.32323,84.85000000000002,0
Camo 录像 2026-01-27 04-34-38,52,1.7333333333333334,61.119076,64.458374,83.62,0
Camo 录像 2026-01-27 04-34-38,53,1.7666666666666666,60.95345,64.57936,82.93,0
Camo 录像 2026-01-27 04-34-38,54,1.8,60.784744,64.69898,81.75,0
Camo 录像 2026-01-27 04-34-38,55,1.8333333333333333,60.630096,64.81061,80.62,0
Camo 录像 2026-01-27 04-34-38,56,1.8666666666666667,60.453957,64.918205,79.55000000000001,0
Camo 录像 2026-01-27 04-34-38,57,1.9,60.308186,65.02683,78.63,0
Camo 录像 2026-01-27 04-34-38,58,1.9333333333333333,60.168095,65.13367,77.87,0
Camo 录像 2026-01-27 04-34-38,59,1.9666666666666666,60.036766,65.23853,77.59000000000003,0
Camo 录像 2026-01-27 04-34-38,60,2.0,59.93037,65.34191,77.32999999999998,0
Camo 录像 2026-01-27 04-34-38,61,2.033333333333333,59.824677,65.44787,77.16000000000003,0
Camo 录像 2026-01-27 04-34-38,62,2.066666666666667,59.732265,65.5685,77.29000000000002,0
Camo 录像 2026-01-27 04-34-38,63,2.1,59.66184,65.68173,77.62,0
Camo 录像 2026-01-27 04-34-38,64,2.1333333333333333,59.580513,65.7928,77.79000000000002,0
Camo 录像 2026-01-27 04-34-38,65,2.1666666666666665,59.487976,65.90168,78.22000000000003,0
Camo 录像 2026-01-27 04-34-38,66,2.2,59.415215,66.00995,78.43,0
Camo 录像 2026-01-27 04-34-38,67,2.2333333333333334,59.33718,66.12074,78.98000000000002,0
Camo 录像 2026-01-27 04-34-38,68,2.2666666666666666,59.26064,66.239174,79.93,0
Camo 录像 2026-01-27 04-34-38,69,2.3,59.260536,66.23907,79.93,0
Camo 录像 2026-01-27 04-34-38,70,2.3333333333333335,59.18308,66.484665,81.46000000000004,0
Camo 录像 2026-01-27 04-34-38,71,2.3666666666666667,59.150066,66.607475,82.23000000000002,0
Camo 录像 2026-01-27 04-34-38,72,2.4,59.120567,66.7429,83.19999999999999,0
Camo 录像 2026-01-27 04-34-38,73,2.433333333333333,59.115932,66.88601,84.37,0
Camo 录像 2026-01-27 04-34-38,74,2.466666666666667,59.148983,67.04446,85.23000000000002,0
Camo 录像 2026-01-27 04-34-38,75,2.5,59.20654,67.218216,87.07999999999998,0
Camo 录像 2026-01-27 04-34-38,76,2.533333333333333,59.295494,67.394165,88.62,0
Camo 录像 2026-01-27 04-34-38,77,2.566666666666667,59.4179,67.57356,89.76999999999998,0
Camo 录像 2026-01-27 04-34-38,78,2.6,59.55441,67.76858,91.46000000000004,0
Camo 录像 2026-01-27 04-34-38,79,2.6333333333333333,59.695374,67.960655,92.67000000000002,0
Camo 录像 2026-01-27 04-34-38,80,2.6666666666666665,59.848705,68.15183,94.11000000000001,0
Camo 录像 2026-01-27 04-34-38,81,2.7,60.012554,68.342514,95.29000000000002,0
Camo 录像 2026-01-27 04-34-38,82,2.7333333333333334,60.180405,68.53634,96.81,0
Camo 录像 2026-01-27 04-34-38,83,2.7666666666666666,60.346367,68.72097,97.72000000000003,0
Camo 录像 2026-01-27 04-34-38,84,2.8,60.51059,68.90477,98.85000000000002,0
Camo 录像 2026-01-27 04-34-38,85,2.8333333333333335,60.67243,69.09164,99.93,0
Camo 录像 2026-01-27 04-34-38,86,2.8666666666666667,60.850407,69.2691,100.69,0
Camo 录像 2026-01-27 04-34-38,87,2.9,61.014656,69.43672,101.57,0
Camo 录像 2026-01-27 04-34-38,88,2.933333333333333,61.180275,69.6154,102.32999999999998,0
Camo 录像 2026-01-27 04-34-38,89,2.966666666666667,61.3119,69.76568,102.56,0
Camo 录像 2026-01-27 04-34-38,90,3.0,61.44426,69.9435,102.92000000000002,0
Camo 录像 2026-01-27 04-34-38,91,3.033333333333333,61.544556,70.09634,102.82999999999998,0
Camo 录像 2026-01-27 04-34-38,92,3.066666666666667,61.650417,70.26327,102.59000000000003,0
Camo 录像 2026-01-27 04-34-38,93,3.1,61.724384,70.395424,102.04000000000002,0
Camo 录像 2026-01-27 04-34-38,94,3.1333333333333333,61.804546,70.570335,102.01999999999998,0
Camo 录像 2026-01-27 04-34-38,95,3.1666666666666665,61.854465,70.694405,101.79000000000002,0
Camo 录像 2026-01-27 04-34-38,96,3.2,61.92108,70.84721,101.92000000000002,0
Camo 录像 2026-01-27 04-34-38,97,3.2333333333333334,61.9732,71.01029,101.29000000000002,0
Camo 录像 2026-01-27 04-34-38,98,3.2666666666666666,61.982765,71.14497,99.88999999999999,0
Camo 录像 2026-01-27 04-34-38,99,3.3,61.98869,71.152664,100.0,0
Camo 录像 2026-01-27 04-34-38,100,3.3333333333333335,61.96793,71.468124,98.61000000000001,0
Camo 录像 2026-01-27 04-34-38,101,3.3666666666666667,61.95146,71.64193,97.11000000000001,0
Camo 录像 2026-01-27 04-34-38,102,3.4,61.90536,71.810165,96.51999999999998,0
Camo 录像 2026-01-27 04-34-38,103,3.433333333333333,61.851654,71.975235,94.96000000000004,0
Camo 录像 2026-01-27 04-34-38,104,3.466666666666667,61.769234,72.16506,94.10000000000002,0
Camo 录像 2026-01-27 04-34-38,105,3.5,61.640816,72.34594,92.61000000000001,0
Camo 录像 2026-01-27 04-34-38,106,3.533333333333333,61.479004,72.51378,91.12,0
Camo 录像 2026-01-27 04-34-38,107,3.566666666666667,61.31526,72.706665,89.69,0
Camo 录像 2026-01-27 04-34-38,108,3.6,61.11637,72.88608,87.98000000000002,0
Camo 录像 2026-01-27 04-34-38,109,3.6333333333333333,60.936745,73.0658,86.38,0
Camo 录像 2026-01-27 04-34-38,110,3.6666666666666665,60.765926,73.28183,85.24000000000001,0
Camo 录像 2026-01-27 04-34-38,111,3.7,60.594864,73.45959,84.23000000000002,0
Camo 录像 2026-01-27 04-34-38,112,3.7333333333333334,60.418545,73.578804,82.75999999999999,0
Camo 录像 2026-01-27 04-34-38,113,3.7666666666666666,60.259075,73.82096,82.06,0
Camo 录像 2026-01-27 04-34-38,114,3.8,60.071465,73.96265,80.88,0
Camo 录像 2026-01-27 04-34-38,115,3.8333333333333335,59.9002,74.13845,79.79000000000002,0
Camo 录像 2026-01-27 04-34-38,116,3.8666666666666667,59.74277,74.3533,78.66000000000003,0
Camo 录像 2026-01-27 04-34-38,117,3.9,59.559578,74.51051,78.31,0
Camo 录像 2026-01-27 04-34-38,118,3.933333333333333,59.383133,74.6611,77.29000000000002,0
Camo 录像 2026-01-27 04-34-38,119,3.966666666666667,59.218636,74.82594,76.64999999999998,0
Camo 录像 2026-01-27 04-35-17,0,0.0,61.0,61.0,90.0,0
Camo 录像 2026-01-27 04-35-17,1,0.03333333333333333,61.000023,61.011124,89.81,0
Camo 录像 2026-01-27 04-35-17,2,0.06666666666666667,61.002045,61.016293,89.77999999999997,0
Camo 录像 2026-01-27 04-35-17,3,0.1,61.002983,61.043182,89.81,0
Camo 录像 2026-01-27 04-35-17,4,0.13333333333333333,60.99423,61.05813,89.65999999999997,0
Camo 录像 2026-01-27 04-35-17,5,0.16666666666666666,60.993343,61.066975,89.62,0
Camo 录像 2026-01-27 04-35-17,6,0.2,61.008858,61.056633,89.61000000000001,0
Camo 录像 2026-01-27 04-35-17,7,0.23333333333333334,60.997757,61.082676,89.39999999999998,0
Camo 录像 2026-01-27 04-35-17,8,0.26666666666666666,60.959465,61.110703,89.11000000000001,0
Camo 录像 2026-01-27 04-35-17,9,0.3,60.91505,61.131664,89.31,0
Camo 录像 2026-01-27 04-35-17,10,0.3333333333333333,60.86744,61.109856,89.07,0
Camo 录像 2026-01-27 04-35-17,11,0.36666666666666664,60.80245,61.12844,89.06,0
Camo 录像 2026-01-27 04-35-17,12,0.4,60.736805,61.152172,89.32,0
Camo 录像 2026-01-27 04-35-17,13,0.43333333333333335,60.689102,61.157444,88.97000000000003,0
Camo 录像 2026-01-27 04-35-17,14,0.4666666666666667,60.645454,61.114872,89.50999999999999,0
Camo 录像 2026-01-27 04-35-17,15,0.5,60.62675,61.124565,89.57,0
Camo 录像 2026-01-27 04-35-17,16,0.5333333333333333,60.607533,61.134563,89.82,0
Camo 录像 2026-01-27 04-35-17,17,0.5666666666666667,60.64523,61.117344,91.11000000000001,0
Camo 录像 2026-01-27 04-35-17,18,0.6,60.70393,61.12876,92.10000000000002,0
Camo 录像 2026-01-27 04-35-17,19,0.6333333333333333,60.767643,61.129833,92.82999999999998,0
Camo 录像 2026-01-27 04-35-17,20,0.6666666666666666,60.827007,61.163197,93.47000000000003,0
Camo 录像 2026-01-27 04-35-17,21,0.7,60.918415,61.17866,94.67000000000002,0
Camo 录像 2026-01-27 04-35-17,22,0.7333333333333333,61.037807,61.22552,95.77999999999997,0
Camo 录像 2026-01-27 04-35-17,23,0.7666666666666667,61.20085,61.28601,96.86000000000001,0
Camo 录像 2026-01-27 04-35-17,24,0.8,61.38056,61.377266,98.15999999999997,0
Camo 录像 2026-01-27 04-35-17,25,0.8333333333333334,61.569405,61.459553,99.24000000000001,0
Camo 录像 2026-01-27 04-35-17,26,0.8666666666666667,61.761436,61.556293,100.38,0
Camo 录像 2026-01-27 04-35-17,27,0.9,61.97817,61.65566,101.43,0
Camo 录像 2026-01-27 04-35-17,28,0.9333333333333333,62.182724,61.75892,102.56,0
Camo 录像 2026-01-27 04-35-17,29,0.9666666666666667,62.3879,61.863117,103.81,0
Camo 录像 2026-01-27 04-35-17,30,1.0,62.582764,61.94115,104.30000000000001,0
Camo 录像 2026-01-27 04-35-17,31,1.0333333333333334,62.73532,62.04707,104.38999999999999,0
Camo 录像 2026-01-27 04-35-17,32,1.0666666666666667,62.88618,62.145767,104.55000000000001,0
Camo 录像 2026-01-27 04-35-17,33,1.1,63.01798,62.232628,104.45999999999998,0
Camo 录像 2026-01-27 04-35-17,34,1.1333333333333333,63.133568,62.34044,104.36000000000001,0
Camo 录像 2026-01-27 04-35-17,35,1.1666666666666667,63.262363,62.4009,104.20999999999998,0
Camo 录像 2026-01-27 04-35-17,36,1.2,63.343777,62.50805,104.07999999999998,0
Camo 录像 2026-01-27 04-35-17,37,1.2333333333333334,63.408672,62.591854,103.59000000000003,0
Camo 录像 2026-01-27 04-35-17,38,1.2666666666666666,63.42542,62.685253,102.44999999999999,0
Camo 录像 2026-01-27 04-35-17,39,1.3,63.407867,62.793957,101.57,0
Camo 录像 2026-01-27 04-35-17,40,1.3333333333333333,63.360382,62.91317,100.36000000000001,0
Camo 录像 2026-01-27 04-35-17,41,1.3666666666666667,63.271484,63.03432,99.07,0
Camo 录像 2026-01-27 04-35-17,42,1.4,63.176342,63.165092,97.75,0
Camo 录像 2026-01-27 04-35-17,43,1.4333333333333333,63.059566,63.297184,96.20999999999998,0
Camo 录像 2026-01-27 04-35-17,44,1.4666666666666666,62.921406,63.438843,95.07999999999998,0
Camo 录像 2026-01-27 04-35-17,45,1.5,62.785202,63.579803,93.25999999999999,0
Camo 录像 2026-01-27 04-35-17,46,1.5333333333333334,62.630753,63.709244,92.05000000000001,0
Camo 录像 2026-01-27 04-35-17,47,1.5666666666666667,62.459892,63.858704,90.37,0
Camo 录像 2026-01-27 04-35-17,48,1.6,62.283928,64.00131,89.22000000000003,0
Camo 录像 2026-01-27 04-35-17,49,1.6333333333333333,62.116673,64.13526,87.43,0
Camo 录像 2026-01-27 04-35-17,50,1.6666666666666667,61.954422,64.274925,86.13999999999999,0
Camo 录像 2026-01-27 04-35-17,51,1.7,61.79247,64.415726,85.05000000000001,0
Camo 录像 2026-01-27 04-35-17,52,1.7333333333333334,61.638115,64.54527,83.82999999999998,0
Camo 录像 2026-01-27 04-35-17,53,1.7666666666666666,61.488995,64.67735,82.63,0
Camo 录像 2026-01-27 04-35-17,54,1.8,61.338078,64.800964,81.72000000000003,0
Camo 录像 2026-01-27 04-35-17,55,1.8333333333333333,61.203617,64.912796,80.75,0
Camo 录像 2026-01-27 04-35-17,56,1.8666666666666667,61.065987,65.03583,80.15999999999997,0
Camo 录像 2026-01-27 04-35-17,57,1.9,60.937286,65.14824,78.99000000000001,0
Camo 录像 2026-01-27 04-35-17,58,1.9333333333333333,60.825035,65.264114,78.36000000000001,0
Camo 录像 2026-01-27 04-35-17,59,1.9666666666666666,60.72932,65.37151,78.12,0
Camo 录像 2026-01-27 04-35-17,60,2.0,60.63962,65.4867,78.20999999999998,0
Camo 录像 2026-01-27 04-35-17,61,2.033333333333333,60.574265,65.596886,78.24000000000001,0
Camo 录像 2026-01-27 04-35-17,62,2.066666666666667,60.51646,65.71571,78.34000000000003,0
Camo 录像 2026-01-27 04-35-17,63,2.1,60.46129,65.82652,78.31,0
Camo 录像 2026-01-27 04-35-17,64,2.1333333333333333,60.397976,65.93818,78.67000000000002,0
Camo 录像 2026-01-27 04-35-17,65,2.1666666666666665,60.34173,66.04126,79.07999999999998,0
Camo 录像 2026-01-27 04-35-17,66,2.2,60.28202,66.15275,79.27999999999997,0
Camo 录像 2026-01-27 04-35-17,67,2.2333333333333334,60.23533,66.2583,80.01999999999998,0
Camo 录像 2026-01-27 04-35-17,68,2.2666666666666666,60.210724,66.37119,80.81,0
Camo 录像 2026-01-27 04-35-17,69,2.3,60.19548,66.48542,82.01999999999998,0
Camo 录像 2026-01-27 04-35-17,70,2.3333333333333335,60.190002,66.61583,82.95999999999998,0
Camo 录像 2026-01-27 04-35-17,71,2.3666666666666667,60.19245,66.73251,84.03999999999996,0
Camo 录像 2026-01-27 04-35-17,72,2.4,60.196316,66.85303,84.85000000000002,0
Camo 录像 2026-01-27 04-35-17,73,2.433333333333333,60.244766,67.00266,86.30000000000001,0
Camo 录像 2026-01-27 04-35-17,74,2.466666666666667,60.30897,67.15226,87.43,0
Camo 录像 2026-01-27 04-35-17,75,2.5,60.398026,67.31212,88.82,0
Camo 录像 2026-01-27 04-35-17,76,2.533333333333333,60.507668,67.45941,90.47000000000003,0
Camo 录像 2026-01-27 04-35-17,77,2.566666666666667,60.6293,67.64405,91.82,0
Camo 录像 2026-01-27 04-35-17,78,2.6,60.767242,67.823296,93.32999999999998,0
Camo 录像 2026-01-27 04-35-17,79,2.6333333333333333,60.906265,67.99658,94.78999999999996,0
Camo 录像 2026-01-27 04-35-17,80,2.6666666666666665,61.061832,68.17572,95.93,0
Camo 录像 2026-01-27 04-35-17,81,2.7,61.217003,68.3531,97.18,0
Camo 录像 2026-01-27 04-35-17,82,2.7333333333333334,61.373707,68.51824,98.22000000000003,0
Camo 录像 2026-01-27 04-35-17,83,2.7666666666666666,61.534836,68.684875,99.25,0
Camo 录像 2026-01-27 04-35-17,84,2.8,61.700283,68.853516,100.44,0
Camo 录像 2026-01-27 04-35-17,85,2.8333333333333335,61.86724,69.0129,101.25,0
Camo 录像 2026-01-27 04-35-17,86,2.8666666666666667,62.030586,69.15947,102.85000000000002,0
Camo 录像 2026-01-27 04-35-17,87,2.9,62.22494,69.33492,103.13999999999999,0
Camo 录像 2026-01-27 04-35-17,88,2.933333333333333,62.38437,69.49775,103.86000000000001,0
Camo 录像 2026-01-27 04-35-17,89,2.966666666666667,62.546356,69.66401,104.25999999999999,0
Camo 录像 2026-01-27 04-35-17,90,3.0,62.675076,69.81548,104.23000000000002,0
Camo 录像 2026-01-27 04-35-17,91,3.033333333333333,62.78973,69.974754,104.68,0
Camo 录像 2026-01-27 04-35-17,92,3.066666666666667,62.90028,70.14719,104.23000000000002,0
Camo 录像 2026-01-27 04-35-17,93,3.1,63.005722,70.31379,104.10000000000002,0
Camo 录像 2026-01-27 04-35-17,94,3.1333333333333333,63.095676,70.47106,103.90999999999997,0
Camo 录像 2026-01-27 04-35-17,95,3.1666666666666665,63.181984,70.605606,103.44,0
Camo 录像 2026-01-27 04-35-17,96,3.2,63.25545,70.76436,103.11000000000001,0
Camo 录像 2026-01-27 04-35-17,97,3.2333333333333334,63.3069,70.91917,102.57999999999998,0
Camo 录像 2026-01-27 04-35-17,98,3.2666666666666666,63.344864,71.10168,101.57999999999998,0
Camo 录像 2026-01-27 04-35-17,99,3.3,63.357914,71.26733,100.56,0
Camo 录像 2026-01-27 04-35-17,100,3.3333333333333335,63.32725,71.39343,99.50999999999999,0
Camo 录像 2026-01-27 04-35-17,101,3.3666666666666667,63.31949,71.57382,98.24000000000001,0
Camo 录像 2026-01-27 04-35-17,102,3.4,63.300007,71.764915,97.63999999999999,0
Camo 录像 2026-01-27 04-35-17,103,3.433333333333333,63.226772,71.937706,96.57999999999998,0
Camo 录像 2026-01-27 04-35-17,104,3.466666666666667,63.132534,72.12254,95.53999999999996,0
Camo 录像 2026-01-27 04-35-17,105,3.5,63.018707,72.32358,93.64999999999998,0
Camo 录像 2026-01-27 04-35-17,106,3.533333333333333,62.88325,72.523766,92.14999999999998,0
Camo 录像 2026-01-27 04-35-17,107,3.566666666666667,62.726086,72.70465,90.35000000000002,0
Camo 录像 2026-01-27 04-35-17,108,3.6,62.593445,72.97181,89.17000000000002,0
Camo 录像 2026-01-27 04-35-17,109,3.6333333333333333,62.400585,73.11457,87.37,0
Camo 录像 2026-01-27 04-35-17,110,3.6666666666666665,62.234806,73.31775,86.57,0
Camo 录像 2026-01-27 04-35-17,111,3.7,62.085217,73.5474,85.35000000000002,0
Camo 录像 2026-01-27 04-35-17,112,3.7333333333333334,61.92141,73.71853,83.88999999999999,0
Camo 录像 2026-01-27 04-35-17,113,3.7666666666666666,61.753838,73.91211,83.12,0
Camo 录像 2026-01-27 04-35-17,114,3.8,61.58661,74.1288,81.95999999999998,0
Camo 录像 2026-01-27 04-35-17,115,3.8333333333333335,61.413357,74.28054,80.82,0
Camo 录像 2026-01-27 04-35-17,116,3.8666666666666667,61.2552,74.48165,79.62,0
Camo 录像 2026-01-27 04-35-17,117,3.9,61.08845,74.65936,79.57,0
Camo 录像 2026-01-27 04-35-17,118,3.933333333333333,60.945374,74.85456,78.86000000000001,0
Camo 录像 2026-01-27 04-35-17,119,3.966666666666667,60.825623,75.04402,79.13,0
Camo 录像 2026-01-27 04-35-57,0,0.0,61.0,61.0,90.0,0
Camo 录像 2026-01-27 04-35-57,1,0.03333333333333333,60.99768,61.007904,90.17000000000002,0
Camo 录像 2026-01-27 04-35-57,2,0.06666666666666667,61.010006,61.012463,90.13,0
Camo 录像 2026-01-27 04-35-57,3,0.1,61.011993,61.022785,89.95999999999998,0
Camo 录像 2026-01-27 04-35-57,4,0.13333333333333333,61.022816,61.00652,89.94,0
Camo 录像 2026-01-27 04-35-57,5,0.16666666666666666,61.031925,61.013927,89.88,0
Camo 录像 2026-01-27 04-35-57,6,0.2,61.035267,61.036728,89.42000000000002,0
Camo 录像 2026-01-27 04-35-57,7,0.23333333333333334,61.07062,61.031322,89.62,0
Camo 录像 2026-01-27 04-35-57,8,0.26666666666666666,61.060627,61.032352,89.34000000000003,0
Camo 录像 2026-01-27 04-35-57,9,0.3,61.052204,61.044113,89.09000000000003,0
Camo 录像 2026-01-27 04-35-57,10,0.3333333333333333,61.049812,61.032757,89.47000000000003,0
Camo 录像 2026-01-27 04-35-57,11,0.36666666666666664,61.02993,61.04862,89.43,0
Camo 录像 2026-01-27 04-35-57,12,0.4,60.974846,61.077408,89.56,0
Camo 录像 2026-01-27 04-35-57,13,0.43333333333333335,60.95551,61.059795,89.53999999999996,0
Camo 录像 2026-01-27 04-35-57,14,0.4666666666666667,60.90823,61.062397,89.69999999999999,0
Camo 录像 2026-01-27 04-35-57,15,0.5,60.89101,61.051403,90.03999999999996,0
Camo 录像 2026-01-27 04-35-57,16,0.5333333333333333,60.88072,61.050472,90.63999999999999,0
Camo 录像 2026-01-27 04-35-57,17,0.5666666666666667,60.87733,61.048996,90.94999999999999,0
Camo 录像 2026-01-27 04-35-57,18,0.6,60.896362,61.051456,91.74000000000001,0
Camo 录像 2026-01-27 04-35-57,19,0.6333333333333333,60.96638,61.036526,92.90999999999997,0
Camo 录像 2026-01-27 04-35-57,20,0.6666666666666666,61.022846,61.04597,93.84000000000003,0
Camo 录像 2026-01-27 04-35-57,21,0.7,61.0964,61.05549,94.67000000000002,0
Camo 录像 2026-01-27 04-35-57,22,0.7333333333333333,61.19026,61.09128,95.38,0
Camo 录像 2026-01-27 04-35-57,23,0.7666666666666667,61.32993,61.144543,96.61000000000001,0
Camo 录像 2026-01-27 04-35-57,24,0.8,61.53996,61.207806,97.82999999999998,0
Camo 录像 2026-01-27 04-35-57,25,0.8333333333333334,61.73361,61.30191,99.50999999999999,0
Camo 录像 2026-01-27 04-35-57,26,0.8666666666666667,61.95562,61.390644,100.43,0
Camo 录像 2026-01-27 04-35-57,27,0.9,62.174667,61.491505,101.37,0
Camo 录像 2026-01-27 04-35-57,28,0.9333333333333333,62.393562,61.585773,102.48000000000002,0
Camo 录像 2026-01-27 04-35-57,29,0.9666666666666667,62.633083,61.676136,103.60000000000002,0
Camo 录像 2026-01-27 04-35-57,30,1.0,62.812046,61.783386,104.31,0
Camo 录像 2026-01-27 04-35-57,31,1.0333333333333334,62.989605,61.870537,104.77999999999997,0
Camo 录像 2026-01-27 04-35-57,32,1.0666666666666667,63.139523,61.963787,104.93,0
Camo 录像 2026-01-27 04-35-57,33,1.1,63.269604,62.05158,104.95999999999998,0
Camo 录像 2026-01-27 04-35-57,34,1.1333333333333333,63.3791,62.13875,104.94,0
Camo 录像 2026-01-27 04-35-57,35,1.1666666666666667,63.472454,62.221317,104.69999999999999,0
Camo 录像 2026-01-27 04-35-57,36,1.2,63.585506,62.285137,104.69,0
Camo 录像 2026-01-27 04-35-57,37,1.2333333333333334,63.625683,62.37365,104.13,0
Camo 录像 2026-01-27 04-35-57,38,1.2666666666666666,63.677586,62.45002,103.63,0
Camo 录像 2026-01-27 04-35-57,39,1.3,63.667057,62.558098,102.84000000000003,0
Camo 录像 2026-01-27 04-35-57,40,1.3333333333333333,63.593655,62.67232,101.62,0
Camo 录像 2026-01-27 04-35-57,41,1.3666666666666667,63.549816,62.772327,100.44,0
Camo 录像 2026-01-27 04-35-57,42,1.4,63.457996,62.899036,99.07999999999998,0
Camo 录像 2026-01-27 04-35-57,43,1.4333333333333333,63.350384,63.015896,97.73000000000002,0
Camo 录像 2026-01-27 04-35-57,44,1.4666666666666666,63.221973,63.147583,96.13999999999999,0
Camo 录像 2026-01-27 04-35-57,45,1.5,63.072437,63.27936,94.57,0
Camo 录像 2026-01-27 04-35-57,46,1.5333333333333334,62.899815,63.414402,93.15999999999997,0
Camo 录像 2026-01-27 04-35-57,47,1.5666666666666667,62.712353,63.549393,91.75999999999999,0
Camo 录像 2026-01-27 04-35-57,48,1.6,62.480236,63.693398,89.88999999999999,0
Camo 录像 2026-01-27 04-35-57,49,1.6333333333333333,62.338547,63.82217,88.59000000000003,0
Camo 录像 2026-01-27 04-35-57,50,1.6666666666666667,62.177635,63.945587,87.0,0
Camo 录像 2026-01-27 04-35-57,51,1.7,62.001255,64.07184,86.00999999999999,0
Camo 录像 2026-01-27 04-35-57,52,1.7333333333333334,61.858795,64.2071,84.99000000000001,0
Camo 录像 2026-01-27 04-35-57,53,1.7666666666666666,61.737675,64.32485,83.68,0
Camo 录像 2026-01-27 04-35-57,54,1.8,61.597782,64.446434,82.67000000000002,0
Camo 录像 2026-01-27 04-35-57,55,1.8333333333333333,61.457672,64.56987,81.56,0
Camo 录像 2026-01-27 04-35-57,56,1.8666666666666667,61.319027,64.68961,80.90999999999997,0
Camo 录像 2026-01-27 04-35-57,57,1.9,61.170444,64.78689,80.03999999999996,0
Camo 录像 2026-01-27 04-35-57,58,1.9333333333333333,61.058243,64.9099,79.06,0
Camo 录像 2026-01-27 04-35-57,59,1.9666666666666666,60.925255,65.01538,78.38999999999999,0
Camo 录像 2026-01-27 04-35-57,60,2.0,60.83606,65.13286,78.38,0
Camo 录像 2026-01-27 04-35-57,61,2.033333333333333,60.733093,65.24556,78.30000000000001,0
Camo 录像 2026-01-27 04-35-57,62,2.066666666666667,60.663654,65.35047,78.51999999999998,0
Camo 录像 2026-01-27 04-35-57,63,2.1,60.603127,65.46249,78.65999999999997,0
Camo 录像 2026-01-27 04-35-57,64,2.1333333333333333,60.546158,65.566185,78.92000000000002,0
Camo 录像 2026-01-27 04-35-57,65,2.1666666666666665,60.484932,65.6749,78.99000000000001,0
Camo 录像 2026-01-27 04-35-57,66,2.2,60.42328,65.77113,79.5,0
Camo 录像 2026-01-27 04-35-57,67,2.2333333333333334,60.36426,65.85822,79.73000000000002,0
Camo 录像 2026-01-27 04-35-57,68,2.2666666666666666,60.32514,65.986755,80.63,0
Camo 录像 2026-01-27 04-35-57,69,2.3,60.294487,66.09744,81.36000000000001,0
Camo 录像 2026-01-27 04-35-57,70,2.3333333333333335,60.27203,66.2145,82.37,0
Camo 录像 2026-01-27 04-35-57,71,2.3666666666666667,60.243496,66.33077,83.42000000000002,0
Camo 录像 2026-01-27 04-35-57,72,2.4,60.22988,66.449684,84.40999999999997,0
Camo 录像 2026-01-27 04-35-57,73,2.433333333333333,60.224857,66.57735,85.64999999999998,0
Camo 录像 2026-01-27 04-35-57,74,2.466666666666667,60.28423,66.716095,86.80000000000001,0
Camo 录像 2026-01-27 04-35-57,75,2.5,60.35466,66.86455,88.25999999999999,0
Camo 录像 2026-01-27 04-35-57,76,2.533333333333333,60.48383,67.02425,89.82,0
Camo 录像 2026-01-27 04-35-57,77,2.566666666666667,60.6133,67.17075,91.35000000000002,0
Camo 录像 2026-01-27 04-35-57,78,2.6,60.775883,67.32576,92.44999999999999,0
Camo 录像 2026-01-27 04-35-57,79,2.6333333333333333,60.959324,67.50336,94.19,0
Camo 录像 2026-01-27 04-35-57,80,2.6666666666666665,61.123417,67.65004,95.50999999999999,0
Camo 录像 2026-01-27 04-35-57,81,2.7,61.306023,67.81609,96.70999999999998,0
Camo 录像 2026-01-27 04-35-57,82,2.7333333333333334,61.493206,67.99138,97.81,0
Camo 录像 2026-01-27 04-35-57,83,2.7666666666666666,61.67564,68.168785,99.03999999999996,0
Camo 录像 2026-01-27 04-35-57,84,2.8,61.849716,68.31971,99.68,0
Camo 录像 2026-01-27 04-35-57,85,2.8333333333333335,62.027683,68.489555,100.75,0
Camo 录像 2026-01-27 04-35-57,86,2.8666666666666667,62.209972,68.66048,101.85000000000002,0
Camo 录像 2026-01-27 04-35-57,87,2.9,62.372738,68.79562,102.52999999999997,0
Camo 录像 2026-01-27 04-35-57,88,2.933333333333333,62.572384,68.97623,103.64999999999998,0
Camo 录像 2026-01-27 04-35-57,89,2.966666666666667,62.742664,69.129,104.15999999999997,0
Camo 录像 2026-01-27 04-35-57,90,3.0,62.87013,69.274605,104.34000000000003,0
Camo 录像 2026-01-27 04-35-57,91,3.033333333333333,63.000988,69.4379,104.57,0
Camo 录像 2026-01-27 04-35-57,92,3.066666666666667,63.130886,69.60541,104.09000000000003,0
Camo 录像 2026-01-27 04-35-57,93,3.1,63.242535,69.76138,104.31,0
Camo 录像 2026-01-27 04-35-57,94,3.1333333333333333,63.33263,69.90445,103.89999999999998,0
Camo 录像 2026-01-27 04-35-57,95,3.1666666666666665,63.405437,70.04434,103.44999999999999,0
Camo 录像 2026-01-27 04-35-57,96,3.2,63.4929,70.211624,103.11000000000001,0
Camo 录像 2026-01-27 04-35-57,97,3.2333333333333334,63.552494,70.35685,102.99000000000001,0
Camo 录像 2026-01-27 04-35-57,98,3.2666666666666666,63.560833,70.507,102.12,0
Camo 录像 2026-01-27 04-35-57,99,3.3,63.55843,70.67633,101.5,0
Camo 录像 2026-01-27 04-35-57,100,3.3333333333333335,63.535664,70.8407,100.35000000000002,0
Camo 录像 2026-01-27 04-35-57,101,3.3666666666666667,63.529125,71.02639,99.53999999999996,0
Camo 录像 2026-01-27 04-35-57,102,3.4,63.49619,71.20025,98.44999999999999,0
Camo 录像 2026-01-27 04-35-57,103,3.433333333333333,63.45177,71.36553,97.12,0
Camo 录像 2026-01-27 04-35-57,104,3.466666666666667,63.34286,71.52776,96.19,0
Camo 录像 2026-01-27 04-35-57,105,3.5,63.27712,71.75162,94.88999999999999,0
Camo 录像 2026-01-27 04-35-57,106,3.533333333333333,63.141445,71.92501,93.07999999999998,0
Camo 录像 2026-01-27 04-35-57,107,3.566666666666667,62.99204,72.11611,91.76999999999998,0
Camo 录像 2026-01-27 04-35-57,108,3.6,62.868618,72.33442,89.97000000000003,0
Camo 录像 2026-01-27 04-35-57,109,3.6333333333333333,62.674282,72.495636,88.88999999999999,0
Camo 录像 2026-01-27 04-35-57,110,3.6666666666666665,62.541748,72.70436,86.93,0
Camo 录像 2026-01-27 04-35-57,111,3.7,62.37181,72.88319,85.67000000000002,0
Camo 录像 2026-01-27 04-35-57,112,3.7333333333333334,62.216858,73.084656,84.99000000000001,0
Camo 录像 2026-01-27 04-35-57,113,3.7666666666666666,62.05377,73.270775,83.97000000000003,0
Camo 录像 2026-01-27 04-35-57,114,3.8,61.88556,73.437035,82.92000000000002,0
Camo 录像 2026-01-27 04-35-57,115,3.8333333333333335,61.736187,73.63569,81.57,0
Camo 录像 2026-01-27 04-35-57,116,3.8666666666666667,61.578106,73.81228,80.76999999999998,0
Camo 录像 2026-01-27 04-35-57,117,3.9,61.40825,73.97729,79.84000000000003,0
Camo 录像 2026-01-27 04-35-57,118,3.933333333333333,61.224464,74.08602,79.07,0
Camo 录像 2026-01-27 04-35-57,119,3.966666666666667,61.09312,74.28395,79.37,0
Camo 录像 2026-01-27 05-12-59,0,0.0,61.0,61.0,90.0,0
Camo 录像 2026-01-27 05-12-59,1,0.03333333333333333,60.98036,61.01123,89.69999999999999,0
Camo 录像 2026-01-27 05-12-59,2,0.06666666666666667,60.9679,61.011925,89.82,0
Camo 录像 2026-01-27 05-12-59,3,0.1,60.90044,61.00175,89.87,0
Camo 录像 2026-01-27 05-12-59,4,0.13333333333333333,60.900543,61.00175,89.86000000000001,0
Camo 录像 2026-01-27 05-12-59,5,0.16666666666666666,60.851326,61.017517,89.25,0
Camo 录像 2026-01-27 05-12-59,6,0.2,60.794685,61.034748,88.93,0
Camo 录像 2026-01-27 05-12-59,7,0.23333333333333334,60.718735,61.03221,88.81,0
Camo 录像 2026-01-27 05-12-59,8,0.26666666666666666,60.623325,61.058,88.34000000000003,0
Camo 录像 2026-01-27 05-12-59,9,0.3,60.51054,61.052814,88.20999999999998,0
Camo 录像 2026-01-27 05-12-59,10,0.3333333333333333,60.397915,61.06792,87.68,0
Camo 录像 2026-01-27 05-12-59,11,0.36666666666666664,60.310387,61.057644,87.75,0
Camo 录像 2026-01-27 05-12-59,12,0.4,60.224846,61.057274,87.82,0
Camo 录像 2026-01-27 05-12-59,13,0.43333333333333335,60.170933,61.053936,87.85000000000002,0
Camo 录像 2026-01-27 05-12-59,14,0.4666666666666667,60.112484,61.036854,87.76999999999998,0
Camo 录像 2026-01-27 05-12-59,15,0.5,60.08277,61.03191,88.37,0
Camo 录像 2026-01-27 05-12-59,16,0.5333333333333333,60.069668,61.02189,89.13999999999999,0
Camo 录像 2026-01-27 05-12-59,17,0.5666666666666667,60.073727,61.016163,89.90999999999997,0
Camo 录像 2026-01-27 05-12-59,18,0.6,60.108524,61.0433,90.35000000000002,0
Camo 录像 2026-01-27 05-12-59,19,0.6333333333333333,60.15012,61.028385,91.56,0
Camo 录像 2026-01-27 05-12-59,20,0.6666666666666666,60.223896,61.060974,92.17000000000002,0
Camo 录像 2026-01-27 05-12-59,21,0.7,60.33221,61.057457,93.92000000000002,0
Camo 录像 2026-01-27 05-12-59,22,0.7333333333333333,60.490585,61.07846,95.39999999999998,0
Camo 录像 2026-01-27 05-12-59,23,0.7666666666666667,60.6641,61.127216,96.57,0
Camo 录像 2026-01-27 05-12-59,24,0.8,60.856583,61.18668,97.98000000000002,0
Camo 录像 2026-01-27 05-12-59,25,0.8333333333333334,61.050484,61.23565,99.25999999999999,0
Camo 录像 2026-01-27 05-12-59,26,0.8666666666666667,61.24006,61.28509,100.49000000000001,0
Camo 录像 2026-01-27 05-12-59,27,0.9,61.436317,61.336357,101.48000000000002,0
Camo 录像 2026-01-27 05-12-59,28,0.9333333333333333,61.630898,61.435184,103.00999999999999,0
Camo 录像 2026-01-27 05-12-59,29,0.9666666666666667,61.8158,61.46326,103.42000000000002,0
Camo 录像 2026-01-27 05-12-59,30,1.0,61.970787,61.528416,103.98000000000002,0
Camo 录像 2026-01-27 05-12-59,31,1.0333333333333334,62.0978,61.618313,104.12,0
Camo 录像 2026-01-27 05-12-59,32,1.0666666666666667,62.208035,61.708652,103.90999999999997,0
Camo 录像 2026-01-27 05-12-59,33,1.1,62.29275,61.782455,104.09000000000003,0
Camo 录像 2026-01-27 05-12-59,34,1.1333333333333333,62.379627,61.84217,103.82,0
Camo 录像 2026-01-27 05-12-59,35,1.1666666666666667,62.44788,61.92961,103.47000000000003,0
Camo 录像 2026-01-27 05-12-59,36,1.2,62.476574,62.020035,102.95999999999998,0
Camo 录像 2026-01-27 05-12-59,37,1.2333333333333334,62.480488,62.09146,102.50999999999999,0
Camo 录像 2026-01-27 05-12-59,38,1.2666666666666666,62.446274,62.181957,101.70999999999998,0
Camo 录像 2026-01-27 05-12-59,39,1.3,62.3827,62.28894,100.44999999999999,0
Camo 录像 2026-01-27 05-12-59,40,1.3333333333333333,62.288593,62.390255,99.19,0
Camo 录像 2026-01-27 05-12-59,41,1.3666666666666667,62.187965,62.495308,97.92000000000002,0
Camo 录像 2026-01-27 05-12-59,42,1.4,62.072506,62.61597,96.68,0
Camo 录像 2026-01-27 05-12-59,43,1.4333333333333333,61.95812,62.730366,95.23000000000002,0
Camo 录像 2026-01-27 05-12-59,44,1.4666666666666666,61.702328,62.963917,92.23000000000002,0
Camo 录像 2026-01-27 05-12-59,45,1.5,61.704082,62.96342,92.31,0
Camo 录像 2026-01-27 05-12-59,46,1.5333333333333334,61.40576,63.2124,89.38999999999999,0
Camo 录像 2026-01-27 05-12-59,47,1.5666666666666667,61.4111,63.21472,89.61000000000001,0
Camo 录像 2026-01-27 05-12-59,48,1.6,61.092255,63.467506,86.45999999999998,0
Camo 录像 2026-01-27 05-12-59,49,1.6333333333333333,61.09225,63.46761,86.45999999999998,0
Camo 录像 2026-01-27 05-12-59,50,1.6666666666666667,60.77161,63.712242,83.81,0
Camo 录像 2026-01-27 05-12-59,51,1.7,60.771606,63.712654,83.80000000000001,0
Camo 录像 2026-01-27 05-12-59,52,1.7333333333333334,60.619347,63.82388,82.80000000000001,0
Camo 录像 2026-01-27 05-12-59,53,1.7666666666666666,60.464287,63.93703,81.69999999999999,0
Camo 录像 2026-01-27 05-12-59,54,1.8,60.312332,64.04805,80.52999999999997,0
Camo 录像 2026-01-27 05-12-59,55,1.8333333333333333,60.16858,64.15019,79.45999999999998,0
Camo 录像 2026-01-27 05-12-59,56,1.8666666666666667,60.0185,64.25784,78.68,0
Camo 录像 2026-01-27 05-12-59,57,1.9,59.88201,64.35141,77.49000000000001,0
Camo 录像 2026-01-27 05-12-59,58,1.9333333333333333,59.75982,64.47552,76.07,0
Camo 录像 2026-01-27 05-12-59,59,1.9666666666666666,59.657623,64.55389,76.09000000000003,0
Camo 录像 2026-01-27 05-12-59,60,2.0,59.58001,64.64972,76.44999999999999,0
Camo 录像 2026-01-27 05-12-59,61,2.033333333333333,59.50476,64.759796,76.19999999999999,0
Camo 录像 2026-01-27 05-12-59,62,2.066666666666667,59.43276,64.848785,76.94999999999999,0
Camo 录像 2026-01-27 05-12-59,63,2.1,59.365818,64.94855,77.06,0
Camo 录像 2026-01-27 05-12-59,64,2.1333333333333333,59.30407,65.05722,77.01999999999998,0
Camo 录像 2026-01-27 05-12-59,65,2.1666666666666665,59.240498,65.14722,77.44,0
Camo 录像 2026-01-27 05-12-59,66,2.2,59.193405,65.25018,77.82,0
Camo 录像 2026-01-27 05-12-59,67,2.2333333333333334,59.162285,65.35187,78.50999999999999,0
Camo 录像 2026-01-27 05-12-59,68,2.2666666666666666,59.170082,65.564926,80.5,0
Camo 录像 2026-01-27 05-12-59,69,2.3,59.170597,65.56503,80.5,0
Camo 录像 2026-01-27 05-12-59,70,2.3333333333333335,59.206112,65.677826,81.65999999999997,0
Camo 录像 2026-01-27 05-12-59,71,2.3666666666666667,59.263695,65.800125,82.88999999999999,0
Camo 录像 2026-01-27 05-12-59,72,2.4,59.33712,65.92445,84.03999999999996,0
Camo 录像 2026-01-27 05-12-59,73,2.433333333333333,59.388657,66.05679,85.53999999999996,0
Camo 录像 2026-01-27 05-12-59,74,2.466666666666667,59.586964,66.33835,88.40999999999997,0
Camo 录像 2026-01-27 05-12-59,75,2.5,59.58686,66.33844,88.40999999999997,0
Camo 录像 2026-01-27 05-12-59,76,2.533333333333333,59.82386,66.62433,91.20999999999998,0
Camo 录像 2026-01-27 05-12-59,77,2.566666666666667,59.824066,66.624435,91.19,0
Camo 录像 2026-01-27 05-12-59,78,2.6,60.110405,66.90994,93.69999999999999,0
Camo 录像 2026-01-27 05-12-59,79,2.6333333333333333,60.11145,66.90819,93.69,0
Camo 录像 2026-01-27 05-12-59,80,2.6666666666666665,60.27931,67.04817,95.30000000000001,0
Camo 录像 2026-01-27 05-12-59,81,2.7,60.452923,67.20448,96.38,0
Camo 录像 2026-01-27 05-12-59,82,2.7333333333333334,60.63382,67.35152,97.90999999999997,0
Camo 录像 2026-01-27 05-12-59,83,2.7666666666666666,60.809612,67.49281,98.63,0
Camo 录像 2026-01-27 05-12-59,84,2.8,61.12366,67.78473,100.63,0
Camo 录像 2026-01-27 05-12-59,85,2.8333333333333335,61.28232,67.94772,101.90999999999997,0
Camo 录像 2026-01-27 05-12-59,86,2.8666666666666667,61.422092,68.07341,102.80000000000001,0
Camo 录像 2026-01-27 05-12-59,87,2.9,61.566437,68.20883,103.88999999999999,0
Camo 录像 2026-01-27 05-12-59,88,2.933333333333333,61.695004,68.36131,104.13999999999999,0
Camo 录像 2026-01-27 05-12-59,89,2.966666666666667,61.806335,68.50516,104.45999999999998,0
Camo 录像 2026-01-27 05-12-59,90,3.0,61.905743,68.64598,104.52999999999997,0
Camo 录像 2026-01-27 05-12-59,91,3.033333333333333,61.988907,68.81151,104.00999999999999,0
Camo 录像 2026-01-27 05-12-59,92,3.066666666666667,62.054844,68.95241,104.07999999999998,0
Camo 录像 2026-01-27 05-12-59,93,3.1,62.109566,69.07701,103.88999999999999,0
Camo 录像 2026-01-27 05-12-59,94,3.1333333333333333,62.166126,69.23328,103.37,0
Camo 录像 2026-01-27 05-12-59,95,3.1666666666666665,62.221855,69.39017,103.10000000000002,0
Camo 录像 2026-01-27 05-12-59,96,3.2,62.239845,69.53871,102.23000000000002,0
Camo 录像 2026-01-27 05-12-59,97,3.2333333333333334,62.24316,69.69403,101.42000000000002,0
Camo 录像 2026-01-27 05-12-59,98,3.2666666666666666,62.25492,69.84943,100.44,0
Camo 录像 2026-01-27 05-12-59,99,3.3,62.248657,70.03288,99.53999999999996,0
Camo 录像 2026-01-27 05-12-59,100,3.3333333333333335,62.21934,70.18497,98.39999999999998,0
Camo 录像 2026-01-27 05-12-59,101,3.3666666666666667,62.195904,70.379395,97.07999999999998,0
Camo 录像 2026-01-27 05-12-59,102,3.4,62.139965,70.566055,95.86000000000001,0
Camo 录像 2026-01-27 05-12-59,103,3.433333333333333,62.07171,70.76135,94.63,0
Camo 录像 2026-01-27 05-12-59,104,3.466666666666667,62.0716,70.76166,94.63999999999999,0
Camo 录像 2026-01-27 05-12-59,105,3.5,61.982006,70.94447,93.13,0
Camo 录像 2026-01-27 05-12-59,106,3.533333333333333,61.731976,71.31871,90.28999999999996,0
Camo 录像 2026-01-27 05-12-59,107,3.566666666666667,61.731674,71.31778,90.28999999999996,0
Camo 录像 2026-01-27 05-12-59,108,3.6,61.60362,71.51906,88.92000000000002,0
Camo 录像 2026-01-27 05-12-59,109,3.6333333333333333,61.456932,71.68919,87.39999999999998,0
Camo 录像 2026-01-27 05-12-59,110,3.6666666666666665,61.31689,71.838165,85.76999999999998,0
Camo 录像 2026-01-27 05-12-59,111,3.7,61.17462,72.06633,84.69999999999999,0
Camo 录像 2026-01-27 05-12-59,112,3.7333333333333334,61.033512,72.26253,83.82,0
Camo 录像 2026-01-27 05-12-59,113,3.7666666666666666,60.73982,72.61624,82.22000000000003,0
Camo 录像 2026-01-27 05-12-59,114,3.8,60.59946,72.79295,80.63999999999999,0
Camo 录像 2026-01-27 05-12-59,115,3.8333333333333335,60.599358,72.793274,80.64999999999998,0
Camo 录像 2026-01-27 05-12-59,116,3.8666666666666667,60.446854,73.024734,79.87,0
Camo 录像 2026-01-27 05-12-59,117,3.9,60.299793,73.159515,78.80000000000001,0
Camo 录像 2026-01-27 05-12-59,118,3.933333333333333,60.17469,73.3199,78.35000000000002,0
Camo 录像 2026-01-27 05-12-59,119,3.966666666666667,60.044895,73.50253,78.64999999999998,0
