video,frame,timestamp,x_cm,y_cm,robot_yaw,interpolated
Camo 录像 2026-01-27 03-31-18,0,0.0,61.0,61.0,90.0,0
Camo 录像 2026-01-27 03-31-18,1,0.03333333333333333,61.020054,60.973446,89.85000000000002,0
Camo 录像 2026-01-27 03-31-18,2,0.06666666666666667,61.044727,60.96258,89.94,0
Camo 录像 2026-01-27 03-31-18,3,0.1,61.0372,60.964462,89.68,0
Camo 录像 2026-01-27 03-31-18,4,0.13333333333333333,60.986435,60.96836,89.30000000000001,0
Camo 录像 2026-01-27 03-31-18,5,0.16666666666666666,60.90791,60.98247,88.13999999999999,0
Camo 录像 2026-01-27 03-31-18,6,0.2,60.80815,60.972584,87.70999999999998,0
Camo 录像 2026-01-27 03-31-18,7,0.23333333333333334,60.62711,61.003338,87.22000000000003,0
Camo 录像 2026-01-27 03-31-18,8,0.26666666666666666,60.40194,60.98752,85.86000000000001,0
Camo 录像 2026-01-27 03-31-18,9,0.3,60.214756,60.912384,85.75999999999999,0
Camo 录像 2026-01-27 03-31-18,10,0.3333333333333333,59.96205,60.876205,85.15999999999997,0
Camo 录像 2026-01-27 03-31-18,11,0.36666666666666664,59.706398,60.83639,84.87,0
Camo 录像 2026-01-27 03-31-18,12,0.4,59.480476,60.75469,84.78999999999996,0
Camo 录像 2026-01-27 03-31-18,13,0.43333333333333335,59.269917,60.698772,85.35000000000002,0
Camo 录像 2026-01-27 03-31-18,14,0.4666666666666667,59.129547,60.613323,86.5,0
Camo 录像 2026-01-27 03-31-18,15,0.5,58.97663,60.58477,87.57999999999998,0
Camo 录像 2026-01-27 03-31-18,16,0.5333333333333333,58.96468,60.472145,89.32999999999998,0
Camo 录像 2026-01-27 03-31-18,17,0.5666666666666667,58.968586,60.443672,91.28999999999996,0
Camo 录像 2026-01-27 03-31-18,18,0.6,59.07345,60.400192,94.10000000000002,0
Camo 录像 2026-01-27 03-31-18,19,0.6333333333333333,59.22419,60.459393,97.19999999999999,0
Camo 录像 2026-01-27 03-31-18,20,0.6666666666666666,59.390892,60.58989,99.49000000000001,0
Camo 录像 2026-01-27 03-31-18,21,0.7,59.765537,60.754658,103.19,0
Camo 录像 2026-01-27 03-31-18,22,0.7333333333333333,60.20386,61.040638,107.19,0
Camo 录像 2026-01-27 03-31-18,23,0.7666666666666667,60.72714,61.382797,111.32999999999998,0
Camo 录像 2026-01-27 03-31-18,24,0.8,61.324318,61.74418,115.61000000000001,0
Camo 录像 2026-01-27 03-31-18,25,0.8333333333333334,61.960785,62.10208,119.0,0
Camo 录像 2026-01-27 03-31-18,26,0.8666666666666667,62.61989,62.45407,122.62,0
Camo 录像 2026-01-27 03-31-18,27,0.9,63.220642,62.824944,125.54000000000002,0
Camo 录像 2026-01-27 03-31-18,28,0.9333333333333333,63.84861,63.168423,128.45999999999998,0
Camo 录像 2026-01-27 03-31-18,29,0.9666666666666667,64.51129,63.485622,130.07999999999998,0
Camo 录像 2026-01-27 03-31-18,30,1.0,65.09662,63.815628,131.07,0
Camo 录像 2026-01-27 03-31-18,31,1.0333333333333334,65.652275,64.154205,131.74,0
Camo 录像 2026-01-27 03-31-18,32,1.0666666666666667,66.19372,64.48308,132.11,0
Camo 录像 2026-01-27 03-31-18,33,1.1,66.689896,64.79698,131.77999999999997,0
Camo 录像 2026-01-27 03-31-18,34,1.1333333333333333,67.25428,65.079575,131.42000000000002,0
Camo 录像 2026-01-27 03-31-18,35,1.1666666666666667,67.58351,65.38815,130.45,0
Camo 录像 2026-01-27 03-31-18,36,1.2,67.97884,65.71939,129.61,0
Camo 录像 2026-01-27 03-31-18,37,1.2333333333333334,68.37331,66.091225,128.06,0
Camo 录像 2026-01-27 03-31-18,38,1.2666666666666666,68.66401,66.50382,126.15999999999997,0
Camo 录像 2026-01-27 03-31-18,39,1.3,68.938065,66.91473,123.03999999999996,0
Camo 录像 2026-01-27 03-31-18,40,1.3333333333333333,69.04765,67.3705,120.98000000000002,0
Camo 录像 2026-01-27 03-31-18,41,1.3666666666666667,69.2512,67.82451,117.37,0
Camo 录像 2026-01-27 03-31-18,42,1.4,69.34918,68.3238,114.42000000000002,0
Camo 录像 2026-01-27 03-31-18,43,1.4333333333333333,69.37108,68.86613,111.69,0
Camo 录像 2026-01-27 03-31-18,44,1.4666666666666666,69.25062,69.43624,107.50999999999999,0
Camo 录像 2026-01-27 03-31-18,45,1.5,69.24664,70.05814,103.63,0
Camo 录像 2026-01-27 03-31-18,46,1.5333333333333334,69.16948,70.70157,100.03999999999996,0
Camo 录像 2026-01-27 03-31-18,47,1.5666666666666667,69.01017,71.3486,95.78999999999996,0
Camo 录像 2026-01-27 03-31-18,48,1.6,68.915955,72.04524,91.75999999999999,0
Camo 录像 2026-01-27 03-31-18,49,1.6333333333333333,68.601364,72.65988,87.5,0
Camo 录像 2026-01-27 03-31-18,50,1.6666666666666667,68.49969,73.312614,84.07999999999998,0
Camo 录像 2026-01-27 03-31-18,51,1.7,68.269264,73.92431,80.75,0
Camo 录像 2026-01-27 03-31-18,52,1.7333333333333334,68.02718,74.52085,77.70999999999998,0
Camo 录像 2026-01-27 03-31-18,53,1.7666666666666666,67.710785,75.057434,74.16,0
Camo 录像 2026-01-27 03-31-18,54,1.8,67.37537,75.56877,71.20999999999998,0
Camo 录像 2026-01-27 03-31-18,55,1.8333333333333333,67.0953,76.10765,69.13999999999999,0
Camo 录像 2026-01-27 03-31-18,56,1.8666666666666667,66.70101,76.58838,66.94999999999999,0
Camo 录像 2026-01-27 03-31-18,57,1.9,66.34292,77.07911,65.05000000000001,0
Camo 录像 2026-01-27 03-31-18,58,1.9333333333333333,65.91029,77.51139,62.849999999999994,0
Camo 录像 2026-01-27 03-31-18,59,1.9666666666666666,65.53671,77.98795,62.31,0
Camo 录像 2026-01-27 03-31-18,60,2.0,65.182205,78.47558,61.170000000000016,0
Camo 录像 2026-01-27 03-31-18,61,2.033333333333333,64.75081,78.87293,60.44,0
Camo 录像 2026-01-27 03-31-18,62,2.066666666666667,64.37649,79.37698,61.19999999999999,0
Camo 录像 2026-01-27 03-31-18,63,2.1,63.989227,79.82736,61.53,0
Camo 录像 2026-01-27 03-31-18,64,2.1333333333333333,63.627884,80.23831,62.31,0
Camo 录像 2026-01-27 03-31-18,65,2.1666666666666665,63.32441,80.72884,62.22999999999999,0
Camo 录像 2026-01-27 03-31-18,66,2.2,63.03183,81.20714,63.47999999999999,0
Camo 录像 2026-01-27 03-31-18,67,2.2333333333333334,62.729645,81.523834,64.78999999999999,0
Camo 录像 2026-01-27 03-31-18,68,2.2666666666666666,62.60279,82.11657,67.6,0
Camo 录像 2026-01-27 03-31-18,69,2.3,62.43628,82.45305,70.72999999999999,0
Camo 录像 2026-01-27 03-31-18,70,2.3333333333333335,62.445602,83.02319,72.85,0
Camo 录像 2026-01-27 03-31-18,71,2.3666666666666667,62.40352,83.35385,74.99000000000001,0
Camo 录像 2026-01-27 03-31-18,72,2.4,62.44339,83.874954,77.30000000000001,0
Camo 录像 2026-01-27 03-31-18,73,2.433333333333333,62.557648,84.4001,82.07999999999998,0
Camo 录像 2026-01-27 03-31-18,74,2.466666666666667,62.736168,84.96523,85.31,0
Camo 录像 2026-01-27 03-31-18,75,2.5,62.936592,85.47965,89.07,0
Camo 录像 2026-01-27 03-31-18,76,2.533333333333333,63.219,86.11086,92.28999999999996,0
Camo 录像 2026-01-27 03-31-18,77,2.566666666666667,63.519676,86.75865,96.58999999999997,0
Camo 录像 2026-01-27 03-31-18,78,2.6,63.839394,87.36882,99.20999999999998,0
Camo 录像 2026-01-27 03-31-18,79,2.6333333333333333,64.13198,87.865746,102.83999999999997,0
Camo 录像 2026-01-27 03-31-18,80,2.6666666666666665,64.598,88.74382,106.27999999999997,0
Camo 录像 2026-01-27 03-31-18,81,2.7,64.86985,89.14423,109.88,0
Camo 录像 2026-01-27 03-31-18,82,2.7333333333333334,65.26644,89.75114,113.76999999999998,0
Camo 录像 2026-01-27 03-31-18,83,2.7666666666666666,65.67018,90.31168,116.63,0
Camo 录像 2026-01-27 03-31-18,84,2.8,65.99966,90.63536,118.85000000000002,0
Camo 录像 2026-01-27 03-31-18,85,2.8333333333333335,66.50404,91.34622,122.00999999999999,0
Camo 录像 2026-01-27 03-31-18,86,2.8666666666666667,66.951935,91.814926,124.72000000000003,0
Camo 录像 2026-01-27 03-31-18,87,2.9,67.393166,92.205154,126.29000000000002,0
Camo 录像 2026-01-27 03-31-18,88,2.933333333333333,67.86544,92.69373,128.24,0
Camo 录像 2026-01-27 03-31-18,89,2.966666666666667,68.30283,93.06579,129.2,0
Camo 录像 2026-01-27 03-31-18,90,3.0,68.773285,93.451675,129.54000000000002,0
Camo 录像 2026-01-27 03-31-18,91,3.033333333333333,69.205376,93.88678,129.55,0
Camo 录像 2026-01-27 03-31-18,92,3.066666666666667,69.62809,94.310326,129.62,0
Camo 录像 2026-01-27 03-31-18,93,3.1,70.09986,94.82534,129.3,0
Camo 录像 2026-01-27 03-31-18,94,3.1333333333333333,70.57869,95.34058,128.83999999999997,0
Camo 录像 2026-01-27 03-31-18,95,3.1666666666666665,70.99247,95.74067,128.56,0
Camo 录像 2026-01-27 03-31-18,96,3.2,71.294365,95.94035,127.18,0
Camo 录像 2026-01-27 03-31-18,97,3.2333333333333334,71.75176,96.579544,125.65999999999997,0
Camo 录像 2026-01-27 03-31-18,98,3.2666666666666666,72.18102,97.23564,123.08999999999997,0
Camo 录像 2026-01-27 03-31-18,99,3.3,72.399704,97.59505,121.57999999999998,0
Camo 录像 2026-01-27 03-31-18,100,3.3333333333333335,72.513985,97.932175,117.01999999999998,0
Camo 录像 2026-01-27 03-31-18,101,3.3666666666666667,72.77755,98.606674,114.75999999999999,0
Camo 录像 2026-01-27 03-31-18,102,3.4,72.85686,99.07379,111.78999999999996,0
Camo 录像 2026-01-27 03-31-18,103,3.433333333333333,72.90558,99.62799,108.92000000000002,0
Camo 录像 2026-01-27 03-31-18,104,3.466666666666667,72.939964,100.40812,107.69,0
Camo 录像 2026-01-27 03-31-18,105,3.5,72.95025,101.21402,101.18,0
Camo 录像 2026-01-27 03-31-18,106,3.533333333333333,72.7007,101.65855,97.53999999999996,0
Camo 录像 2026-01-27 03-31-18,107,3.566666666666667,72.60071,102.51357,93.60000000000002,0
Camo 录像 2026-01-27 03-31-18,108,3.6,72.430466,103.27555,93.39999999999998,0
Camo 录像 2026-01-27 03-31-18,109,3.6333333333333333,72.264366,104.13224,86.10000000000002,0
Camo 录像 2026-01-27 03-31-18,110,3.6666666666666665,71.92674,104.58498,82.07,0
Camo 录像 2026-01-27 03-31-18,111,3.7,71.674,105.324104,78.44,0
Camo 录像 2026-01-27 03-31-18,112,3.7333333333333334,71.418625,106.053734,75.31,0
Camo 录像 2026-01-27 03-31-18,113,3.7666666666666666,71.06699,106.63766,76.75999999999999,0
Camo 录像 2026-01-27 03-31-18,114,3.8,70.76674,107.355354,69.70999999999998,0
Camo 录像 2026-01-27 03-31-18,115,3.8333333333333335,70.39838,107.91895,66.88999999999999,0
Camo 录像 2026-01-27 03-31-18,116,3.8666666666666667,69.959236,108.374886,65.06,0
Camo 录像 2026-01-27 03-31-18,117,3.9,69.87668,109.90678,64.07,0
Camo 录像 2026-01-27 03-31-18,118,3.933333333333333,69.26067,109.86015,65.47999999999999,0
Camo 录像 2026-01-27 03-31-18,119,3.966666666666667,68.75805,110.13229,60.129999999999995,0
Camo 录像 2026-01-27 03-34-14,0,0.0,61.0,61.0,90.0,0
Camo 录像 2026-01-27 03-34-14,1,0.03333333333333333,60.98842,61.02202,90.26999999999998,0
Camo 录像 2026-01-27 03-34-14,2,0.06666666666666667,60.984337,61.031654,90.14999999999998,0
Camo 录像 2026-01-27 03-34-14,3,0.1,60.944664,61.05245,90.0,0
Camo 录像 2026-01-27 03-34-14,4,0.13333333333333333,60.921875,61.043358,89.56,0
Camo 录像 2026-01-27 03-34-14,5,0.16666666666666666,60.838654,61.05114,89.19,0
Camo 录像 2026-01-27 03-34-14,6,0.2,60.699326,61.06009,88.14999999999998,0
Camo 录像 2026-01-27 03-34-14,7,0.23333333333333334,60.577797,61.05491,87.90999999999997,0
Camo 录像 2026-01-27 03-34-14,8,0.26666666666666666,60.396935,61.070835,87.92000000000002,0
Camo 录像 2026-01-27 03-34-14,9,0.3,60.190655,61.042946,87.27999999999997,0
Camo 录像 2026-01-27 03-34-14,10,0.3333333333333333,59.91321,61.035732,86.59000000000003,0
Camo 录像 2026-01-27 03-34-14,11,0.36666666666666664,59.6576,61.01258,86.35000000000002,0
Camo 录像 2026-01-27 03-34-14,12,0.4,59.423016,60.986046,86.00999999999999,0
Camo 录像 2026-01-27 03-34-14,13,0.43333333333333335,59.216507,60.919647,86.49000000000001,0
Camo 录像 2026-01-27 03-34-14,14,0.4666666666666667,59.0159,60.878128,87.17000000000002,0
Camo 录像 2026-01-27 03-34-14,15,0.5,58.924385,60.808094,88.22000000000003,0
Camo 录像 2026-01-27 03-34-14,16,0.5333333333333333,58.86547,60.77093,89.89999999999998,0
Camo 录像 2026-01-27 03-34-14,17,0.5666666666666667,58.863598,60.730244,91.87,0
Camo 录像 2026-01-27 03-34-14,18,0.6,58.960594,60.709427,94.27999999999997,0
Camo 录像 2026-01-27 03-34-14,19,0.6333333333333333,59.133755,60.731617,97.13999999999999,0
Camo 录像 2026-01-27 03-34-14,20,0.6666666666666666,59.30644,60.864784,100.13999999999999,0
Camo 录像 2026-01-27 03-34-14,21,0.7,59.695717,61.05169,103.25,0
Camo 录像 2026-01-27 03-34-14,22,0.7333333333333333,60.158974,61.333073,107.42000000000002,0
Camo 录像 2026-01-27 03-34-14,23,0.7666666666666667,60.733765,61.66928,111.55000000000001,0
Camo 录像 2026-01-27 03-34-14,24,0.8,61.363564,62.050163,115.69999999999999,0
Camo 录像 2026-01-27 03-34-14,25,0.8333333333333334,61.990807,62.420856,119.44999999999999,0
Camo 录像 2026-01-27 03-34-14,26,0.8666666666666667,62.6588,62.80271,123.12,0
Camo 录像 2026-01-27 03-34-14,27,0.9,63.298973,63.165257,126.60000000000002,0
Camo 录像 2026-01-27 03-34-14,28,0.9333333333333333,63.93667,63.52121,129.29000000000002,0
Camo 录像 2026-01-27 03-34-14,29,0.9666666666666667,64.60282,63.863377,130.87,0
Camo 录像 2026-01-27 03-34-14,30,1.0,65.23075,64.18652,132.24,0
Camo 录像 2026-01-27 03-34-14,31,1.0333333333333334,65.755936,64.52612,132.58999999999997,0
Camo 录像 2026-01-27 03-34-14,32,1.0666666666666667,66.24953,64.868515,132.45999999999998,0
Camo 录像 2026-01-27 03-34-14,33,1.1,66.81296,65.18291,132.38,0
Camo 录像 2026-01-27 03-34-14,34,1.1333333333333333,67.2866,65.468765,132.52999999999997,0
Camo 录像 2026-01-27 03-34-14,35,1.1666666666666667,67.7749,65.75325,131.95,0
Camo 录像 2026-01-27 03-34-14,36,1.2,68.187416,66.07024,130.93,0
Camo 录像 2026-01-27 03-34-14,37,1.2333333333333334,68.49555,66.441986,128.73000000000002,0
Camo 录像 2026-01-27 03-34-14,38,1.2666666666666666,68.81327,66.86488,126.86000000000001,0
Camo 录像 2026-01-27 03-34-14,39,1.3,69.192696,67.30681,124.75,0
Camo 录像 2026-01-27 03-34-14,40,1.3333333333333333,69.30205,67.760315,122.79000000000002,0
Camo 录像 2026-01-27 03-34-14,41,1.3666666666666667,69.47291,68.214005,118.39999999999998,0
Camo 录像 2026-01-27 03-34-14,42,1.4,69.67799,68.74631,116.39999999999998,0
Camo 录像 2026-01-27 03-34-14,43,1.4333333333333333,69.74514,69.2941,113.37,0
Camo 录像 2026-01-27 03-34-14,44,1.4666666666666666,69.744,69.867905,109.06,0
Camo 录像 2026-01-27 03-34-14,45,1.5,69.79685,70.508194,105.39999999999998,0
Camo 录像 2026-01-27 03-34-14,46,1.5333333333333334,69.710335,71.15613,101.32999999999998,0
Camo 录像 2026-01-27 03-34-14,47,1.5666666666666667,69.57008,71.84148,97.38,0
Camo 录像 2026-01-27 03-34-14,48,1.6,69.316635,72.50101,93.50999999999999,0
Camo 录像 2026-01-27 03-34-14,49,1.6333333333333333,69.13919,73.21246,89.44,0
Camo 录像 2026-01-27 03-34-14,50,1.6666666666666667,68.806015,73.82924,86.07,0
Camo 录像 2026-01-27 03-34-14,51,1.7,68.51262,74.45856,81.76999999999998,0
Camo 录像 2026-01-27 03-34-14,52,1.7333333333333334,68.181244,75.06181,79.40999999999997,0
Camo 录像 2026-01-27 03-34-14,53,1.7666666666666666,67.898796,75.668015,75.56,0
Camo 录像 2026-01-27 03-34-14,54,1.8,67.53847,76.217896,72.48000000000002,0
Camo 录像 2026-01-27 03-34-14,55,1.8333333333333333,67.21271,76.7755,70.38,0
Camo 录像 2026-01-27 03-34-14,56,1.8666666666666667,66.831375,77.31746,67.87,0
Camo 录像 2026-01-27 03-34-14,57,1.9,66.38733,77.77167,65.78,0
Camo 录像 2026-01-27 03-34-14,58,1.9333333333333333,66.07777,78.33519,64.66,0
Camo 录像 2026-01-27 03-34-14,59,1.9666666666666666,65.64994,78.7796,63.30000000000001,0
Camo 录像 2026-01-27 03-34-14,60,2.0,65.20484,79.15459,61.94999999999999,0
Camo 录像 2026-01-27 03-34-14,61,2.033333333333333,64.9429,79.74161,61.49000000000001,0
Camo 录像 2026-01-27 03-34-14,62,2.066666666666667,64.58068,80.188126,61.94999999999999,0
Camo 录像 2026-01-27 03-34-14,63,2.1,64.18677,80.563614,61.420000000000016,0
Camo 录像 2026-01-27 03-34-14,64,2.1333333333333333,63.935577,81.11015,62.04000000000002,0
Camo 录像 2026-01-27 03-34-14,65,2.1666666666666665,63.564583,81.40201,62.25,0
Camo 录像 2026-01-27 03-34-14,66,2.2,63.30066,81.87721,63.79000000000002,0
Camo 录像 2026-01-27 03-34-14,67,2.2333333333333334,63.058212,82.31615,64.81,0
Camo 录像 2026-01-27 03-34-14,68,2.2666666666666666,62.841545,82.75166,66.79000000000002,0
Camo 录像 2026-01-27 03-34-14,69,2.3,62.67074,83.21712,69.44,0
Camo 录像 2026-01-27 03-34-14,70,2.3333333333333335,62.62641,83.83269,72.16,0
Camo 录像 2026-01-27 03-34-14,71,2.3666666666666667,62.47917,84.1221,74.87,0
Camo 录像 2026-01-27 03-34-14,72,2.4,62.490204,84.78067,77.57999999999998,0
Camo 录像 2026-01-27 03-34-14,73,2.433333333333333,62.550858,85.38936,80.44999999999999,0
Camo 录像 2026-01-27 03-34-14,74,2.466666666666667,62.640785,85.93964,84.75,0
Camo 录像 2026-01-27 03-34-14,75,2.5,62.803757,86.574234,88.26999999999998,0
Camo 录像 2026-01-27 03-34-14,76,2.533333333333333,63.050766,87.34534,91.34000000000003,0
Camo 录像 2026-01-27 03-34-14,77,2.566666666666667,63.247154,87.84779,95.09000000000003,0
Camo 录像 2026-01-27 03-34-14,78,2.6,63.508263,88.50926,99.86000000000001,0
Camo 录像 2026-01-27 03-34-14,79,2.6333333333333333,63.761078,88.98268,102.5,0
Camo 录像 2026-01-27 03-34-14,80,2.6666666666666665,64.098366,89.62538,106.32,0
Camo 录像 2026-01-27 03-34-14,81,2.7,64.52281,90.42288,110.92000000000002,0
Camo 录像 2026-01-27 03-34-14,82,2.7333333333333334,64.85108,90.88374,114.39999999999998,0
Camo 录像 2026-01-27 03-34-14,83,2.7666666666666666,65.22529,91.31241,115.60000000000002,0
Camo 录像 2026-01-27 03-34-14,84,2.8,65.78329,92.117615,119.5,0
Camo 录像 2026-01-27 03-34-14,85,2.8333333333333335,66.27386,92.61775,121.32,0
Camo 录像 2026-01-27 03-34-14,86,2.8666666666666667,66.72773,93.0125,125.05000000000001,0
Camo 录像 2026-01-27 03-34-14,87,2.9,67.213776,93.366486,125.43,0
Camo 录像 2026-01-27 03-34-14,88,2.933333333333333,67.79326,93.967834,128.57999999999998,0
Camo 录像 2026-01-27 03-34-14,89,2.966666666666667,68.205986,94.15439,128.95999999999998,0
Camo 录像 2026-01-27 03-34-14,90,3.0,68.75085,94.55597,129.61,0
Camo 录像 2026-01-27 03-34-14,91,3.033333333333333,69.422775,95.34172,130.52999999999997,0
Camo 录像 2026-01-27 03-34-14,92,3.066666666666667,69.9017,95.75949,130.01999999999998,0
Camo 录像 2026-01-27 03-34-14,93,3.1,70.36226,96.15039,130.85000000000002,0
Camo 录像 2026-01-27 03-34-14,94,3.1333333333333333,70.73915,96.41048,129.51,0
Camo 录像 2026-01-27 03-34-14,95,3.1666666666666665,71.25819,97.012375,128.47000000000003,0
Camo 录像 2026-01-27 03-34-14,96,3.2,71.66012,97.4512,128.31,0
Camo 录像 2026-01-27 03-34-14,97,3.2333333333333334,71.94344,97.763855,125.85000000000002,0
Camo 录像 2026-01-27 03-34-14,98,3.2666666666666666,72.34715,98.38681,123.68,0
Camo 录像 2026-01-27 03-34-14,99,3.3,72.686165,98.97928,122.19,0
Camo 录像 2026-01-27 03-34-14,100,3.3333333333333335,72.89088,99.47516,120.36000000000001,0
Camo 录像 2026-01-27 03-34-14,101,3.3666666666666667,73.00377,99.845535,116.47000000000003,0
Camo 录像 2026-01-27 03-34-14,102,3.4,73.117714,100.26437,113.79000000000002,0
Camo 录像 2026-01-27 03-34-14,103,3.433333333333333,73.216034,100.82245,110.77999999999997,0
Camo 录像 2026-01-27 03-34-14,104,3.466666666666667,73.42808,101.771545,108.94,0
Camo 录像 2026-01-27 03-34-14,105,3.5,73.61981,102.820206,104.26999999999998,0
Camo 录像 2026-01-27 03-34-14,106,3.533333333333333,73.31405,103.019424,99.48000000000002,0
Camo 录像 2026-01-27 03-34-14,107,3.566666666666667,73.33453,103.95723,95.5,0
Camo 录像 2026-01-27 03-34-14,108,3.6,73.156944,104.56317,91.82,0
Camo 录像 2026-01-27 03-34-14,109,3.6333333333333333,72.91664,105.15506,88.11000000000001,0
Camo 录像 2026-01-27 03-34-14,110,3.6666666666666665,72.71306,105.83522,88.70999999999998,0
Camo 录像 2026-01-27 03-34-14,111,3.7,72.51768,106.55487,80.82,0
Camo 录像 2026-01-27 03-34-14,112,3.7333333333333334,72.34712,107.41499,77.63,0
Camo 录像 2026-01-27 03-34-14,113,3.7666666666666666,72.0357,108.02382,80.07,0
Camo 录像 2026-01-27 03-34-14,114,3.8,71.96891,109.342926,72.05000000000001,0
Camo 录像 2026-01-27 03-34-14,115,3.8333333333333335,71.41121,109.5087,73.69,0
Camo 录像 2026-01-27 03-34-14,116,3.8666666666666667,70.90011,109.819214,66.69999999999999,0
Camo 录像 2026-01-27 03-34-14,117,3.9,70.51642,110.491135,69.79000000000002,0
Camo 录像 2026-01-27 03-34-14,118,3.933333333333333,70.037056,110.92294,62.59,0
Camo 录像 2026-01-27 03-34-14,119,3.966666666666667,69.65221,111.64038,61.650000000000006,0
Camo 录像 2026-01-27 03-35-10,0,0.0,61.0,61.0,90.0,0
Camo 录像 2026-01-27 03-35-10,1,0.03333333333333333,61.004097,61.03186,90.47000000000003,0
Camo 录像 2026-01-27 03-35-10,2,0.06666666666666667,61.027218,61.05156,90.55000000000001,0
Camo 录像 2026-01-27 03-35-10,3,0.1,61.046318,61.043007,89.68,0
Camo 录像 2026-01-27 03-35-10,4,0.13333333333333333,61.042423,61.040596,89.41000000000003,0
Camo 录像 2026-01-27 03-35-10,5,0.16666666666666666,60.96344,61.061295,88.71000000000004,0
Camo 录像 2026-01-27 03-35-10,6,0.2,60.875023,61.061813,88.26999999999998,0
Camo 录像 2026-01-27 03-35-10,7,0.23333333333333334,60.716972,61.071285,87.57,0
Camo 录像 2026-01-27 03-35-10,8,0.26666666666666666,60.52176,61.052673,86.60000000000002,0
Camo 录像 2026-01-27 03-35-10,9,0.3,60.294098,61.024357,86.02999999999997,0
Camo 录像 2026-01-27 03-35-10,10,0.3333333333333333,60.033813,60.9818,85.31,0
Camo 录像 2026-01-27 03-35-10,11,0.36666666666666664,59.76946,60.91892,84.77999999999997,0
Camo 录像 2026-01-27 03-35-10,12,0.4,59.520718,60.861244,84.18,0
Camo 录像 2026-01-27 03-35-10,13,0.43333333333333335,59.284412,60.79228,84.16000000000003,0
Camo 录像 2026-01-27 03-35-10,14,0.4666666666666667,59.106266,60.707752,85.09000000000003,0
Camo 录像 2026-01-27 03-35-10,15,0.5,58.9507,60.6177,86.00999999999999,0
Camo 录像 2026-01-27 03-35-10,16,0.5333333333333333,58.84148,60.53647,86.99000000000001,0
Camo 录像 2026-01-27 03-35-10,17,0.5666666666666667,58.791584,60.463375,88.82,0
Camo 录像 2026-01-27 03-35-10,18,0.6,58.776634,60.41082,91.06,0
Camo 录像 2026-01-27 03-35-10,19,0.6333333333333333,58.867138,60.40404,94.26999999999998,0
Camo 录像 2026-01-27 03-35-10,20,0.6666666666666666,58.996166,60.434517,96.07999999999998,0
Camo 录像 2026-01-27 03-35-10,21,0.7,59.19168,60.536407,99.29000000000002,0
Camo 录像 2026-01-27 03-35-10,22,0.7333333333333333,59.545956,60.729115,102.88,0
Camo 录像 2026-01-27 03-35-10,23,0.7666666666666667,59.980076,61.027054,106.75999999999999,0
Camo 录像 2026-01-27 03-35-10,24,0.8,60.520042,61.35124,111.22000000000003,0
Camo 录像 2026-01-27 03-35-10,25,0.8333333333333334,61.113403,61.742416,115.32,0
Camo 录像 2026-01-27 03-35-10,26,0.8666666666666667,61.722137,62.135536,118.68,0
Camo 录像 2026-01-27 03-35-10,27,0.9,62.36315,62.512035,122.29000000000002,0
Camo 录像 2026-01-27 03-35-10,28,0.9333333333333333,63.026535,62.862743,125.42000000000002,0
Camo 录像 2026-01-27 03-35-10,29,0.9666666666666667,63.641174,63.229034,128.2,0
Camo 录像 2026-01-27 03-35-10,30,1.0,64.20609,63.585148,130.44,0
Camo 录像 2026-01-27 03-35-10,31,1.0333333333333334,64.84579,63.91395,130.88,0
Camo 录像 2026-01-27 03-35-10,32,1.0666666666666667,65.32475,64.27838,131.45,0
Camo 录像 2026-01-27 03-35-10,33,1.1,65.837814,64.63228,131.54000000000002,0
Camo 录像 2026-01-27 03-35-10,34,1.1333333333333333,66.266716,64.96398,131.91000000000003,0
Camo 录像 2026-01-27 03-35-10,35,1.1666666666666667,66.7472,65.28719,130.95999999999998,0
Camo 录像 2026-01-27 03-35-10,36,1.2,67.153496,65.6051,130.26999999999998,0
Camo 录像 2026-01-27 03-35-10,37,1.2333333333333334,67.48526,65.96768,128.95999999999998,0
Camo 录像 2026-01-27 03-35-10,38,1.2666666666666666,67.806335,66.39076,126.94999999999999,0
Camo 录像 2026-01-27 03-35-10,39,1.3,68.0263,66.79755,124.39999999999998,0
Camo 录像 2026-01-27 03-35-10,40,1.3333333333333333,68.27263,67.237305,122.31,0
Camo 录像 2026-01-27 03-35-10,41,1.3666666666666667,68.40213,67.71368,119.14999999999998,0
Camo 录像 2026-01-27 03-35-10,42,1.4,68.54283,68.19443,117.26999999999998,0
Camo 录像 2026-01-27 03-35-10,43,1.4333333333333333,68.615814,68.71386,113.41000000000003,0
Camo 录像 2026-01-27 03-35-10,44,1.4666666666666666,68.6627,69.286446,110.50999999999999,0
Camo 录像 2026-01-27 03-35-10,45,1.5,68.60142,69.87276,106.71000000000004,0
Camo 录像 2026-01-27 03-35-10,46,1.5333333333333334,68.55486,70.52174,102.79000000000002,0
Camo 录像 2026-01-27 03-35-10,47,1.5666666666666667,68.47869,71.20769,98.66000000000003,0
Camo 录像 2026-01-27 03-35-10,48,1.6,68.35774,71.9031,94.75999999999999,0
Camo 录像 2026-01-27 03-35-10,49,1.6333333333333333,68.13195,72.55814,90.48000000000002,0
Camo 录像 2026-01-27 03-35-10,50,1.6666666666666667,67.923256,73.24394,87.32999999999998,0
Camo 录像 2026-01-27 03-35-10,51,1.7,67.58439,73.80843,83.30000000000001,0
Camo 录像 2026-01-27 03-35-10,52,1.7333333333333334,67.29527,74.43487,80.0,0
Camo 录像 2026-01-27 03-35-10,53,1.7666666666666666,67.06069,75.10215,76.73000000000002,0
Camo 录像 2026-01-27 03-35-10,54,1.8,66.6909,75.67527,74.07,0
Camo 录像 2026-01-27 03-35-10,55,1.8333333333333333,66.34877,76.25656,70.98000000000002,0
Camo 录像 2026-01-27 03-35-10,56,1.8666666666666667,65.86735,76.694,67.69,0
Camo 录像 2026-01-27 03-35-10,57,1.9,65.52754,77.33603,65.92000000000002,0
Camo 录像 2026-01-27 03-35-10,58,1.9333333333333333,65.05275,77.779655,64.32999999999998,0
Camo 录像 2026-01-27 03-35-10,59,1.9666666666666666,64.64723,78.30743,62.41,0
Camo 录像 2026-01-27 03-35-10,60,2.0,64.22738,78.80399,60.96000000000001,0
Camo 录像 2026-01-27 03-35-10,61,2.033333333333333,63.762787,79.22642,60.24000000000001,0
Camo 录像 2026-01-27 03-35-10,62,2.066666666666667,63.351357,79.70876,60.09,0
Camo 录像 2026-01-27 03-35-10,63,2.1,62.964027,80.23495,59.72,0
Camo 录像 2026-01-27 03-35-10,64,2.1333333333333333,62.528336,80.616135,59.75,0
Camo 录像 2026-01-27 03-35-10,65,2.1666666666666665,62.22016,81.15179,60.349999999999994,0
Camo 录像 2026-01-27 03-35-10,66,2.2,61.868675,81.60132,61.31,0
Camo 录像 2026-01-27 03-35-10,67,2.2333333333333334,61.565834,82.07855,62.860000000000014,0
Camo 录像 2026-01-27 03-35-10,68,2.2666666666666666,61.3266,82.50737,64.92000000000002,0
Camo 录像 2026-01-27 03-35-10,69,2.3,61.175686,83.02235,66.91000000000003,0
Camo 录像 2026-01-27 03-35-10,70,2.3333333333333335,61.055275,83.56535,69.0,0
Camo 录像 2026-01-27 03-35-10,71,2.3666666666666667,60.98177,83.97574,72.57999999999998,0
Camo 录像 2026-01-27 03-35-10,72,2.4,60.961376,84.496574,74.23000000000002,0
Camo 录像 2026-01-27 03-35-10,73,2.433333333333333,60.92545,84.8686,76.50999999999999,0
Camo 录像 2026-01-27 03-35-10,74,2.466666666666667,60.996407,85.44348,80.80000000000001,0
Camo 录像 2026-01-27 03-35-10,75,2.5,61.1081,86.01597,83.06,0
Camo 录像 2026-01-27 03-35-10,76,2.533333333333333,61.264973,86.630104,86.55000000000001,0
Camo 录像 2026-01-27 03-35-10,77,2.566666666666667,61.47548,87.32917,91.48000000000002,0
Camo 录像 2026-01-27 03-35-10,78,2.6,61.725147,88.06231,95.0,0
Camo 录像 2026-01-27 03-35-10,79,2.6333333333333333,61.962082,88.60128,98.18,0
Camo 录像 2026-01-27 03-35-10,80,2.6666666666666665,62.285976,89.40119,103.22000000000003,0
Camo 录像 2026-01-27 03-35-10,81,2.7,62.64086,90.12488,106.26999999999998,0
Camo 录像 2026-01-27 03-35-10,82,2.7333333333333334,62.93022,90.57894,109.39999999999998,0
Camo 录像 2026-01-27 03-35-10,83,2.7666666666666666,63.297226,91.2007,111.72000000000003,0
Camo 录像 2026-01-27 03-35-10,84,2.8,63.68524,91.81582,116.44999999999999,0
Camo 录像 2026-01-27 03-35-10,85,2.8333333333333335,64.10374,92.39951,118.61000000000001,0
Camo 录像 2026-01-27 03-35-10,86,2.8666666666666667,64.47544,92.71317,120.91000000000003,0
Camo 录像 2026-01-27 03-35-10,87,2.9,64.931595,93.259964,123.62,0
Camo 录像 2026-01-27 03-35-10,88,2.933333333333333,65.39499,93.71933,126.31,0
Camo 录像 2026-01-27 03-35-10,89,2.966666666666667,65.94941,94.40504,127.13999999999999,0
Camo 录像 2026-01-27 03-35-10,90,3.0,66.44823,94.885994,128.07,0
Camo 录像 2026-01-27 03-35-10,91,3.033333333333333,66.838554,95.04626,128.67000000000002,0
Camo 录像 2026-01-27 03-35-10,92,3.066666666666667,67.33014,95.63193,128.35000000000002,0
Camo 录像 2026-01-27 03-35-10,93,3.1,67.72896,96.009155,129.22000000000003,0
Camo 录像 2026-01-27 03-35-10,94,3.1333333333333333,68.20095,96.62127,128.95,0
Camo 录像 2026-01-27 03-35-10,95,3.1666666666666665,68.50704,96.8009,127.62,0
Camo 录像 2026-01-27 03-35-10,96,3.2,68.935585,97.377846,126.67000000000002,0
Camo 录像 2026-01-27 03-35-10,97,3.2333333333333334,69.36296,98.06003,126.02999999999997,0
Camo 录像 2026-01-27 03-35-10,98,3.2666666666666666,69.52027,98.19548,123.85000000000002,0
Camo 录像 2026-01-27 03-35-10,99,3.3,69.827415,98.838295,122.73000000000002,0
Camo 录像 2026-01-27 03-35-10,100,3.3333333333333335,70.15095,99.61534,119.71000000000004,0
Camo 录像 2026-01-27 03-35-10,101,3.3666666666666667,70.16647,99.84478,116.07,0
Camo 录像 2026-01-27 03-35-10,102,3.4,70.40174,100.69313,114.14999999999998,0
Camo 录像 2026-01-27 03-35-10,103,3.433333333333333,70.287964,100.745316,110.66000000000003,0
Camo 录像 2026-01-27 03-35-10,104,3.466666666666667,70.37409,101.51298,109.92000000000002,0
Camo 录像 2026-01-27 03-35-10,105,3.5,70.30591,102.07473,104.09000000000003,0
Camo 录像 2026-01-27 03-35-10,106,3.533333333333333,70.18136,102.61982,100.16000000000003,0
Camo 录像 2026-01-27 03-35-10,107,3.566666666666667,70.079025,103.44393,96.27999999999997,0
Camo 录像 2026-01-27 03-35-10,108,3.6,69.886505,104.14969,92.39999999999998,0
Camo 录像 2026-01-27 03-35-10,109,3.6333333333333333,69.6531,104.83794,88.72000000000003,0
Camo 录像 2026-01-27 03-35-10,110,3.6666666666666665,69.46284,105.77717,84.47000000000003,0
Camo 录像 2026-01-27 03-35-10,111,3.7,69.23266,106.55089,81.16000000000003,0
Camo 录像 2026-01-27 03-35-10,112,3.7333333333333334,69.07868,107.712845,79.98000000000002,0
Camo 录像 2026-01-27 03-35-10,113,3.7666666666666666,68.58547,107.721634,74.36000000000001,0
Camo 录像 2026-01-27 03-35-10,114,3.8,68.292946,108.51454,71.69999999999999,0
Camo 录像 2026-01-27 03-35-10,115,3.8333333333333335,67.93336,109.12505,68.62,0
Camo 录像 2026-01-27 03-35-10,116,3.8666666666666667,67.54009,109.75136,66.10000000000002,0
Camo 录像 2026-01-27 03-35-10,117,3.9,67.13752,110.4069,63.72,0
Camo 录像 2026-01-27 03-35-10,118,3.933333333333333,66.666664,110.8027,61.599999999999994,0
Camo 录像 2026-01-27 03-35-10,119,3.966666666666667,66.24968,111.47614,59.599999999999994,0
Camo 录像 2026-01-27 03-36-00,0,0.0,61.0,61.0,90.0,0
Camo 录像 2026-01-27 03-36-00,1,0.03333333333333333,61.033657,60.97019,89.54000000000002,0
Camo 录像 2026-01-27 03-36-00,2,0.06666666666666667,61.03314,60.970802,89.52999999999997,0
Camo 录像 2026-01-27 03-36-00,3,0.1,61.002266,60.956688,89.26999999999998,0
Camo 录像 2026-01-27 03-36-00,4,0.13333333333333333,60.96234,60.941864,88.75,0
Camo 录像 2026-01-27 03-36-00,5,0.16666666666666666,60.96286,60.940945,88.75,0
Camo 录像 2026-01-27 03-36-00,6,0.2,60.88468,60.965763,88.44999999999999,0
Camo 录像 2026-01-27 03-36-00,7,0.23333333333333334,60.651367,60.98362,87.25999999999999,0
Camo 录像 2026-01-27 03-36-00,8,0.26666666666666666,60.483635,60.954605,86.25999999999999,0
Camo 录像 2026-01-27 03-36-00,9,0.3,60.28579,60.920746,85.72000000000003,0
Camo 录像 2026-01-27 03-36-00,10,0.3333333333333333,60.07191,60.89887,84.87,0
Camo 录像 2026-01-27 03-36-00,11,0.36666666666666664,59.858093,60.868965,84.40999999999997,0
Camo 录像 2026-01-27 03-36-00,12,0.4,59.67017,60.80207,84.88999999999999,0
Camo 录像 2026-01-27 03-36-00,13,0.43333333333333335,59.503136,60.749287,85.71000000000004,0
Camo 录像 2026-01-27 03-36-00,14,0.4666666666666667,59.358273,60.676044,86.30000000000001,0
Camo 录像 2026-01-27 03-36-00,15,0.5,59.266415,60.6014,87.97000000000003,0
Camo 录像 2026-01-27 03-36-00,16,0.5333333333333333,59.21853,60.56416,89.64999999999998,0
Camo 录像 2026-01-27 03-36-00,17,0.5666666666666667,59.21877,60.531536,91.89999999999998,0
Camo 录像 2026-01-27 03-36-00,18,0.6,59.320457,60.513237,94.88999999999999,0
Camo 录像 2026-01-27 03-36-00,19,0.6333333333333333,59.476387,60.549538,97.61000000000001,0
Camo 录像 2026-01-27 03-36-00,20,0.6666666666666666,59.671627,60.714184,101.24000000000001,0
Camo 录像 2026-01-27 03-36-00,21,0.7,60.039394,60.88474,104.10000000000002,0
Camo 录像 2026-01-27 03-36-00,22,0.7333333333333333,60.033577,60.892296,103.94,0
Camo 录像 2026-01-27 03-36-00,23,0.7666666666666667,61.044167,61.53007,112.44,0
Camo 录像 2026-01-27 03-36-00,24,0.8,61.62086,61.92478,115.93,0
Camo 录像 2026-01-27 03-36-00,25,0.8333333333333334,62.279755,62.272507,120.02999999999997,0
Camo 录像 2026-01-27 03-36-00,26,0.8666666666666667,62.922714,62.640064,123.54000000000002,0
Camo 录像 2026-01-27 03-36-00,27,0.9,63.557766,62.997375,126.68,0
Camo 录像 2026-01-27 03-36-00,28,0.9333333333333333,64.18761,63.3423,129.20999999999998,0
Camo 录像 2026-01-27 03-36-00,29,0.9666666666666667,64.81157,63.67844,130.74,0
Camo 录像 2026-01-27 03-36-00,30,1.0,65.43295,63.994392,131.78000000000003,0
Camo 录像 2026-01-27 03-36-00,31,1.0333333333333334,65.45276,63.989037,131.63,0
Camo 录像 2026-01-27 03-36-00,32,1.0666666666666667,66.549576,64.64925,132.58999999999997,0
Camo 录像 2026-01-27 03-36-00,33,1.1,67.07092,64.94557,132.26,0
Camo 录像 2026-01-27 03-36-00,34,1.1333333333333333,67.54791,65.2294,131.82999999999998,0
Camo 录像 2026-01-27 03-36-00,35,1.1666666666666667,68.00421,65.516846,131.28000000000003,0
Camo 录像 2026-01-27 03-36-00,36,1.2,68.36035,65.847855,129.76999999999998,0
Camo 录像 2026-01-27 03-36-00,37,1.2333333333333334,68.67053,66.23105,128.28000000000003,0
Camo 录像 2026-01-27 03-36-00,38,1.2666666666666666,69.03386,66.64954,125.92000000000002,0
Camo 录像 2026-01-27 03-36-00,39,1.3,69.032425,66.64942,125.89999999999998,0
Camo 录像 2026-01-27 03-36-00,40,1.3333333333333333,69.44443,67.55551,120.77999999999997,0
Camo 录像 2026-01-27 03-36-00,41,1.3666666666666667,69.54863,68.041214,118.19999999999999,0
Camo 录像 2026-01-27 03-36-00,42,1.4,69.706665,68.58204,114.61000000000001,0
Camo 录像 2026-01-27 03-36-00,43,1.4333333333333333,69.771454,69.155815,111.31,0
Camo 录像 2026-01-27 03-36-00,44,1.4666666666666666,69.77115,69.155815,111.31,0
Camo 录像 2026-01-27 03-36-00,45,1.5,69.69676,69.749596,107.93,0
Camo 录像 2026-01-27 03-36-00,46,1.5333333333333334,69.67122,71.037445,100.00999999999999,0
Camo 录像 2026-01-27 03-36-00,47,1.5666666666666667,69.591034,71.69572,96.17000000000002,0
Camo 录像 2026-01-27 03-36-00,48,1.6,69.40781,72.32191,91.94999999999999,0
Camo 录像 2026-01-27 03-36-00,49,1.6333333333333333,69.43521,72.33746,92.44999999999999,0
Camo 录像 2026-01-27 03-36-00,50,1.6666666666666667,69.320175,72.99649,88.09000000000003,0
Camo 录像 2026-01-27 03-36-00,51,1.7,68.97641,74.211784,81.61000000000001,0
Camo 录像 2026-01-27 03-36-00,52,1.7333333333333334,68.97713,74.212105,81.61000000000001,0
Camo 录像 2026-01-27 03-36-00,53,1.7666666666666666,68.47194,75.35104,75.31,0
Camo 录像 2026-01-27 03-36-00,54,1.8,68.24654,75.942154,72.59,0
Camo 录像 2026-01-27 03-36-00,55,1.8333333333333333,67.84166,76.406235,70.13,0
Camo 录像 2026-01-27 03-36-00,56,1.8666666666666667,67.538025,76.967674,67.94,0
Camo 录像 2026-01-27 03-36-00,57,1.9,67.15871,77.47076,65.62,0
Camo 录像 2026-01-27 03-36-00,58,1.9333333333333333,66.84035,78.05519,64.51999999999998,0
Camo 录像 2026-01-27 03-36-00,59,1.9666666666666666,66.42221,78.49021,63.47,0
Camo 录像 2026-01-27 03-36-00,60,2.0,66.05249,79.00099,62.26999999999998,0
Camo 录像 2026-01-27 03-36-00,61,2.033333333333333,66.0524,79.000885,62.26999999999998,0
Camo 录像 2026-01-27 03-36-00,62,2.066666666666667,65.32637,79.982925,62.19999999999999,0
Camo 录像 2026-01-27 03-36-00,63,2.1,64.97133,80.437584,62.69999999999999,0
Camo 录像 2026-01-27 03-36-00,64,2.1333333333333333,64.6351,80.804955,63.09,0
Camo 录像 2026-01-27 03-36-00,65,2.1666666666666665,64.33006,81.22283,63.879999999999995,0
Camo 录像 2026-01-27 03-36-00,66,2.2,64.13048,81.78202,65.69999999999999,0
Camo 录像 2026-01-27 03-36-00,67,2.2333333333333334,64.13089,81.78285,65.69999999999999,0
Camo 录像 2026-01-27 03-36-00,68,2.2666666666666666,63.886074,82.78248,70.01999999999998,0
Camo 录像 2026-01-27 03-36-00,69,2.3,63.77312,83.12286,72.00999999999999,0
Camo 录像 2026-01-27 03-36-00,70,2.3333333333333335,63.770977,83.12036,71.96000000000001,0
Camo 录像 2026-01-27 03-36-00,71,2.3666666666666667,63.89163,84.23409,78.61000000000001,0
Camo 录像 2026-01-27 03-36-00,72,2.4,63.905315,84.57728,80.31,0
Camo 录像 2026-01-27 03-36-00,73,2.433333333333333,64.05406,85.108,83.30000000000001,0
Camo 录像 2026-01-27 03-36-00,74,2.466666666666667,64.265625,85.66455,86.60000000000002,0
Camo 录像 2026-01-27 03-36-00,75,2.5,64.53932,86.329216,90.07,0
Camo 录像 2026-01-27 03-36-00,76,2.533333333333333,64.80917,86.85625,93.82999999999998,0
Camo 录像 2026-01-27 03-36-00,77,2.566666666666667,65.13985,87.51825,97.69,0
Camo 录像 2026-01-27 03-36-00,78,2.6,65.5002,88.204926,102.32,0
Camo 录像 2026-01-27 03-36-00,79,2.6333333333333333,65.918625,88.89221,105.35000000000002,0
Camo 录像 2026-01-27 03-36-00,80,2.6666666666666665,66.27962,89.38834,109.09000000000003,0
Camo 录像 2026-01-27 03-36-00,81,2.7,66.7133,90.07169,113.23000000000002,0
Camo 录像 2026-01-27 03-36-00,82,2.7333333333333334,66.70834,90.059235,113.35000000000002,0
Camo 录像 2026-01-27 03-36-00,83,2.7666666666666666,67.54532,91.03028,118.77999999999997,0
Camo 录像 2026-01-27 03-36-00,84,2.8,68.10231,91.80261,121.69999999999999,0
Camo 录像 2026-01-27 03-36-00,85,2.8333333333333335,68.57097,92.251724,124.47000000000003,0
Camo 录像 2026-01-27 03-36-00,86,2.8666666666666667,68.49074,92.07959,124.86000000000001,0
Camo 录像 2026-01-27 03-36-00,87,2.9,69.54144,93.12737,128.37,0
Camo 录像 2026-01-27 03-36-00,88,2.933333333333333,70.05852,93.603905,130.07,0
Camo 录像 2026-01-27 03-36-00,89,2.966666666666667,70.55742,93.99386,130.70999999999998,0
Camo 录像 2026-01-27 03-36-00,90,3.0,71.06889,94.39381,131.92000000000002,0
Camo 录像 2026-01-27 03-36-00,91,3.033333333333333,71.53552,94.82511,132.64999999999998,0
Camo 录像 2026-01-27 03-36-00,92,3.066666666666667,71.94118,95.116394,131.86,0
Camo 录像 2026-01-27 03-36-00,93,3.1,72.45825,95.623604,131.04000000000002,0
Camo 录像 2026-01-27 03-36-00,94,3.1333333333333333,72.944595,96.13495,130.81,0
Camo 录像 2026-01-27 03-36-00,95,3.1666666666666665,73.29451,96.41191,129.66000000000003,0
Camo 录像 2026-01-27 03-36-00,96,3.2,73.700745,96.85685,127.87,0
Camo 录像 2026-01-27 03-36-00,97,3.2333333333333334,74.23259,97.66378,126.38,0
Camo 录像 2026-01-27 03-36-00,98,3.2666666666666666,74.3195,97.75971,124.24000000000001,0
Camo 录像 2026-01-27 03-36-00,99,3.3,74.63097,98.35261,121.57,0
Camo 录像 2026-01-27 03-36-00,100,3.3333333333333335,74.82263,98.8606,118.52999999999997,0
Camo 录像 2026-01-27 03-36-00,101,3.3666666666666667,74.92114,99.29536,115.60000000000002,0
Camo 录像 2026-01-27 03-36-00,102,3.4,75.14824,100.05024,112.71000000000004,0
Camo 录像 2026-01-27 03-36-00,103,3.433333333333333,75.1405,100.458595,110.13,0
Camo 录像 2026-01-27 03-36-00,104,3.466666666666667,75.10492,101.044914,105.99000000000001,0
Camo 录像 2026-01-27 03-36-00,105,3.5,75.120514,101.88011,105.26999999999998,0
Camo 录像 2026-01-27 03-36-00,106,3.533333333333333,75.03964,102.672035,98.63,0
Camo 录像 2026-01-27 03-36-00,107,3.566666666666667,75.10213,103.831154,95.63999999999999,0
Camo 录像 2026-01-27 03-36-00,108,3.6,74.604355,103.92928,90.46000000000004,0
Camo 录像 2026-01-27 03-36-00,109,3.6333333333333333,74.391754,104.69626,87.10000000000002,0
Camo 录像 2026-01-27 03-36-00,110,3.6666666666666665,74.175125,105.44379,87.14999999999998,0
Camo 录像 2026-01-27 03-36-00,111,3.7,73.94351,106.15797,79.69999999999999,0
Camo 录像 2026-01-27 03-36-00,112,3.7333333333333334,73.941895,106.15443,79.69999999999999,0
Camo 录像 2026-01-27 03-36-00,113,3.7666666666666666,73.719864,106.91774,77.19,0
Camo 录像 2026-01-27 03-36-00,114,3.8,73.35423,107.382164,74.00999999999999,0
Camo 录像 2026-01-27 03-36-00,115,3.8333333333333335,72.881516,109.04953,68.15,0
Camo 录像 2026-01-27 03-36-00,116,3.8666666666666667,72.47067,109.46991,65.96000000000001,0
Camo 录像 2026-01-27 03-36-00,117,3.9,72.110504,110.03931,64.01999999999998,0
Camo 录像 2026-01-27 03-36-00,118,3.933333333333333,71.776306,110.74068,62.860000000000014,0
Camo 录像 2026-01-27 03-36-00,119,3.966666666666667,71.41655,111.36618,61.80000000000001,0
Camo 录像 2026-01-27 03-36-56,0,0.0,61.0,61.0,90.0,0
Camo 录像 2026-01-27 03-36-56,1,0.03333333333333333,61.007942,61.01213,89.68,0
Camo 录像 2026-01-27 03-36-56,2,0.06666666666666667,61.00731,61.028698,89.60000000000002,0
Camo 录像 2026-01-27 03-36-56,3,0.1,60.971367,61.03234,89.27999999999997,0
Camo 录像 2026-01-27 03-36-56,4,0.13333333333333333,60.904427,61.06706,88.36000000000001,0
Camo 录像 2026-01-27 03-36-56,5,0.16666666666666666,60.80075,61.100983,88.21000000000004,0
Camo 录像 2026-01-27 03-36-56,6,0.2,60.66888,61.11979,86.98000000000002,0
Camo 录像 2026-01-27 03-36-56,7,0.23333333333333334,60.519855,61.09147,86.63,0
Camo 录像 2026-01-27 03-36-56,8,0.26666666666666666,60.285515,61.120632,86.05000000000001,0
Camo 录像 2026-01-27 03-36-56,9,0.3,60.070114,61.06331,85.16000000000003,0
Camo 录像 2026-01-27 03-36-56,10,0.3333333333333333,59.853718,61.030476,84.86000000000001,0
Camo 录像 2026-01-27 03-36-56,11,0.36666666666666664,59.636036,60.976627,84.02999999999997,0
Camo 录像 2026-01-27 03-36-56,12,0.4,59.45147,60.898113,84.59000000000003,0
Camo 录像 2026-01-27 03-36-56,13,0.43333333333333335,59.27982,60.841454,85.11000000000001,0
Camo 录像 2026-01-27 03-36-56,14,0.4666666666666667,59.141327,60.767433,85.79000000000002,0
Camo 录像 2026-01-27 03-36-56,15,0.5,59.05477,60.698074,87.46000000000004,0
Camo 录像 2026-01-27 03-36-56,16,0.5333333333333333,59.032253,60.638954,89.08000000000004,0
Camo 录像 2026-01-27 03-36-56,17,0.5666666666666667,59.056187,60.573936,91.44999999999999,0
Camo 录像 2026-01-27 03-36-56,18,0.6,59.176662,60.591454,94.21000000000004,0
Camo 录像 2026-01-27 03-36-56,19,0.6333333333333333,59.331215,60.63599,96.94,0
Camo 录像 2026-01-27 03-36-56,20,0.6666666666666666,59.565033,60.791096,99.19999999999999,0
Camo 录像 2026-01-27 03-36-56,21,0.7,59.965553,61.006416,103.75,0
Camo 录像 2026-01-27 03-36-56,22,0.7333333333333333,60.447983,61.29745,107.87,0
Camo 录像 2026-01-27 03-36-56,23,0.7666666666666667,61.004974,61.644676,111.85000000000002,0
Camo 录像 2026-01-27 03-36-56,24,0.8,61.59411,62.0074,116.01999999999998,0
Camo 录像 2026-01-27 03-36-56,25,0.8333333333333334,62.231182,62.36643,119.58000000000004,0
Camo 录像 2026-01-27 03-36-56,26,0.8666666666666667,62.87597,62.71877,123.04000000000002,0
Camo 录像 2026-01-27 03-36-56,27,0.9,63.51071,63.057335,126.04000000000002,0
Camo 录像 2026-01-27 03-36-56,28,0.9333333333333333,64.103905,63.381584,128.20999999999998,0
Camo 录像 2026-01-27 03-36-56,29,0.9666666666666667,64.77554,63.69896,130.09000000000003,0
Camo 录像 2026-01-27 03-36-56,30,1.0,65.35842,64.009964,131.32999999999998,0
Camo 录像 2026-01-27 03-36-56,31,1.0333333333333334,65.88412,64.33172,131.34000000000003,0
Camo 录像 2026-01-27 03-36-56,32,1.0666666666666667,66.39462,64.65045,132.10000000000002,0
Camo 录像 2026-01-27 03-36-56,33,1.1,66.87115,64.93031,131.39,0
Camo 录像 2026-01-27 03-36-56,34,1.1333333333333333,67.34618,65.20451,131.16000000000003,0
Camo 录像 2026-01-27 03-36-56,35,1.1666666666666667,67.76458,65.48349,130.44,0
Camo 录像 2026-01-27 03-36-56,36,1.2,68.16528,65.824234,129.23000000000002,0
Camo 录像 2026-01-27 03-36-56,37,1.2333333333333334,68.536545,66.19713,127.44,0
Camo 录像 2026-01-27 03-36-56,38,1.2666666666666666,68.82924,66.601776,124.97000000000003,0
Camo 录像 2026-01-27 03-36-56,39,1.3,69.01802,67.00607,122.56,0
Camo 录像 2026-01-27 03-36-56,40,1.3333333333333333,69.258255,67.48227,120.43,0
Camo 录像 2026-01-27 03-36-56,41,1.3666666666666667,69.38976,67.93651,117.57,0
Camo 录像 2026-01-27 03-36-56,42,1.4,69.45532,68.44336,114.00999999999999,0
Camo 录像 2026-01-27 03-36-56,43,1.4333333333333333,69.49294,68.99913,110.96000000000004,0
Camo 录像 2026-01-27 03-36-56,44,1.4666666666666666,69.469574,69.571594,106.72000000000003,0
Camo 录像 2026-01-27 03-36-56,45,1.5,69.46044,70.18735,102.61000000000001,0
Camo 录像 2026-01-27 03-36-56,46,1.5333333333333334,69.450424,70.87457,99.06,0
Camo 录像 2026-01-27 03-36-56,47,1.5666666666666667,69.273155,71.48842,94.82,0
Camo 录像 2026-01-27 03-36-56,48,1.6,69.14743,72.1743,91.41000000000003,0
Camo 录像 2026-01-27 03-36-56,49,1.6333333333333333,68.87614,72.79349,87.38999999999999,0
Camo 录像 2026-01-27 03-36-56,50,1.6666666666666667,68.69112,73.43645,84.10000000000002,0
Camo 录像 2026-01-27 03-36-56,51,1.7,68.38041,73.997025,80.29000000000002,0
Camo 录像 2026-01-27 03-36-56,52,1.7333333333333334,68.20825,74.67,77.33000000000004,0
Camo 录像 2026-01-27 03-36-56,53,1.7666666666666666,67.85794,75.200195,74.61000000000001,0
Camo 录像 2026-01-27 03-36-56,54,1.8,67.52012,75.7256,70.81,0
Camo 录像 2026-01-27 03-36-56,55,1.8333333333333333,67.22538,76.308945,68.42000000000002,0
Camo 录像 2026-01-27 03-36-56,56,1.8666666666666667,66.81922,76.7863,66.97000000000003,0
Camo 录像 2026-01-27 03-36-56,57,1.9,66.44236,77.27307,64.59,0
Camo 录像 2026-01-27 03-36-56,58,1.9333333333333333,66.10572,77.812805,63.44999999999999,0
Camo 录像 2026-01-27 03-36-56,59,1.9666666666666666,65.7149,78.30205,62.150000000000006,0
Camo 录像 2026-01-27 03-36-56,60,2.0,65.29302,78.70448,61.44999999999999,0
Camo 录像 2026-01-27 03-36-56,61,2.033333333333333,64.94386,79.21536,61.110000000000014,0
Camo 录像 2026-01-27 03-36-56,62,2.066666666666667,64.569496,79.688736,60.870000000000005,0
Camo 录像 2026-01-27 03-36-56,63,2.1,64.2193,80.182816,61.54000000000002,0
Camo 录像 2026-01-27 03-36-56,64,2.1333333333333333,63.871483,80.61316,62.58000000000001,0
Camo 录像 2026-01-27 03-36-56,65,2.1666666666666665,63.526245,80.982544,62.53,0
Camo 录像 2026-01-27 03-36-56,66,2.2,63.281044,81.5184,64.48000000000002,0
Camo 录像 2026-01-27 03-36-56,67,2.2333333333333334,63.093277,81.973785,66.05000000000001,0
Camo 录像 2026-01-27 03-36-56,68,2.2666666666666666,62.969612,82.50194,67.75999999999999,0
Camo 录像 2026-01-27 03-36-56,69,2.3,62.867237,82.90379,71.23000000000002,0
Camo 录像 2026-01-27 03-36-56,70,2.3333333333333335,62.84889,83.329834,74.21000000000001,0
Camo 录像 2026-01-27 03-36-56,71,2.3666666666666667,62.888172,83.87164,76.59000000000003,0
Camo 录像 2026-01-27 03-36-56,72,2.4,62.926193,84.32851,78.44,0
Camo 录像 2026-01-27 03-36-56,73,2.433333333333333,63.023247,84.76169,81.25,0
Camo 录像 2026-01-27 03-36-56,74,2.466666666666667,63.18363,85.33623,84.63999999999999,0
Camo 录像 2026-01-27 03-36-56,75,2.5,63.39628,85.942474,89.85000000000002,0
Camo 录像 2026-01-27 03-36-56,76,2.533333333333333,63.643738,86.51189,91.77999999999997,0
Camo 录像 2026-01-27 03-36-56,77,2.566666666666667,63.90155,87.107895,95.82,0
Camo 录像 2026-01-27 03-36-56,78,2.6,64.23922,87.84801,99.27999999999997,0
Camo 录像 2026-01-27 03-36-56,79,2.6333333333333333,64.54511,88.40201,103.62,0
Camo 录像 2026-01-27 03-36-56,80,2.6666666666666665,64.89329,88.98836,107.11000000000001,0
Camo 录像 2026-01-27 03-36-56,81,2.7,65.28366,89.63608,109.72000000000003,0
Camo 录像 2026-01-27 03-36-56,82,2.7333333333333334,65.65655,90.13229,113.56,0
Camo 录像 2026-01-27 03-36-56,83,2.7666666666666666,66.09794,90.766235,117.60000000000002,0
Camo 录像 2026-01-27 03-36-56,84,2.8,66.54341,91.29033,119.68,0
Camo 录像 2026-01-27 03-36-56,85,2.8333333333333335,66.99223,91.738556,122.82,0
Camo 录像 2026-01-27 03-36-56,86,2.8666666666666667,67.511215,92.29498,124.5,0
Camo 录像 2026-01-27 03-36-56,87,2.9,67.919235,92.54726,125.86000000000001,0
Camo 录像 2026-01-27 03-36-56,88,2.933333333333333,68.422386,93.06172,127.20999999999998,0
Camo 录像 2026-01-27 03-36-56,89,2.966666666666667,68.930435,93.545395,129.07,0
Camo 录像 2026-01-27 03-36-56,90,3.0,69.34449,93.801926,129.37,0
Camo 录像 2026-01-27 03-36-56,91,3.033333333333333,69.72466,94.06853,130.01999999999998,0
Camo 录像 2026-01-27 03-36-56,92,3.066666666666667,70.172844,94.4783,130.10000000000002,0
Camo 录像 2026-01-27 03-36-56,93,3.1,70.664406,95.02725,129.40000000000003,0
Camo 录像 2026-01-27 03-36-56,94,3.1333333333333333,71.17814,95.61745,127.88,0
Camo 录像 2026-01-27 03-36-56,95,3.1666666666666665,71.4949,95.79666,128.07,0
Camo 录像 2026-01-27 03-36-56,96,3.2,71.97185,96.42229,126.59000000000003,0
Camo 录像 2026-01-27 03-36-56,97,3.2333333333333334,72.35541,96.98869,124.55000000000001,0
Camo 录像 2026-01-27 03-36-56,98,3.2666666666666666,72.47078,97.10275,121.72000000000003,0
Camo 录像 2026-01-27 03-36-56,99,3.3,72.729034,97.62796,119.52999999999997,0
Camo 录像 2026-01-27 03-36-56,100,3.3333333333333335,72.93044,98.25009,118.36000000000001,0
Camo 录像 2026-01-27 03-36-56,101,3.3666666666666667,73.102455,98.83771,115.43,0
Camo 录像 2026-01-27 03-36-56,102,3.4,73.215645,99.40947,111.30000000000001,0
Camo 录像 2026-01-27 03-36-56,103,3.433333333333333,73.244,99.962494,109.94,0
Camo 录像 2026-01-27 03-36-56,104,3.466666666666667,73.20882,100.605896,106.25999999999999,0
Camo 录像 2026-01-27 03-36-56,105,3.5,73.03245,101.06412,100.85000000000002,0
Camo 录像 2026-01-27 03-36-56,106,3.533333333333333,72.95181,101.88661,96.94,0
Camo 录像 2026-01-27 03-36-56,107,3.566666666666667,72.73978,102.52727,96.08000000000004,0
Camo 录像 2026-01-27 03-36-56,108,3.6,72.602264,103.424576,89.16000000000003,0
Camo 录像 2026-01-27 03-36-56,109,3.6333333333333333,72.30666,104.017365,85.44,0
Camo 录像 2026-01-27 03-36-56,110,3.6666666666666665,72.25899,105.29437,83.01999999999998,0
Camo 录像 2026-01-27 03-36-56,111,3.7,71.83408,105.549774,77.96000000000004,0
Camo 录像 2026-01-27 03-36-56,112,3.7333333333333334,71.50143,106.13417,74.59,0
Camo 录像 2026-01-27 03-36-56,113,3.7666666666666666,71.197464,106.89122,76.00999999999999,0
Camo 录像 2026-01-27 03-36-56,114,3.8,70.78017,107.32204,68.73000000000002,0
Camo 录像 2026-01-27 03-36-56,115,3.8333333333333335,70.43438,108.00972,65.87,0
Camo 录像 2026-01-27 03-36-56,116,3.8666666666666667,70.252144,109.32678,65.24000000000001,0
Camo 录像 2026-01-27 03-36-56,117,3.9,69.60421,109.12897,62.150000000000006,0
Camo 录像 2026-01-27 03-36-56,118,3.933333333333333,69.197876,109.65672,60.54000000000002,0
Camo 录像 2026-01-27 03-36-56,119,3.966666666666667,68.78385,110.20555,59.99000000000001,0
Camo 录像 2026-01-27 03-37-52,0,0.0,61.0,61.0,90.0,0
Camo 录像 2026-01-27 03-37-52,1,0.03333333333333333,60.985428,61.023422,89.83000000000004,0
Camo 录像 2026-01-27 03-37-52,2,0.06666666666666667,60.95866,61.039307,89.27999999999997,0
Camo 录像 2026-01-27 03-37-52,3,0.1,60.8927,61.096165,89.72000000000003,0
Camo 录像 2026-01-27 03-37-52,4,0.13333333333333333,60.83622,61.078903,88.98000000000002,0
Camo 录像 2026-01-27 03-37-52,5,0.16666666666666666,60.692055,61.14895,87.97000000000003,0
Camo 录像 2026-01-27 03-37-52,6,0.2,60.593273,61.13238,87.44999999999999,0
Camo 录像 2026-01-27 03-37-52,7,0.23333333333333334,60.43829,61.132416,86.91000000000003,0
Camo 录像 2026-01-27 03-37-52,8,0.26666666666666666,60.23534,61.133705,86.19999999999999,0
Camo 录像 2026-01-27 03-37-52,9,0.3,60.01978,61.114994,85.71000000000004,0
Camo 录像 2026-01-27 03-37-52,10,0.3333333333333333,59.798927,61.087685,85.19999999999999,0
Camo 录像 2026-01-27 03-37-52,11,0.36666666666666664,59.586964,61.04153,84.74000000000001,0
Camo 录像 2026-01-27 03-37-52,12,0.4,59.393055,61.004105,85.25999999999999,0
Camo 录像 2026-01-27 03-37-52,13,0.43333333333333335,59.243538,60.932762,85.61000000000001,0
Camo 录像 2026-01-27 03-37-52,14,0.4666666666666667,59.103157,60.864395,86.64999999999998,0
Camo 录像 2026-01-27 03-37-52,15,0.5,59.035908,60.7725,88.00999999999999,0
Camo 录像 2026-01-27 03-37-52,16,0.5333333333333333,58.98226,60.72037,89.75999999999999,0
Camo 录像 2026-01-27 03-37-52,17,0.5666666666666667,58.976025,60.70065,91.81,0
Camo 录像 2026-01-27 03-37-52,18,0.6,59.08892,60.67053,94.61000000000001,0
Camo 录像 2026-01-27 03-37-52,19,0.6333333333333333,59.20339,60.735844,97.44999999999999,0
Camo 录像 2026-01-27 03-37-52,20,0.6666666666666666,59.4165,60.863842,100.57,0
Camo 录像 2026-01-27 03-37-52,21,0.7,59.758904,61.086655,104.14999999999998,0
Camo 录像 2026-01-27 03-37-52,22,0.7333333333333333,60.19675,61.3921,108.04000000000002,0
Camo 录像 2026-01-27 03-37-52,23,0.7666666666666667,60.73322,61.711155,112.44,0
Camo 录像 2026-01-27 03-37-52,24,0.8,61.308563,62.083454,116.00999999999999,0
Camo 录像 2026-01-27 03-37-52,25,0.8333333333333334,61.922264,62.45257,119.96000000000004,0
Camo 录像 2026-01-27 03-37-52,26,0.8666666666666667,62.54773,62.809387,123.38999999999999,0
Camo 录像 2026-01-27 03-37-52,27,0.9,63.16431,63.162735,126.45000000000005,0
Camo 录像 2026-01-27 03-37-52,28,0.9333333333333333,63.81014,63.49263,128.82,0
Camo 录像 2026-01-27 03-37-52,29,0.9666666666666667,64.405716,63.8453,130.46000000000004,0
Camo 录像 2026-01-27 03-37-52,30,1.0,64.99567,64.170334,131.17000000000002,0
Camo 录像 2026-01-27 03-37-52,31,1.0333333333333334,65.535965,64.518555,131.58000000000004,0
Camo 录像 2026-01-27 03-37-52,32,1.0666666666666667,66.03107,64.85716,131.55,0
Camo 录像 2026-01-27 03-37-52,33,1.1,66.495865,65.17642,131.3,0
Camo 录像 2026-01-27 03-37-52,34,1.1333333333333333,66.88028,65.47785,131.18,0
Camo 录像 2026-01-27 03-37-52,35,1.1666666666666667,67.32321,65.77868,130.26,0
Camo 录像 2026-01-27 03-37-52,36,1.2,67.637985,66.13639,129.11,0
Camo 录像 2026-01-27 03-37-52,37,1.2333333333333334,67.94348,66.52966,127.25999999999999,0
Camo 录像 2026-01-27 03-37-52,38,1.2666666666666666,68.16307,66.943085,124.83000000000004,0
Camo 录像 2026-01-27 03-37-52,39,1.3,68.35654,67.38345,122.27999999999997,0
Camo 录像 2026-01-27 03-37-52,40,1.3333333333333333,68.62045,67.87076,119.58000000000004,0
Camo 录像 2026-01-27 03-37-52,41,1.3666666666666667,68.78168,68.3467,116.79000000000002,0
Camo 录像 2026-01-27 03-37-52,42,1.4,68.859604,68.88055,113.80000000000001,0
Camo 录像 2026-01-27 03-37-52,43,1.4333333333333333,68.88962,69.447205,110.38999999999999,0
Camo 录像 2026-01-27 03-37-52,44,1.4666666666666666,68.92212,70.05917,106.94999999999999,0
Camo 录像 2026-01-27 03-37-52,45,1.5,68.88573,70.68231,102.82,0
Camo 录像 2026-01-27 03-37-52,46,1.5333333333333334,68.790085,71.34054,98.34000000000003,0
Camo 录像 2026-01-27 03-37-52,47,1.5666666666666667,68.74341,72.053764,94.84000000000003,0
Camo 录像 2026-01-27 03-37-52,48,1.6,68.59001,72.74766,90.96000000000004,0
Camo 录像 2026-01-27 03-37-52,49,1.6333333333333333,68.39192,73.43534,86.91000000000003,0
Camo 录像 2026-01-27 03-37-52,50,1.6666666666666667,68.18269,74.0778,83.31,0
Camo 录像 2026-01-27 03-37-52,51,1.7,67.84534,74.64939,80.42000000000002,0
Camo 录像 2026-01-27 03-37-52,52,1.7333333333333334,67.502594,75.22292,76.81,0
Camo 录像 2026-01-27 03-37-52,53,1.7666666666666666,67.21518,75.854324,73.73000000000002,0
Camo 录像 2026-01-27 03-37-52,54,1.8,66.86574,76.39174,71.44,0
Camo 录像 2026-01-27 03-37-52,55,1.8333333333333333,66.45546,76.903244,68.4,0
Camo 录像 2026-01-27 03-37-52,56,1.8666666666666667,66.08038,77.4329,66.28,0
Camo 录像 2026-01-27 03-37-52,57,1.9,65.70599,77.96702,64.56,0
Camo 录像 2026-01-27 03-37-52,58,1.9333333333333333,65.2999,78.43262,63.21000000000001,0
Camo 录像 2026-01-27 03-37-52,59,1.9666666666666666,64.98189,79.018364,62.49000000000001,0
Camo 录像 2026-01-27 03-37-52,60,2.0,64.5972,79.46979,61.360000000000014,0
Camo 录像 2026-01-27 03-37-52,61,2.033333333333333,64.21266,79.92649,61.390000000000015,0
Camo 录像 2026-01-27 03-37-52,62,2.066666666666667,63.877186,80.45392,61.49000000000001,0
Camo 录像 2026-01-27 03-37-52,63,2.1,63.540424,80.92748,60.93000000000001,0
Camo 录像 2026-01-27 03-37-52,64,2.1333333333333333,63.230854,81.4153,62.06,0
Camo 录像 2026-01-27 03-37-52,65,2.1666666666666665,62.91025,81.85905,63.29000000000002,0
Camo 录像 2026-01-27 03-37-52,66,2.2,62.64018,82.32535,63.75,0
Camo 录像 2026-01-27 03-37-52,67,2.2333333333333334,62.45242,82.853165,66.54000000000002,0
Camo 录像 2026-01-27 03-37-52,68,2.2666666666666666,62.296608,83.29136,69.13,0
Camo 录像 2026-01-27 03-37-52,69,2.3,62.223076,83.85516,70.86000000000001,0
Camo 录像 2026-01-27 03-37-52,70,2.3333333333333335,62.192486,84.276825,73.32,0
Camo 录像 2026-01-27 03-37-52,71,2.3666666666666667,62.220596,84.80807,76.89999999999998,0
Camo 录像 2026-01-27 03-37-52,72,2.4,62.283707,85.38898,78.91000000000003,0
Camo 录像 2026-01-27 03-37-52,73,2.433333333333333,62.380817,85.79757,83.26999999999998,0
Camo 录像 2026-01-27 03-37-52,74,2.466666666666667,62.59185,86.46745,85.59000000000003,0
Camo 录像 2026-01-27 03-37-52,75,2.5,62.834393,87.13031,89.09000000000003,0
Camo 录像 2026-01-27 03-37-52,76,2.533333333333333,63.11643,87.73667,92.59000000000003,0
Camo 录像 2026-01-27 03-37-52,77,2.566666666666667,63.432568,88.40832,96.41000000000003,0
Camo 录像 2026-01-27 03-37-52,78,2.6,63.73071,88.90062,100.66000000000003,0
Camo 录像 2026-01-27 03-37-52,79,2.6333333333333333,64.16579,89.767,104.68,0
Camo 录像 2026-01-27 03-37-52,80,2.6666666666666665,64.462006,90.14119,107.93,0
Camo 录像 2026-01-27 03-37-52,81,2.7,64.88454,90.79124,112.30000000000001,0
Camo 录像 2026-01-27 03-37-52,82,2.7333333333333334,65.30328,91.41207,115.68,0
Camo 录像 2026-01-27 03-37-52,83,2.7666666666666666,65.747375,92.01082,118.51999999999998,0
Camo 录像 2026-01-27 03-37-52,84,2.8,66.12753,92.372765,120.33000000000004,0
Camo 录像 2026-01-27 03-37-52,85,2.8333333333333335,66.589966,92.86702,122.98000000000002,0
Camo 录像 2026-01-27 03-37-52,86,2.8666666666666667,67.077225,93.368004,125.79000000000002,0
Camo 录像 2026-01-27 03-37-52,87,2.9,67.46883,93.59208,127.34000000000003,0
Camo 录像 2026-01-27 03-37-52,88,2.933333333333333,68.02051,94.20539,128.94,0
Camo 录像 2026-01-27 03-37-52,89,2.966666666666667,68.56824,94.77117,128.99,0
Camo 录像 2026-01-27 03-37-52,90,3.0,69.01288,95.11366,130.92000000000002,0
Camo 录像 2026-01-27 03-37-52,91,3.033333333333333,69.40677,95.44485,131.40999999999997,0
Camo 录像 2026-01-27 03-37-52,92,3.066666666666667,69.89925,96.00598,130.76999999999998,0
Camo 录像 2026-01-27 03-37-52,93,3.1,70.34007,96.4424,130.36,0
Camo 录像 2026-01-27 03-37-52,94,3.1333333333333333,70.75931,96.886246,129.61,0
Camo 录像 2026-01-27 03-37-52,95,3.1666666666666665,71.165344,97.303925,128.83000000000004,0
Camo 录像 2026-01-27 03-37-52,96,3.2,71.533066,97.75925,127.25999999999999,0
Camo 录像 2026-01-27 03-37-52,97,3.2333333333333334,71.8371,98.20673,125.36000000000001,0
Camo 录像 2026-01-27 03-37-52,98,3.2666666666666666,72.10672,98.649414,123.97000000000003,0
Camo 录像 2026-01-27 03-37-52,99,3.3,72.381454,99.211555,121.36000000000001,0
Camo 录像 2026-01-27 03-37-52,100,3.3333333333333335,72.496155,99.640625,116.98000000000002,0
Camo 录像 2026-01-27 03-37-52,101,3.3666666666666667,72.728745,100.345024,114.43,0
Camo 录像 2026-01-27 03-37-52,102,3.4,72.95413,101.12618,112.19999999999999,0
Camo 录像 2026-01-27 03-37-52,103,3.433333333333333,72.96211,101.591064,109.49000000000001,0
Camo 录像 2026-01-27 03-37-52,104,3.466666666666667,72.781876,101.87809,107.79000000000002,0
Camo 录像 2026-01-27 03-37-52,105,3.5,72.795166,102.68871,103.35000000000002,0
Camo 录像 2026-01-27 03-37-52,106,3.533333333333333,72.69147,103.42105,99.61000000000001,0
Camo 录像 2026-01-27 03-37-52,107,3.566666666666667,72.501816,103.99865,93.50999999999999,0
Camo 录像 2026-01-27 03-37-52,108,3.6,72.308136,104.70375,89.67000000000002,0
Camo 录像 2026-01-27 03-37-52,109,3.6333333333333333,72.16579,105.59677,89.49000000000001,0
Camo 录像 2026-01-27 03-37-52,110,3.6666666666666665,71.914856,106.19407,82.16000000000003,0
Camo 录像 2026-01-27 03-37-52,111,3.7,71.805435,107.2423,82.59000000000003,0
Camo 录像 2026-01-27 03-37-52,112,3.7333333333333334,71.39755,107.53064,75.96000000000001,0
Camo 录像 2026-01-27 03-37-52,113,3.7666666666666666,71.12492,108.28126,72.71000000000001,0
Camo 录像 2026-01-27 03-37-52,114,3.8,70.80975,108.93346,74.38999999999999,0
Camo 录像 2026-01-27 03-37-52,115,3.8333333333333335,70.40346,109.42948,66.79000000000002,0
Camo 录像 2026-01-27 03-37-52,116,3.8666666666666667,70.03728,110.10797,64.94,0
Camo 录像 2026-01-27 03-37-52,117,3.9,69.64392,110.79788,62.920000000000016,0
Camo 录像 2026-01-27 03-37-52,118,3.933333333333333,69.16264,111.165375,61.170000000000016,0
Camo 录像 2026-01-27 03-37-52,119,3.966666666666667,68.698166,111.58156,60.16,0
Camo 录像 2026-01-27 03-38-47,0,0.0,61.0,61.0,90.0,0
Camo 录像 2026-01-27 03-38-47,1,0.03333333333333333,60.994972,61.012608,90.21000000000004,0
Camo 录像 2026-01-27 03-38-47,2,0.06666666666666667,60.971767,61.019264,89.59000000000003,0
Camo 录像 2026-01-27 03-38-47,3,0.1,60.905514,61.059956,89.27999999999997,0
Camo 录像 2026-01-27 03-38-47,4,0.13333333333333333,60.809242,61.081604,88.69999999999999,0
Camo 录像 2026-01-27 03-38-47,5,0.16666666666666666,60.665516,61.11995,87.84000000000003,0
Camo 录像 2026-01-27 03-38-47,6,0.2,60.490536,61.15416,87.34000000000003,0
Camo 录像 2026-01-27 03-38-47,7,0.23333333333333334,60.276756,61.16018,86.24000000000001,0
Camo 录像 2026-01-27 03-38-47,8,0.26666666666666666,60.046947,61.14874,85.51999999999998,0
Camo 录像 2026-01-27 03-38-47,9,0.3,59.82003,61.150913,84.80000000000001,0
Camo 录像 2026-01-27 03-38-47,10,0.3333333333333333,59.597816,61.14305,84.49000000000001,0
Camo 录像 2026-01-27 03-38-47,11,0.36666666666666664,59.388767,61.10846,84.87,0
Camo 录像 2026-01-27 03-38-47,12,0.4,59.216625,61.078884,85.41000000000003,0
Camo 录像 2026-01-27 03-38-47,13,0.43333333333333335,59.071045,61.061317,87.10000000000002,0
Camo 录像 2026-01-27 03-38-47,14,0.4666666666666667,58.982788,61.04311,88.19999999999999,0
Camo 录像 2026-01-27 03-38-47,15,0.5,58.949966,60.971645,89.94,0
Camo 录像 2026-01-27 03-38-47,16,0.5333333333333333,58.95568,60.93568,92.11000000000001,0
Camo 录像 2026-01-27 03-38-47,17,0.5666666666666667,59.077328,60.946823,94.85000000000002,0
Camo 录像 2026-01-27 03-38-47,18,0.6,59.21821,61.001804,97.44,0
Camo 录像 2026-01-27 03-38-47,19,0.6333333333333333,59.45341,61.14814,100.80000000000001,0
Camo 录像 2026-01-27 03-38-47,20,0.6666666666666666,59.821373,61.36472,104.05000000000001,0
Camo 录像 2026-01-27 03-38-47,21,0.7,60.82968,62.010334,112.11000000000001,0
Camo 录像 2026-01-27 03-38-47,22,0.7333333333333333,60.831974,62.006653,112.13999999999999,0
Camo 录像 2026-01-27 03-38-47,23,0.7666666666666667,62.06161,62.75288,119.92000000000002,0
Camo 录像 2026-01-27 03-38-47,24,0.8,62.071075,62.738976,119.71000000000004,0
Camo 录像 2026-01-27 03-38-47,25,0.8333333333333334,62.702843,63.12075,123.42000000000002,0
Camo 录像 2026-01-27 03-38-47,26,0.8666666666666667,63.34627,63.475906,126.55000000000001,0
Camo 录像 2026-01-27 03-38-47,27,0.9,63.999676,63.81029,129.04000000000002,0
Camo 录像 2026-01-27 03-38-47,28,0.9333333333333333,64.62073,64.14096,130.81,0
Camo 录像 2026-01-27 03-38-47,29,0.9666666666666667,65.22569,64.46788,131.63,0
Camo 录像 2026-01-27 03-38-47,30,1.0,65.75931,64.80037,131.81,0
Camo 录像 2026-01-27 03-38-47,31,1.0333333333333334,66.25226,65.13554,132.29000000000002,0
Camo 录像 2026-01-27 03-38-47,32,1.0666666666666667,66.730255,65.43503,132.01999999999998,0
Camo 录像 2026-01-27 03-38-47,33,1.1,67.10812,65.73174,131.56,0
Camo 录像 2026-01-27 03-38-47,34,1.1333333333333333,67.58374,66.02466,131.10000000000002,0
Camo 录像 2026-01-27 03-38-47,35,1.1666666666666667,67.95871,66.37412,129.24,0
Camo 录像 2026-01-27 03-38-47,36,1.2,68.193436,66.77158,127.12,0
Camo 录像 2026-01-27 03-38-47,37,1.2333333333333334,68.509186,67.20454,125.76999999999998,0
Camo 录像 2026-01-27 03-38-47,38,1.2666666666666666,68.75696,67.64113,123.26999999999998,0
Camo 录像 2026-01-27 03-38-47,39,1.3,68.976074,68.115166,120.32,0
Camo 录像 2026-01-27 03-38-47,40,1.3333333333333333,69.12862,68.579666,116.88999999999999,0
Camo 录像 2026-01-27 03-38-47,41,1.3666666666666667,69.30565,69.11371,114.17000000000002,0
Camo 录像 2026-01-27 03-38-47,42,1.4,69.33792,69.66656,110.56,0
Camo 录像 2026-01-27 03-38-47,43,1.4333333333333333,69.370346,70.26181,107.43,0
Camo 录像 2026-01-27 03-38-47,44,1.4666666666666666,69.31401,70.86688,103.04000000000002,0
Camo 录像 2026-01-27 03-38-47,45,1.5,69.30826,71.53222,99.96000000000004,0
Camo 录像 2026-01-27 03-38-47,46,1.5333333333333334,69.23869,72.21867,95.60000000000002,0
Camo 录像 2026-01-27 03-38-47,47,1.5666666666666667,68.99982,72.84884,91.38,0
Camo 录像 2026-01-27 03-38-47,48,1.6,68.8884,73.5668,87.38,0
Camo 录像 2026-01-27 03-38-47,49,1.6333333333333333,68.640274,74.174675,84.13999999999999,0
Camo 录像 2026-01-27 03-38-47,50,1.6666666666666667,68.45851,74.83961,81.02999999999997,0
Camo 录像 2026-01-27 03-38-47,51,1.7,68.221146,75.43468,78.08000000000004,0
Camo 录像 2026-01-27 03-38-47,52,1.7333333333333334,67.9827,76.05132,74.92000000000002,0
Camo 录像 2026-01-27 03-38-47,53,1.7666666666666666,67.665726,76.57371,72.12,0
Camo 录像 2026-01-27 03-38-47,54,1.8,67.39407,77.12889,68.87,0
Camo 录像 2026-01-27 03-38-47,55,1.8333333333333333,67.06914,77.654434,67.08000000000001,0
Camo 录像 2026-01-27 03-38-47,56,1.8666666666666667,66.74988,78.17388,65.43,0
Camo 录像 2026-01-27 03-38-47,57,1.9,66.40752,78.64873,64.25,0
Camo 录像 2026-01-27 03-38-47,58,1.9333333333333333,65.68193,79.527054,61.49000000000001,0
Camo 录像 2026-01-27 03-38-47,59,1.9666666666666666,65.676926,79.5204,61.47000000000003,0
Camo 录像 2026-01-27 03-38-47,60,2.0,65.34285,79.985176,61.02000000000001,0
Camo 录像 2026-01-27 03-38-47,61,2.033333333333333,64.998795,80.44594,61.5,0
Camo 录像 2026-01-27 03-38-47,62,2.066666666666667,64.74283,81.02593,62.120000000000005,0
Camo 录像 2026-01-27 03-38-47,63,2.1,64.420456,81.47675,62.75,0
Camo 录像 2026-01-27 03-38-47,64,2.1333333333333333,64.1234,81.94614,63.72000000000003,0
Camo 录像 2026-01-27 03-38-47,65,2.1666666666666665,63.79102,82.290794,64.83000000000001,0
Camo 录像 2026-01-27 03-38-47,66,2.2,63.647305,82.83156,66.88999999999999,0
Camo 录像 2026-01-27 03-38-47,67,2.2333333333333334,63.537212,83.383255,68.83000000000001,0
Camo 录像 2026-01-27 03-38-47,68,2.2666666666666666,63.426517,83.783134,70.61000000000001,0
Camo 录像 2026-01-27 03-38-47,69,2.3,63.450146,84.32635,74.69,0
Camo 录像 2026-01-27 03-38-47,70,2.3333333333333335,63.46329,84.71825,76.93,0
Camo 录像 2026-01-27 03-38-47,71,2.3666666666666667,63.580303,85.30561,80.19999999999999,0
Camo 录像 2026-01-27 03-38-47,72,2.4,63.76254,85.85471,82.77999999999997,0
Camo 录像 2026-01-27 03-38-47,73,2.433333333333333,63.894268,86.15177,85.92000000000002,0
Camo 录像 2026-01-27 03-38-47,74,2.466666666666667,64.58298,87.629234,93.44,0
Camo 录像 2026-01-27 03-38-47,75,2.5,64.584,87.62936,93.37,0
Camo 录像 2026-01-27 03-38-47,76,2.533333333333333,64.86806,88.16448,98.25,0
Camo 录像 2026-01-27 03-38-47,77,2.566666666666667,65.2621,88.929665,101.02999999999997,0
Camo 录像 2026-01-27 03-38-47,78,2.6,65.55063,89.362274,104.50999999999999,0
Camo 录像 2026-01-27 03-38-47,79,2.6333333333333333,65.97145,90.0999,108.61000000000001,0
Camo 录像 2026-01-27 03-38-47,80,2.6666666666666665,66.71272,91.202515,115.46000000000004,0
Camo 录像 2026-01-27 03-38-47,81,2.7,66.721466,91.22203,115.39999999999998,0
Camo 录像 2026-01-27 03-38-47,82,2.7333333333333334,67.15425,91.80997,117.80000000000001,0
Camo 录像 2026-01-27 03-38-47,83,2.7666666666666666,67.60062,92.37868,120.85000000000002,0
Camo 录像 2026-01-27 03-38-47,84,2.8,67.96188,92.6131,122.97000000000003,0
Camo 录像 2026-01-27 03-38-47,85,2.8333333333333335,68.51114,93.20021,125.55000000000001,0
Camo 录像 2026-01-27 03-38-47,86,2.8666666666666667,68.96521,93.54392,127.63999999999999,0
Camo 录像 2026-01-27 03-38-47,87,2.9,69.512405,94.035286,128.93,0
Camo 录像 2026-01-27 03-38-47,88,2.933333333333333,70.04373,94.43875,130.22000000000003,0
Camo 录像 2026-01-27 03-38-47,89,2.966666666666667,70.630356,94.99009,131.15000000000003,0
Camo 录像 2026-01-27 03-38-47,90,3.0,71.00246,95.20283,130.89,0
Camo 录像 2026-01-27 03-38-47,91,3.033333333333333,71.53102,95.74706,131.41000000000003,0
Camo 录像 2026-01-27 03-38-47,92,3.066666666666667,71.983795,96.11636,129.91000000000003,0
Camo 录像 2026-01-27 03-38-47,93,3.1,72.5668,96.82614,129.69,0
Camo 录像 2026-01-27 03-38-47,94,3.1333333333333333,72.84555,96.96768,128.63,0
Camo 录像 2026-01-27 03-38-47,95,3.1666666666666665,73.33356,97.605,128.01,0
Camo 录像 2026-01-27 03-38-47,96,3.2,73.66095,98.08697,126.5,0
Camo 录像 2026-01-27 03-38-47,97,3.2333333333333334,73.89821,98.49874,123.77999999999997,0
Camo 录像 2026-01-27 03-38-47,98,3.2666666666666666,74.155045,99.04709,122.25,0
Camo 录像 2026-01-27 03-38-47,99,3.3,74.41675,99.72754,119.25,0
Camo 录像 2026-01-27 03-38-47,100,3.3333333333333335,74.50432,100.1618,114.82,0
Camo 录像 2026-01-27 03-38-47,101,3.3666666666666667,74.50426,100.50019,112.12,0
Camo 录像 2026-01-27 03-38-47,102,3.4,74.70842,101.37235,111.72000000000003,0
Camo 录像 2026-01-27 03-38-47,103,3.433333333333333,74.59535,101.81794,108.52999999999997,0
Camo 录像 2026-01-27 03-38-47,104,3.466666666666667,74.73653,103.79573,97.61000000000001,0
Camo 录像 2026-01-27 03-38-47,105,3.5,74.75162,103.82685,97.77999999999997,0
Camo 录像 2026-01-27 03-38-47,106,3.533333333333333,74.38905,104.09578,93.68,0
Camo 录像 2026-01-27 03-38-47,107,3.566666666666667,74.255554,104.94266,93.51999999999998,0
Camo 录像 2026-01-27 03-38-47,108,3.6,74.17018,105.98573,89.26999999999998,0
Camo 录像 2026-01-27 03-38-47,109,3.6333333333333333,73.81024,106.4038,82.91000000000003,0
Camo 录像 2026-01-27 03-38-47,110,3.6666666666666665,73.62695,107.29421,79.21000000000004,0
Camo 录像 2026-01-27 03-38-47,111,3.7,73.48941,108.365105,76.17000000000002,0
Camo 录像 2026-01-27 03-38-47,112,3.7333333333333334,72.919556,108.42852,73.23000000000002,0
Camo 录像 2026-01-27 03-38-47,113,3.7666666666666666,72.64963,109.27853,74.04000000000002,0
Camo 录像 2026-01-27 03-38-47,114,3.8,72.20322,109.72169,67.23000000000002,0
Camo 录像 2026-01-27 03-38-47,115,3.8333333333333335,71.83679,110.42815,69.80000000000001,0
Camo 录像 2026-01-27 03-38-47,116,3.8666666666666667,71.47406,111.18172,67.5,0
Camo 录像 2026-01-27 03-38-47,117,3.9,71.02324,111.58035,61.09,0
Camo 录像 2026-01-27 03-38-47,118,3.933333333333333,70.608444,112.152306,65.24000000000001,0
Camo 录像 2026-01-27 03-38-47,119,3.966666666666667,70.45964,112.90842,61.150000000000006,0
Camo 录像 2026-01-27 03-39-40,0,0.0,61.0,61.0,90.0,0
Camo 录像 2026-01-27 03-39-40,1,0.03333333333333333,61.011566,61.022873,90.01999999999998,0
Camo 录像 2026-01-27 03-39-40,2,0.06666666666666667,61.006287,61.04145,89.44999999999999,0
Camo 录像 2026-01-27 03-39-40,3,0.1,60.977707,61.051964,89.05000000000001,0
Camo 录像 2026-01-27 03-39-40,4,0.13333333333333333,60.88977,61.1017,88.68,0
Camo 录像 2026-01-27 03-39-40,5,0.16666666666666666,60.79194,61.12549,88.07999999999998,0
Camo 录像 2026-01-27 03-39-40,6,0.2,60.65558,61.127056,87.30000000000001,0
Camo 录像 2026-01-27 03-39-40,7,0.23333333333333334,60.489674,61.144268,86.70999999999998,0
Camo 录像 2026-01-27 03-39-40,8,0.26666666666666666,60.303295,61.132652,85.81,0
Camo 录像 2026-01-27 03-39-40,9,0.3,60.09388,61.13397,84.98000000000002,0
Camo 录像 2026-01-27 03-39-40,10,0.3333333333333333,59.898327,61.08283,84.62,0
Camo 录像 2026-01-27 03-39-40,11,0.36666666666666664,59.70145,61.04454,84.28999999999996,0
Camo 录像 2026-01-27 03-39-40,12,0.4,59.51384,61.006145,84.10000000000002,0
Camo 录像 2026-01-27 03-39-40,13,0.43333333333333335,59.37559,60.943764,85.74000000000001,0
Camo 录像 2026-01-27 03-39-40,14,0.4666666666666667,59.22585,60.849457,86.32,0
Camo 录像 2026-01-27 03-39-40,15,0.5,59.12528,60.785202,87.57,0
Camo 录像 2026-01-27 03-39-40,16,0.5333333333333333,59.071888,60.727516,89.35000000000002,0
Camo 录像 2026-01-27 03-39-40,17,0.5666666666666667,59.07173,60.679134,91.68,0
Camo 录像 2026-01-27 03-39-40,18,0.6,59.162903,60.67792,94.39999999999998,0
Camo 录像 2026-01-27 03-39-40,19,0.6333333333333333,59.291527,60.719097,97.11000000000001,0
Camo 录像 2026-01-27 03-39-40,20,0.6666666666666666,59.485638,60.867085,100.23000000000002,0
Camo 录像 2026-01-27 03-39-40,21,0.7,59.83908,61.06543,103.80000000000001,0
Camo 录像 2026-01-27 03-39-40,22,0.7333333333333333,60.294083,61.352245,107.82999999999998,0
Camo 录像 2026-01-27 03-39-40,23,0.7666666666666667,60.837173,61.671295,112.05000000000001,0
Camo 录像 2026-01-27 03-39-40,24,0.8,61.417793,62.04265,116.20999999999998,0
Camo 录像 2026-01-27 03-39-40,25,0.8333333333333334,62.046043,62.395275,119.64999999999998,0
Camo 录像 2026-01-27 03-39-40,26,0.8666666666666667,62.691,62.73585,123.11000000000001,0
Camo 录像 2026-01-27 03-39-40,27,0.9,63.32951,63.049297,126.15999999999997,0
Camo 录像 2026-01-27 03-39-40,28,0.9333333333333333,63.934345,63.38559,128.99,0
Camo 录像 2026-01-27 03-39-40,29,0.9666666666666667,64.554504,63.686325,130.27999999999997,0
Camo 录像 2026-01-27 03-39-40,30,1.0,65.1494,63.98476,131.48000000000002,0
Camo 录像 2026-01-27 03-39-40,31,1.0333333333333334,65.692566,64.29596,131.77999999999997,0
Camo 录像 2026-01-27 03-39-40,32,1.0666666666666667,66.16173,64.59455,131.62,0
Camo 录像 2026-01-27 03-39-40,33,1.1,66.66206,64.870316,131.69,0
Camo 录像 2026-01-27 03-39-40,34,1.1333333333333333,67.1231,65.13095,131.51999999999998,0
Camo 录像 2026-01-27 03-39-40,35,1.1666666666666667,67.516365,65.41262,130.57,0
Camo 录像 2026-01-27 03-39-40,36,1.2,67.8944,65.7403,129.44,0
Camo 录像 2026-01-27 03-39-40,37,1.2333333333333334,68.250824,66.10085,127.61000000000001,0
Camo 录像 2026-01-27 03-39-40,38,1.2666666666666666,68.53192,66.48566,125.45999999999998,0
Camo 录像 2026-01-27 03-39-40,39,1.3,68.80568,66.893394,123.08999999999997,0
Camo 录像 2026-01-27 03-39-40,40,1.3333333333333333,68.94492,67.33425,120.28999999999996,0
Camo 录像 2026-01-27 03-39-40,41,1.3666666666666667,69.180855,67.79564,117.24000000000001,0
Camo 录像 2026-01-27 03-39-40,42,1.4,69.2706,68.30847,114.33999999999997,0
Camo 录像 2026-01-27 03-39-40,43,1.4333333333333333,69.31504,68.85178,110.92000000000002,0
Camo 录像 2026-01-27 03-39-40,44,1.4666666666666666,69.27869,69.4157,107.28999999999996,0
Camo 录像 2026-01-27 03-39-40,45,1.5,69.241516,70.008,103.89999999999998,0
Camo 录像 2026-01-27 03-39-40,46,1.5333333333333334,69.19405,70.66085,99.68,0
Camo 录像 2026-01-27 03-39-40,47,1.5666666666666667,69.025154,71.27842,95.62,0
Camo 录像 2026-01-27 03-39-40,48,1.6,68.874825,71.95222,91.61000000000001,0
Camo 录像 2026-01-27 03-39-40,49,1.6333333333333333,68.67954,72.59846,88.01999999999998,0
Camo 录像 2026-01-27 03-39-40,50,1.6666666666666667,68.41643,73.189156,84.28999999999996,0
Camo 录像 2026-01-27 03-39-40,51,1.7,68.13607,73.76774,80.93,0
Camo 录像 2026-01-27 03-39-40,52,1.7333333333333334,67.87761,74.3669,77.99000000000001,0
Camo 录像 2026-01-27 03-39-40,53,1.7666666666666666,67.58645,74.953476,74.45999999999998,0
Camo 录像 2026-01-27 03-39-40,54,1.8,67.237915,75.460754,71.70999999999998,0
Camo 录像 2026-01-27 03-39-40,55,1.8333333333333333,66.88602,76.00608,69.13999999999999,0
Camo 录像 2026-01-27 03-39-40,56,1.8666666666666667,66.4872,76.4813,66.99000000000001,0
Camo 录像 2026-01-27 03-39-40,57,1.9,66.08739,76.94734,64.94999999999999,0
Camo 录像 2026-01-27 03-39-40,58,1.9333333333333333,65.69342,77.401596,63.51999999999998,0
Camo 录像 2026-01-27 03-39-40,59,1.9666666666666666,65.31918,77.87723,62.56999999999999,0
Camo 录像 2026-01-27 03-39-40,60,2.0,64.94986,78.32569,62.079999999999984,0
Camo 录像 2026-01-27 03-39-40,61,2.033333333333333,64.589874,78.77655,61.68000000000001,0
Camo 录像 2026-01-27 03-39-40,62,2.066666666666667,64.22597,79.21437,61.879999999999995,0
Camo 录像 2026-01-27 03-39-40,63,2.1,63.87306,79.6091,61.72999999999999,0
Camo 录像 2026-01-27 03-39-40,64,2.1333333333333333,63.565506,80.04365,63.03999999999999,0
Camo 录像 2026-01-27 03-39-40,65,2.1666666666666665,63.23047,80.38596,63.69999999999999,0
Camo 录像 2026-01-27 03-39-40,66,2.2,62.966087,80.86157,65.06,0
Camo 录像 2026-01-27 03-39-40,67,2.2333333333333334,62.792305,81.34665,66.68,0
Camo 录像 2026-01-27 03-39-40,68,2.2666666666666666,62.663864,81.8303,68.20999999999998,0
Camo 录像 2026-01-27 03-39-40,69,2.3,62.576622,82.33011,71.17000000000002,0
Camo 录像 2026-01-27 03-39-40,70,2.3333333333333335,62.563084,82.754486,74.66,0
Camo 录像 2026-01-27 03-39-40,71,2.3666666666666667,62.570072,83.2044,77.18,0
Camo 录像 2026-01-27 03-39-40,72,2.4,62.602432,83.66638,80.23000000000002,0
Camo 录像 2026-01-27 03-39-40,73,2.433333333333333,62.72518,84.18504,82.08999999999997,0
Camo 录像 2026-01-27 03-39-40,74,2.466666666666667,62.869717,84.56945,85.48000000000002,0
Camo 录像 2026-01-27 03-39-40,75,2.5,63.10278,85.23116,89.74000000000001,0
Camo 录像 2026-01-27 03-39-40,76,2.533333333333333,63.362377,85.81692,92.61000000000001,0
Camo 录像 2026-01-27 03-39-40,77,2.566666666666667,63.618813,86.401245,96.57999999999998,0
Camo 录像 2026-01-27 03-39-40,78,2.6,63.950222,87.17411,100.56,0
Camo 录像 2026-01-27 03-39-40,79,2.6333333333333333,64.270676,87.72218,104.93,0
Camo 录像 2026-01-27 03-39-40,80,2.6666666666666665,64.59911,88.19334,109.06,0
Camo 录像 2026-01-27 03-39-40,81,2.7,64.95789,88.7379,111.10000000000002,0
Camo 录像 2026-01-27 03-39-40,82,2.7333333333333334,65.31925,89.227684,114.17000000000002,0
Camo 录像 2026-01-27 03-39-40,83,2.7666666666666666,65.78633,89.95415,116.73000000000002,0
Camo 录像 2026-01-27 03-39-40,84,2.8,66.20203,90.40909,120.82999999999998,0
Camo 录像 2026-01-27 03-39-40,85,2.8333333333333335,66.6542,90.88876,123.06,0
Camo 录像 2026-01-27 03-39-40,86,2.8666666666666667,67.093155,91.21012,125.18,0
Camo 录像 2026-01-27 03-39-40,87,2.9,67.55571,91.62932,128.25,0
Camo 录像 2026-01-27 03-39-40,88,2.933333333333333,68.045135,92.10662,128.63,0
Camo 录像 2026-01-27 03-39-40,89,2.966666666666667,68.559425,92.63469,129.35000000000002,0
Camo 录像 2026-01-27 03-39-40,90,3.0,68.942055,92.824554,130.14,0
Camo 录像 2026-01-27 03-39-40,91,3.033333333333333,69.388565,93.318634,130.31,0
Camo 录像 2026-01-27 03-39-40,92,3.066666666666667,69.780655,93.67258,131.39999999999998,0
Camo 录像 2026-01-27 03-39-40,93,3.1,70.24818,94.22879,130.15999999999997,0
Camo 录像 2026-01-27 03-39-40,94,3.1333333333333333,70.56973,94.44769,128.56,0
Camo 录像 2026-01-27 03-39-40,95,3.1666666666666665,70.989105,94.946976,127.96999999999997,0
Camo 录像 2026-01-27 03-39-40,96,3.2,71.35738,95.375916,126.07,0
Camo 录像 2026-01-27 03-39-40,97,3.2333333333333334,71.62213,95.722336,125.03999999999996,0
Camo 录像 2026-01-27 03-39-40,98,3.2666666666666666,71.89458,96.186226,122.95999999999998,0
Camo 录像 2026-01-27 03-39-40,99,3.3,72.26299,96.9976,120.28999999999996,0
Camo 录像 2026-01-27 03-39-40,100,3.3333333333333335,72.369896,97.37642,116.50999999999999,0
Camo 录像 2026-01-27 03-39-40,101,3.3666666666666667,72.47517,97.83272,114.11000000000001,0
Camo 录像 2026-01-27 03-39-40,102,3.4,72.55475,98.33508,113.33999999999997,0
Camo 录像 2026-01-27 03-39-40,103,3.433333333333333,72.67575,99.05364,110.32999999999998,0
Camo 录像 2026-01-27 03-39-40,104,3.466666666666667,72.55435,99.40459,105.31,0
Camo 录像 2026-01-27 03-39-40,105,3.5,72.48668,100.078125,101.65999999999997,0
Camo 录像 2026-01-27 03-39-40,106,3.533333333333333,72.31387,100.600784,97.58999999999997,0
Camo 录像 2026-01-27 03-39-40,107,3.566666666666667,72.26941,101.60559,96.5,0
Camo 录像 2026-01-27 03-39-40,108,3.6,72.01861,102.18134,90.07999999999998,0
Camo 录像 2026-01-27 03-39-40,109,3.6333333333333333,71.73086,102.77139,85.47000000000003,0
Camo 录像 2026-01-27 03-39-40,110,3.6666666666666665,71.52919,103.6266,86.35000000000002,0
Camo 录像 2026-01-27 03-39-40,111,3.7,71.20883,104.22433,79.03999999999996,0
Camo 录像 2026-01-27 03-39-40,112,3.7333333333333334,70.929794,105.002045,79.81,0
Camo 录像 2026-01-27 03-39-40,113,3.7666666666666666,70.70517,106.11776,73.70999999999998,0
Camo 录像 2026-01-27 03-39-40,114,3.8,70.184425,106.289,73.63999999999999,0
Camo 录像 2026-01-27 03-39-40,115,3.8333333333333335,69.76434,106.891075,66.97,0
Camo 录像 2026-01-27 03-39-40,116,3.8666666666666667,69.3421,107.47347,64.68,0
Camo 录像 2026-01-27 03-39-40,117,3.9,68.84072,107.7403,62.72999999999999,0
Camo 录像 2026-01-27 03-39-40,118,3.933333333333333,68.40895,108.29146,61.329999999999984,0
Camo 录像 2026-01-27 03-39-40,119,3.966666666666667,67.954185,108.73012,60.41,0
Camo 录像 2026-01-27 03-40-34,0,0.0,61.0,61.0,90.0,0
Camo 录像 2026-01-27 03-40-34,1,0.03333333333333333,60.955513,61.047302,89.82,0
Camo 录像 2026-01-27 03-40-34,2,0.06666666666666667,60.915676,61.06346,89.63999999999999,0
Camo 录像 2026-01-27 03-40-34,3,0.1,60.861023,61.050232,88.73000000000002,0
Camo 录像 2026-01-27 03-40-34,4,0.13333333333333333,60.75151,61.124756,88.07999999999998,0
Camo 录像 2026-01-27 03-40-34,5,0.16666666666666666,60.638927,61.153748,87.72000000000003,0
Camo 录像 2026-01-27 03-40-34,6,0.2,60.502983,61.139675,86.94,0
Camo 录像 2026-01-27 03-40-34,7,0.23333333333333334,60.311172,61.15292,86.05000000000001,0
Camo 录像 2026-01-27 03-40-34,8,0.26666666666666666,60.074284,61.16786,85.47000000000003,0
Camo 录像 2026-01-27 03-40-34,9,0.3,59.84634,61.154587,85.19999999999999,0
Camo 录像 2026-01-27 03-40-34,10,0.3333333333333333,59.614353,61.13252,84.80000000000001,0
Camo 录像 2026-01-27 03-40-34,11,0.36666666666666664,59.38948,61.09406,84.73000000000002,0
Camo 录像 2026-01-27 03-40-34,12,0.4,59.17737,61.070656,85.64999999999998,0
Camo 录像 2026-01-27 03-40-34,13,0.43333333333333335,59.032394,61.026436,86.40999999999997,0
Camo 录像 2026-01-27 03-40-34,14,0.4666666666666667,58.886707,60.967907,87.57,0
Camo 录像 2026-01-27 03-40-34,15,0.5,58.809025,60.924694,88.92000000000002,0
Camo 录像 2026-01-27 03-40-34,16,0.5333333333333333,58.79988,60.865932,91.44999999999999,0
Camo 录像 2026-01-27 03-40-34,17,0.5666666666666667,58.873264,60.863297,94.38999999999999,0
Camo 录像 2026-01-27 03-40-34,18,0.6,58.993866,60.905098,96.84000000000003,0
Camo 录像 2026-01-27 03-40-34,19,0.6333333333333333,59.19822,61.018997,99.87,0
Camo 录像 2026-01-27 03-40-34,20,0.6666666666666666,59.53325,61.248814,103.13999999999999,0
Camo 录像 2026-01-27 03-40-34,21,0.7,59.98884,61.50182,107.40999999999997,0
Camo 录像 2026-01-27 03-40-34,22,0.7333333333333333,60.506718,61.869755,111.14999999999998,0
Camo 录像 2026-01-27 03-40-34,23,0.7666666666666667,61.135803,62.176895,115.47000000000003,0
Camo 录像 2026-01-27 03-40-34,24,0.8,61.736176,62.563343,119.23000000000002,0
Camo 录像 2026-01-27 03-40-34,25,0.8333333333333334,62.38516,62.90863,122.62,0
Camo 录像 2026-01-27 03-40-34,26,0.8666666666666667,63.013775,63.243637,125.94999999999999,0
Camo 录像 2026-01-27 03-40-34,27,0.9,63.612644,63.57136,128.51,0
Camo 录像 2026-01-27 03-40-34,28,0.9333333333333333,64.29825,63.85357,130.40999999999997,0
Camo 录像 2026-01-27 03-40-34,29,0.9666666666666667,64.89426,64.15937,131.66999999999996,0
Camo 录像 2026-01-27 03-40-34,30,1.0,65.43161,64.48456,131.90999999999997,0
Camo 录像 2026-01-27 03-40-34,31,1.0333333333333334,65.98782,64.79607,132.11,0
Camo 录像 2026-01-27 03-40-34,32,1.0666666666666667,66.510376,65.081894,131.97000000000003,0
Camo 录像 2026-01-27 03-40-34,33,1.1,66.908646,65.35872,131.86,0
Camo 录像 2026-01-27 03-40-34,34,1.1333333333333333,67.368576,65.62395,131.27999999999997,0
Camo 录像 2026-01-27 03-40-34,35,1.1666666666666667,67.8456,65.94067,129.98000000000002,0
Camo 录像 2026-01-27 03-40-34,36,1.2,68.11861,66.308525,128.16999999999996,0
Camo 录像 2026-01-27 03-40-34,37,1.2333333333333334,68.41298,66.68848,125.5,0
Camo 录像 2026-01-27 03-40-34,38,1.2666666666666666,68.72327,67.09314,123.63999999999999,0
Camo 录像 2026-01-27 03-40-34,39,1.3,68.86539,67.52707,120.07999999999998,0
Camo 录像 2026-01-27 03-40-34,40,1.3333333333333333,69.09735,67.99135,117.68,0
Camo 录像 2026-01-27 03-40-34,41,1.3666666666666667,69.14212,68.49283,114.24000000000001,0
Camo 录像 2026-01-27 03-40-34,42,1.4,69.24492,69.0367,110.65999999999997,0
Camo 录像 2026-01-27 03-40-34,43,1.4333333333333333,69.32263,69.620316,107.54000000000002,0
Camo 录像 2026-01-27 03-40-34,44,1.4666666666666666,69.30292,70.20285,104.32,0
Camo 录像 2026-01-27 03-40-34,45,1.5,69.35162,70.859436,99.68,0
Camo 录像 2026-01-27 03-40-34,46,1.5333333333333334,69.2832,71.513794,95.90999999999997,0
Camo 录像 2026-01-27 03-40-34,47,1.5666666666666667,69.13168,72.14638,91.97000000000003,0
Camo 录像 2026-01-27 03-40-34,48,1.6,68.99147,72.79811,87.79000000000002,0
Camo 录像 2026-01-27 03-40-34,49,1.6333333333333333,68.812744,73.412964,84.81,0
Camo 录像 2026-01-27 03-40-34,50,1.6666666666666667,68.52896,73.98837,81.51999999999998,0
Camo 录像 2026-01-27 03-40-34,51,1.7,68.359055,74.62216,78.05000000000001,0
Camo 录像 2026-01-27 03-40-34,52,1.7333333333333334,68.046555,75.15938,74.73000000000002,0
Camo 录像 2026-01-27 03-40-34,53,1.7666666666666666,67.73027,75.69142,72.61000000000001,0
Camo 录像 2026-01-27 03-40-34,54,1.8,67.37651,76.18637,69.25999999999999,0
Camo 录像 2026-01-27 03-40-34,55,1.8333333333333333,67.0957,76.76958,67.59,0
Camo 录像 2026-01-27 03-40-34,56,1.8666666666666667,66.744965,77.26987,65.56,0
Camo 录像 2026-01-27 03-40-34,57,1.9,66.437546,77.791565,64.15,0
Camo 录像 2026-01-27 03-40-34,58,1.9333333333333333,66.039764,78.20566,62.47,0
Camo 录像 2026-01-27 03-40-34,59,1.9666666666666666,65.66109,78.62677,61.610000000000014,0
Camo 录像 2026-01-27 03-40-34,60,2.0,65.34146,79.119,61.72,0
Camo 录像 2026-01-27 03-40-34,61,2.033333333333333,64.966644,79.52956,61.22,0
Camo 录像 2026-01-27 03-40-34,62,2.066666666666667,64.65996,80.05611,61.629999999999995,0
Camo 录像 2026-01-27 03-40-34,63,2.1,64.38153,80.54834,62.30000000000001,0
Camo 录像 2026-01-27 03-40-34,64,2.1333333333333333,64.09534,81.04338,63.06999999999999,0
Camo 录像 2026-01-27 03-40-34,65,2.1666666666666665,63.80057,81.464264,64.81,0
Camo 录像 2026-01-27 03-40-34,66,2.2,63.578655,81.85625,66.16,0
Camo 录像 2026-01-27 03-40-34,67,2.2333333333333334,63.476124,82.40259,69.17000000000002,0
Camo 录像 2026-01-27 03-40-34,68,2.2666666666666666,63.389866,82.87608,71.80000000000001,0
Camo 录像 2026-01-27 03-40-34,69,2.3,63.41049,83.3772,74.5,0
Camo 录像 2026-01-27 03-40-34,70,2.3333333333333335,63.457104,83.830826,77.44,0
Camo 录像 2026-01-27 03-40-34,71,2.3666666666666667,63.541897,84.35387,79.31,0
Camo 录像 2026-01-27 03-40-34,72,2.4,63.675137,84.83165,82.25999999999999,0
Camo 录像 2026-01-27 03-40-34,73,2.433333333333333,63.863956,85.35271,85.62,0
Camo 录像 2026-01-27 03-40-34,74,2.466666666666667,64.105255,85.918686,89.92000000000002,0
Camo 录像 2026-01-27 03-40-34,75,2.5,64.38852,86.50096,93.43,0
Camo 录像 2026-01-27 03-40-34,76,2.533333333333333,64.6884,87.098465,97.43,0
Camo 录像 2026-01-27 03-40-34,77,2.566666666666667,65.0126,87.68594,100.07999999999998,0
Camo 录像 2026-01-27 03-40-34,78,2.6,65.34236,88.2215,104.01999999999998,0
Camo 录像 2026-01-27 03-40-34,79,2.6333333333333333,65.751724,88.94008,109.32999999999998,0
Camo 录像 2026-01-27 03-40-34,80,2.6666666666666665,66.21646,89.67981,111.55000000000001,0
Camo 录像 2026-01-27 03-40-34,81,2.7,66.583694,90.131744,115.24000000000001,0
Camo 录像 2026-01-27 03-40-34,82,2.7333333333333334,66.94357,90.46884,117.75999999999999,0
Camo 录像 2026-01-27 03-40-34,83,2.7666666666666666,67.46968,91.16481,120.74000000000001,0
Camo 录像 2026-01-27 03-40-34,84,2.8,67.943954,91.64772,123.57,0
Camo 录像 2026-01-27 03-40-34,85,2.8333333333333335,68.41632,92.020905,125.53999999999996,0
Camo 录像 2026-01-27 03-40-34,86,2.8666666666666667,68.84886,92.2928,127.26999999999998,0
Camo 录像 2026-01-27 03-40-34,87,2.9,69.39159,92.798065,128.83000000000004,0
Camo 录像 2026-01-27 03-40-34,88,2.933333333333333,69.87337,93.13754,130.64999999999998,0
Camo 录像 2026-01-27 03-40-34,89,2.966666666666667,70.44095,93.60968,130.97000000000003,0
Camo 录像 2026-01-27 03-40-34,90,3.0,70.83528,93.859116,131.35000000000002,0
Camo 录像 2026-01-27 03-40-34,91,3.033333333333333,71.35974,94.35875,131.23000000000002,0
Camo 录像 2026-01-27 03-40-34,92,3.066666666666667,71.76657,94.64537,130.59000000000003,0
Camo 录像 2026-01-27 03-40-34,93,3.1,72.2144,95.026535,129.96000000000004,0
Camo 录像 2026-01-27 03-40-34,94,3.1333333333333333,72.658325,95.473465,128.63,0
Camo 录像 2026-01-27 03-40-34,95,3.1666666666666665,73.1055,95.95012,127.94,0
Camo 录像 2026-01-27 03-40-34,96,3.2,73.59039,96.619064,126.25999999999999,0
Camo 录像 2026-01-27 03-40-34,97,3.2333333333333334,73.87126,97.01802,124.01999999999998,0
Camo 录像 2026-01-27 03-40-34,98,3.2666666666666666,74.11885,97.441025,121.40999999999997,0
Camo 录像 2026-01-27 03-40-34,99,3.3,74.467545,98.20383,118.84000000000003,0
Camo 录像 2026-01-27 03-40-34,100,3.3333333333333335,74.49872,98.48044,118.05000000000001,0
Camo 录像 2026-01-27 03-40-34,101,3.3666666666666667,74.704254,99.11717,114.79000000000002,0
Camo 录像 2026-01-27 03-40-34,102,3.4,74.75595,99.594955,109.74000000000001,0
Camo 录像 2026-01-27 03-40-34,103,3.433333333333333,74.74846,100.17987,108.86000000000001,0
Camo 录像 2026-01-27 03-40-34,104,3.466666666666667,74.81944,101.02098,105.09000000000003,0
Camo 录像 2026-01-27 03-40-34,105,3.5,74.75432,101.72485,101.36000000000001,0
Camo 录像 2026-01-27 03-40-34,106,3.533333333333333,74.516266,102.19643,94.88999999999999,0
Camo 录像 2026-01-27 03-40-34,107,3.566666666666667,74.459,103.10838,94.22000000000003,0
Camo 录像 2026-01-27 03-40-34,108,3.6,74.459595,104.242386,88.19999999999999,0
Camo 录像 2026-01-27 03-40-34,109,3.6333333333333333,73.99962,104.385666,83.39999999999998,0
Camo 录像 2026-01-27 03-40-34,110,3.6666666666666665,73.974655,105.53993,83.13999999999999,0
Camo 录像 2026-01-27 03-40-34,111,3.7,73.639694,106.0267,80.31,0
Camo 录像 2026-01-27 03-40-34,112,3.7333333333333334,73.33777,106.60881,73.91,0
Camo 录像 2026-01-27 03-40-34,113,3.7666666666666666,73.1815,107.58537,71.16,0
Camo 录像 2026-01-27 03-40-34,114,3.8,72.69588,107.80612,68.38999999999999,0
Camo 录像 2026-01-27 03-40-34,115,3.8333333333333335,72.292114,108.25543,65.57,0
Camo 录像 2026-01-27 03-40-34,116,3.8666666666666667,72.21858,109.60324,65.30000000000001,0
Camo 录像 2026-01-27 03-40-34,117,3.9,71.56615,109.39041,67.44999999999999,0
Camo 录像 2026-01-27 03-40-34,118,3.933333333333333,71.25195,110.144775,65.48000000000002,0
Camo 录像 2026-01-27 03-40-34,119,3.966666666666667,71.04692,110.78583,62.139999999999986,0
Camo 录像 2026-01-27 03-41-28,0,0.0,61.0,61.0,90.0,0
Camo 录像 2026-01-27 03-41-28,1,0.03333333333333333,60.98661,61.03085,89.56,0
Camo 录像 2026-01-27 03-41-28,2,0.06666666666666667,61.003372,61.018257,89.50999999999999,0
Camo 录像 2026-01-27 03-41-28,3,0.1,60.936764,61.06451,89.01999999999998,0
Camo 录像 2026-01-27 03-41-28,4,0.13333333333333333,60.862053,61.10728,88.96000000000004,0
Camo 录像 2026-01-27 03-41-28,5,0.16666666666666666,60.765392,61.09557,87.73000000000002,0
Camo 录像 2026-01-27 03-41-28,6,0.2,60.617367,61.11421,87.22000000000003,0
Camo 录像 2026-01-27 03-41-28,7,0.23333333333333334,60.474762,61.094093,86.60000000000002,0
Camo 录像 2026-01-27 03-41-28,8,0.26666666666666666,60.26471,61.07976,86.07,0
Camo 录像 2026-01-27 03-41-28,9,0.3,60.058796,61.048695,85.38999999999999,0
Camo 录像 2026-01-27 03-41-28,10,0.3333333333333333,59.83709,60.995537,84.63999999999999,0
Camo 录像 2026-01-27 03-41-28,11,0.36666666666666664,59.65219,60.918777,84.93,0
Camo 录像 2026-01-27 03-41-28,12,0.4,59.46754,60.836773,85.34000000000003,0
Camo 录像 2026-01-27 03-41-28,13,0.43333333333333335,59.327553,60.769646,86.43,0
Camo 录像 2026-01-27 03-41-28,14,0.4666666666666667,59.22632,60.679966,87.5,0
Camo 录像 2026-01-27 03-41-28,15,0.5,59.15905,60.61802,89.15999999999997,0
Camo 录像 2026-01-27 03-41-28,16,0.5333333333333333,59.158928,60.549053,91.44,0
Camo 录像 2026-01-27 03-41-28,17,0.5666666666666667,59.256123,60.5129,94.21000000000004,0
Camo 录像 2026-01-27 03-41-28,18,0.6,59.387566,60.551525,96.57,0
Camo 录像 2026-01-27 03-41-28,19,0.6333333333333333,59.598362,60.64677,99.76999999999998,0
Camo 录像 2026-01-27 03-41-28,20,0.6666666666666666,59.94253,60.87156,103.52999999999997,0
Camo 录像 2026-01-27 03-41-28,21,0.7,60.38006,61.15498,107.06,0
Camo 录像 2026-01-27 03-41-28,22,0.7333333333333333,60.938667,61.46469,111.32,0
Camo 录像 2026-01-27 03-41-28,23,0.7666666666666667,61.51973,61.835815,115.32,0
Camo 录像 2026-01-27 03-41-28,24,0.8,62.16639,62.180367,119.57999999999998,0
Camo 录像 2026-01-27 03-41-28,25,0.8333333333333334,62.813263,62.53092,123.0,0
Camo 录像 2026-01-27 03-41-28,26,0.8666666666666667,63.467575,62.854904,125.95999999999998,0
Camo 录像 2026-01-27 03-41-28,27,0.9,64.088554,63.182888,128.76,0
Camo 录像 2026-01-27 03-41-28,28,0.9333333333333333,64.71869,63.488647,130.82,0
Camo 录像 2026-01-27 03-41-28,29,0.9666666666666667,65.355,63.784912,132.05,0
Camo 录像 2026-01-27 03-41-28,30,1.0,65.93945,64.0995,132.32,0
Camo 录像 2026-01-27 03-41-28,31,1.0333333333333334,66.50503,64.41011,132.55,0
Camo 录像 2026-01-27 03-41-28,32,1.0666666666666667,66.99458,64.698715,132.66000000000003,0
Camo 录像 2026-01-27 03-41-28,33,1.1,67.58146,64.96034,132.08999999999997,0
Camo 录像 2026-01-27 03-41-28,34,1.1333333333333333,68.09621,65.21794,131.69,0
Camo 录像 2026-01-27 03-41-28,35,1.1666666666666667,68.532585,65.51036,130.82999999999998,0
Camo 录像 2026-01-27 03-41-28,36,1.2,68.952866,65.87445,128.76,0
Camo 录像 2026-01-27 03-41-28,37,1.2333333333333334,69.30321,66.2574,126.92000000000002,0
Camo 录像 2026-01-27 03-41-28,38,1.2666666666666666,69.583824,66.64375,124.34000000000003,0
Camo 录像 2026-01-27 03-41-28,39,1.3,69.79679,67.076004,121.69999999999999,0
Camo 录像 2026-01-27 03-41-28,40,1.3333333333333333,69.88804,67.51874,119.17000000000002,0
Camo 录像 2026-01-27 03-41-28,41,1.3666666666666667,70.00142,68.01305,115.85000000000002,0
Camo 录像 2026-01-27 03-41-28,42,1.4,70.19865,68.572395,112.29000000000002,0
Camo 录像 2026-01-27 03-41-28,43,1.4333333333333333,70.143326,69.140434,108.57,0
Camo 录像 2026-01-27 03-41-28,44,1.4666666666666666,70.11742,69.74769,105.36000000000001,0
Camo 录像 2026-01-27 03-41-28,45,1.5,69.99876,70.3743,101.30000000000001,0
Camo 录像 2026-01-27 03-41-28,46,1.5333333333333334,69.91761,71.03033,97.46000000000004,0
Camo 录像 2026-01-27 03-41-28,47,1.5666666666666667,69.75394,71.6685,93.35000000000002,0
Camo 录像 2026-01-27 03-41-28,48,1.6,69.55252,72.30931,89.47000000000003,0
Camo 录像 2026-01-27 03-41-28,49,1.6333333333333333,69.40438,72.94743,85.75999999999999,0
Camo 录像 2026-01-27 03-41-28,50,1.6666666666666667,69.12356,73.51611,81.48000000000002,0
Camo 录像 2026-01-27 03-41-28,51,1.7,68.940834,74.144966,78.93,0
Camo 录像 2026-01-27 03-41-28,52,1.7333333333333334,68.64883,74.70224,75.72,0
Camo 录像 2026-01-27 03-41-28,53,1.7666666666666666,68.287025,75.184944,72.49000000000001,0
Camo 录像 2026-01-27 03-41-28,54,1.8,67.98331,75.717285,69.92000000000002,0
Camo 录像 2026-01-27 03-41-28,55,1.8333333333333333,67.63667,76.20679,67.59,0
Camo 录像 2026-01-27 03-41-28,56,1.8666666666666667,67.28978,76.70446,65.78,0
Camo 录像 2026-01-27 03-41-28,57,1.9,66.86821,77.115715,63.80000000000001,0
Camo 录像 2026-01-27 03-41-28,58,1.9333333333333333,66.524025,77.60468,62.900000000000006,0
Camo 录像 2026-01-27 03-41-28,59,1.9666666666666666,66.126884,78.012405,62.00999999999999,0
Camo 录像 2026-01-27 03-41-28,60,2.0,65.76148,78.480644,61.120000000000005,0
Camo 录像 2026-01-27 03-41-28,61,2.033333333333333,65.40653,78.97016,62.06999999999999,0
Camo 录像 2026-01-27 03-41-28,62,2.066666666666667,65.0697,79.44534,62.48000000000002,0
Camo 录像 2026-01-27 03-41-28,63,2.1,64.72608,79.87239,63.01999999999998,0
Camo 录像 2026-01-27 03-41-28,64,2.1333333333333333,64.36546,80.23652,62.879999999999995,0
Camo 录像 2026-01-27 03-41-28,65,2.1666666666666665,64.0385,80.62094,63.670000000000016,0
Camo 录像 2026-01-27 03-41-28,66,2.2,63.83983,81.09564,65.96000000000001,0
Camo 录像 2026-01-27 03-41-28,67,2.2333333333333334,63.698982,81.553345,67.76999999999998,0
Camo 录像 2026-01-27 03-41-28,68,2.2666666666666666,63.61405,82.06247,71.47,0
Camo 录像 2026-01-27 03-41-28,69,2.3,63.55255,82.41592,73.10000000000002,0
Camo 录像 2026-01-27 03-41-28,70,2.3333333333333335,63.58512,82.878075,76.22000000000003,0
Camo 录像 2026-01-27 03-41-28,71,2.3666666666666667,63.59749,83.280785,78.98000000000002,0
Camo 录像 2026-01-27 03-41-28,72,2.4,63.76825,83.8972,81.69,0
Camo 录像 2026-01-27 03-41-28,73,2.433333333333333,64.00495,84.56591,84.89999999999998,0
Camo 录像 2026-01-27 03-41-28,74,2.466666666666667,64.090996,84.83871,88.63999999999999,0
Camo 录像 2026-01-27 03-41-28,75,2.5,64.35209,85.427864,92.17000000000002,0
Camo 录像 2026-01-27 03-41-28,76,2.533333333333333,64.736885,86.26235,96.64999999999998,0
Camo 录像 2026-01-27 03-41-28,77,2.566666666666667,65.003494,86.80594,100.69,0
Camo 录像 2026-01-27 03-41-28,78,2.6,65.411316,87.586624,103.73000000000002,0
Camo 录像 2026-01-27 03-41-28,79,2.6333333333333333,65.66385,87.94837,108.34000000000003,0
Camo 录像 2026-01-27 03-41-28,80,2.6666666666666665,66.09328,88.70051,111.12,0
Camo 录像 2026-01-27 03-41-28,81,2.7,66.44812,89.220276,113.22000000000003,0
Camo 录像 2026-01-27 03-41-28,82,2.7333333333333334,66.83493,89.72826,117.84000000000003,0
Camo 录像 2026-01-27 03-41-28,83,2.7666666666666666,67.25205,90.25925,120.18,0
Camo 录像 2026-01-27 03-41-28,84,2.8,67.69432,90.7515,122.18,0
Camo 录像 2026-01-27 03-41-28,85,2.8333333333333335,68.12276,91.17369,124.92000000000002,0
Camo 录像 2026-01-27 03-41-28,86,2.8666666666666667,68.607994,91.62104,126.69999999999999,0
Camo 录像 2026-01-27 03-41-28,87,2.9,69.03049,91.953514,128.70999999999998,0
Camo 录像 2026-01-27 03-41-28,88,2.933333333333333,69.58142,92.49314,129.45,0
Camo 录像 2026-01-27 03-41-28,89,2.966666666666667,69.97348,92.70863,129.62,0
Camo 录像 2026-01-27 03-41-28,90,3.0,70.407196,93.057945,129.41000000000003,0
Camo 录像 2026-01-27 03-41-28,91,3.033333333333333,70.89155,93.55909,130.45,0
Camo 录像 2026-01-27 03-41-28,92,3.066666666666667,71.37537,94.00424,129.58999999999997,0
Camo 录像 2026-01-27 03-41-28,93,3.1,71.672615,94.20104,128.83999999999997,0
Camo 录像 2026-01-27 03-41-28,94,3.1333333333333333,72.14671,94.70734,128.42000000000002,0
Camo 录像 2026-01-27 03-41-28,95,3.1666666666666665,72.62218,95.24967,127.07,0
Camo 录像 2026-01-27 03-41-28,96,3.2,72.87379,95.556435,126.83999999999997,0
Camo 录像 2026-01-27 03-41-28,97,3.2333333333333334,73.102394,95.91166,123.11000000000001,0
Camo 录像 2026-01-27 03-41-28,98,3.2666666666666666,73.36002,96.39598,123.0,0
Camo 录像 2026-01-27 03-41-28,99,3.3,73.634056,97.04931,120.25999999999999,0
Camo 录像 2026-01-27 03-41-28,100,3.3333333333333335,73.7895,97.556015,115.09000000000003,0
Camo 录像 2026-01-27 03-41-28,101,3.3666666666666667,73.92223,98.09808,112.80000000000001,0
Camo 录像 2026-01-27 03-41-28,102,3.4,73.94202,98.61252,111.63,0
Camo 录像 2026-01-27 03-41-28,103,3.433333333333333,73.85725,99.09102,105.59000000000003,0
Camo 录像 2026-01-27 03-41-28,104,3.466666666666667,73.84977,99.836006,102.25999999999999,0
Camo 录像 2026-01-27 03-41-28,105,3.5,73.73021,100.47755,98.30000000000001,0
Camo 录像 2026-01-27 03-41-28,106,3.533333333333333,73.605,101.22761,94.44,0
Camo 录像 2026-01-27 03-41-28,107,3.566666666666667,73.406265,101.91365,90.47000000000003,0
Camo 录像 2026-01-27 03-41-28,108,3.6,73.37769,103.051704,87.75,0
Camo 录像 2026-01-27 03-41-28,109,3.6333333333333333,72.97937,103.42444,82.75,0
Camo 录像 2026-01-27 03-41-28,110,3.6666666666666665,72.62677,103.911354,79.30000000000001,0
Camo 录像 2026-01-27 03-41-28,111,3.7,72.42103,104.779785,75.9,0
Camo 录像 2026-01-27 03-41-28,112,3.7333333333333334,72.094894,105.418,72.82999999999998,0
Camo 录像 2026-01-27 03-41-28,113,3.7666666666666666,71.75355,106.091995,70.24000000000001,0
Camo 录像 2026-01-27 03-41-28,114,3.8,71.30858,106.48145,67.10000000000002,0
Camo 录像 2026-01-27 03-41-28,115,3.8333333333333335,71.167854,107.79052,65.82999999999998,0
Camo 录像 2026-01-27 03-41-28,116,3.8666666666666667,70.781685,108.374466,63.120000000000005,0
Camo 录像 2026-01-27 03-41-28,117,3.9,70.15998,108.34985,61.19999999999999,0
Camo 录像 2026-01-27 03-41-28,118,3.933333333333333,69.97728,109.62045,61.43000000000001,0
Camo 录像 2026-01-27 03-41-28,119,3.966666666666667,69.520096,109.81194,64.46000000000001,0
Camo 录像 2026-01-27 03-42-22,0,0.0,61.0,61.0,90.0,0
Camo 录像 2026-01-27 03-42-22,1,0.03333333333333333,60.993034,61.024532,90.46000000000004,0
Camo 录像 2026-01-27 03-42-22,2,0.06666666666666667,60.98095,61.030792,89.50999999999999,0
Camo 录像 2026-01-27 03-42-22,3,0.1,60.942356,61.04439,89.05000000000001,0
Camo 录像 2026-01-27 03-42-22,4,0.13333333333333333,60.861004,61.06424,88.43,0
Camo 录像 2026-01-27 03-42-22,5,0.16666666666666666,60.746758,61.078083,88.02999999999997,0
Camo 录像 2026-01-27 03-42-22,6,0.2,60.57996,61.085712,87.06,0
Camo 录像 2026-01-27 03-42-22,7,0.23333333333333334,60.382027,61.08612,86.25,0
Camo 录像 2026-01-27 03-42-22,8,0.26666666666666666,60.167374,61.063908,85.51999999999998,0
Camo 录像 2026-01-27 03-42-22,9,0.3,59.95063,61.032303,85.14999999999998,0
Camo 录像 2026-01-27 03-42-22,10,0.3333333333333333,59.725864,61.000923,84.47000000000003,0
Camo 录像 2026-01-27 03-42-22,11,0.36666666666666664,59.538002,60.946766,84.47000000000003,0
Camo 录像 2026-01-27 03-42-22,12,0.4,59.37449,60.89976,85.13999999999999,0
Camo 录像 2026-01-27 03-42-22,13,0.43333333333333335,59.24469,60.829838,85.87,0
Camo 录像 2026-01-27 03-42-22,14,0.4666666666666667,59.14732,60.773228,87.02999999999997,0
Camo 录像 2026-01-27 03-42-22,15,0.5,59.096466,60.717617,88.68,0
Camo 录像 2026-01-27 03-42-22,16,0.5333333333333333,59.0893,60.669052,90.85000000000002,0
Camo 录像 2026-01-27 03-42-22,17,0.5666666666666667,59.186253,60.654,93.69999999999999,0
Camo 录像 2026-01-27 03-42-22,18,0.6,59.33643,60.665653,96.49000000000001,0
Camo 录像 2026-01-27 03-42-22,19,0.6333333333333333,59.532185,60.75181,99.17000000000002,0
Camo 录像 2026-01-27 03-42-22,20,0.6666666666666666,59.850307,60.941372,102.13,0
Camo 录像 2026-01-27 03-42-22,21,0.7,60.33855,61.15012,106.60000000000002,0
Camo 录像 2026-01-27 03-42-22,22,0.7333333333333333,60.866455,61.445374,110.64999999999998,0
Camo 录像 2026-01-27 03-42-22,23,0.7666666666666667,61.526833,61.732143,114.94999999999999,0
Camo 录像 2026-01-27 03-42-22,24,0.8,62.171898,62.050594,118.69,0
Camo 录像 2026-01-27 03-42-22,25,0.8333333333333334,62.85237,62.363674,122.11000000000001,0
Camo 录像 2026-01-27 03-42-22,26,0.8666666666666667,63.5326,62.65875,125.32,0
Camo 录像 2026-01-27 03-42-22,27,0.9,64.21515,62.954178,128.10000000000002,0
Camo 录像 2026-01-27 03-42-22,28,0.9333333333333333,64.80447,63.248444,130.47000000000003,0
Camo 录像 2026-01-27 03-42-22,29,0.9666666666666667,65.51582,63.499718,131.09000000000003,0
Camo 录像 2026-01-27 03-42-22,30,1.0,66.08213,63.78245,132.26,0
Camo 录像 2026-01-27 03-42-22,31,1.0333333333333334,66.69784,64.06139,132.24,0
Camo 录像 2026-01-27 03-42-22,32,1.0666666666666667,67.246086,64.313995,132.31,0
Camo 录像 2026-01-27 03-42-22,33,1.1,67.74646,64.55529,132.22000000000003,0
Camo 录像 2026-01-27 03-42-22,34,1.1333333333333333,68.22498,64.80234,131.61,0
Camo 录像 2026-01-27 03-42-22,35,1.1666666666666667,68.61834,65.06757,130.23000000000002,0
Camo 录像 2026-01-27 03-42-22,36,1.2,69.00373,65.404236,129.22000000000003,0
Camo 录像 2026-01-27 03-42-22,37,1.2333333333333334,69.361755,65.75424,126.13,0
Camo 录像 2026-01-27 03-42-22,38,1.2666666666666666,69.64358,66.13509,124.30000000000001,0
Camo 录像 2026-01-27 03-42-22,39,1.3,70.00531,66.55608,121.62,0
Camo 录像 2026-01-27 03-42-22,40,1.3333333333333333,70.21365,66.97888,118.75999999999999,0
Camo 录像 2026-01-27 03-42-22,41,1.3666666666666667,70.33727,67.440895,115.86000000000001,0
Camo 录像 2026-01-27 03-42-22,42,1.4,70.38769,67.94473,112.30000000000001,0
Camo 录像 2026-01-27 03-42-22,43,1.4333333333333333,70.52809,68.523056,109.34000000000003,0
Camo 录像 2026-01-27 03-42-22,44,1.4666666666666666,70.58914,69.12088,105.34000000000003,0
Camo 录像 2026-01-27 03-42-22,45,1.5,70.452484,69.73077,100.69999999999999,0
Camo 录像 2026-01-27 03-42-22,46,1.5333333333333334,70.41513,70.39176,97.68,0
Camo 录像 2026-01-27 03-42-22,47,1.5666666666666667,70.31262,71.05696,93.44999999999999,0
Camo 录像 2026-01-27 03-42-22,48,1.6,70.11733,71.67954,89.02999999999997,0
Camo 录像 2026-01-27 03-42-22,49,1.6333333333333333,69.99667,72.32783,85.96000000000004,0
Camo 录像 2026-01-27 03-42-22,50,1.6666666666666667,69.83266,72.95547,82.34000000000003,0
Camo 录像 2026-01-27 03-42-22,51,1.7,69.557625,73.50512,79.25999999999999,0
Camo 录像 2026-01-27 03-42-22,52,1.7333333333333334,69.33533,74.08961,75.59,0
Camo 录像 2026-01-27 03-42-22,53,1.7666666666666666,69.0149,74.595604,71.99000000000001,0
Camo 录像 2026-01-27 03-42-22,54,1.8,68.75568,75.1489,69.42000000000002,0
Camo 录像 2026-01-27 03-42-22,55,1.8333333333333333,68.483604,75.71087,67.63,0
Camo 录像 2026-01-27 03-42-22,56,1.8666666666666667,68.08518,76.175125,66.10000000000002,0
Camo 录像 2026-01-27 03-42-22,57,1.9,67.76984,76.68478,63.84,0
Camo 录像 2026-01-27 03-42-22,58,1.9333333333333333,67.389885,77.12688,63.05000000000001,0
Camo 录像 2026-01-27 03-42-22,59,1.9666666666666666,67.1102,77.64686,61.420000000000016,0
Camo 录像 2026-01-27 03-42-22,60,2.0,66.672356,78.002815,61.660000000000025,0
Camo 录像 2026-01-27 03-42-22,61,2.033333333333333,66.38394,78.530685,60.85000000000002,0
Camo 录像 2026-01-27 03-42-22,62,2.066666666666667,66.01707,78.95163,60.110000000000014,0
Camo 录像 2026-01-27 03-42-22,63,2.1,65.644775,79.334236,61.129999999999995,0
Camo 录像 2026-01-27 03-42-22,64,2.1333333333333333,65.38285,79.856255,62.10000000000002,0
Camo 录像 2026-01-27 03-42-22,65,2.1666666666666665,65.04123,80.25729,63.879999999999995,0
Camo 录像 2026-01-27 03-42-22,66,2.2,64.806435,80.667046,64.66000000000003,0
Camo 录像 2026-01-27 03-42-22,67,2.2333333333333334,64.68682,81.20442,66.75999999999999,0
Camo 录像 2026-01-27 03-42-22,68,2.2666666666666666,64.53552,81.65519,69.85000000000002,0
Camo 录像 2026-01-27 03-42-22,69,2.3,64.51981,82.1149,72.74000000000001,0
Camo 录像 2026-01-27 03-42-22,70,2.3333333333333335,64.51655,82.54948,75.30000000000001,0
Camo 录像 2026-01-27 03-42-22,71,2.3666666666666667,64.52651,82.93261,78.30000000000001,0
Camo 录像 2026-01-27 03-42-22,72,2.4,64.71413,83.50935,80.46000000000004,0
Camo 录像 2026-01-27 03-42-22,73,2.433333333333333,64.855095,83.91235,84.81,0
Camo 录像 2026-01-27 03-42-22,74,2.466666666666667,65.089,84.40192,87.19999999999999,0
Camo 录像 2026-01-27 03-42-22,75,2.5,65.39552,84.995384,92.44,0
Camo 录像 2026-01-27 03-42-22,76,2.533333333333333,65.73332,85.61765,95.48000000000002,0
Camo 录像 2026-01-27 03-42-22,77,2.566666666666667,66.11356,86.31317,98.32,0
Camo 录像 2026-01-27 03-42-22,78,2.6,66.47204,86.8923,102.79000000000002,0
Camo 录像 2026-01-27 03-42-22,79,2.6333333333333333,66.75749,87.30807,106.67000000000002,0
Camo 录像 2026-01-27 03-42-22,80,2.6666666666666665,67.19805,87.9751,109.57999999999998,0
Camo 录像 2026-01-27 03-42-22,81,2.7,67.50279,88.36584,112.98000000000002,0
Camo 录像 2026-01-27 03-42-22,82,2.7333333333333334,67.90565,88.8661,115.69,0
Camo 录像 2026-01-27 03-42-22,83,2.7666666666666666,68.278984,89.27978,117.77999999999997,0
Camo 录像 2026-01-27 03-42-22,84,2.8,68.69599,89.738625,121.25,0
Camo 录像 2026-01-27 03-42-22,85,2.8333333333333335,69.1643,90.19726,123.17000000000002,0
Camo 录像 2026-01-27 03-42-22,86,2.8666666666666667,69.54698,90.440926,125.56,0
Camo 录像 2026-01-27 03-42-22,87,2.9,70.01758,90.87587,126.62,0
Camo 录像 2026-01-27 03-42-22,88,2.933333333333333,70.55291,91.4043,127.31,0
Camo 录像 2026-01-27 03-42-22,89,2.966666666666667,70.99406,91.68155,129.26,0
Camo 录像 2026-01-27 03-42-22,90,3.0,71.43979,92.06896,129.82,0
Camo 录像 2026-01-27 03-42-22,91,3.033333333333333,71.8144,92.335266,129.01,0
Camo 录像 2026-01-27 03-42-22,92,3.066666666666667,72.26963,92.746826,128.23000000000002,0
Camo 录像 2026-01-27 03-42-22,93,3.1,72.85643,93.42666,127.65999999999997,0
Camo 录像 2026-01-27 03-42-22,94,3.1333333333333333,73.06491,93.50585,126.74000000000001,0
Camo 录像 2026-01-27 03-42-22,95,3.1666666666666665,73.6199,94.170105,125.25,0
Camo 录像 2026-01-27 03-42-22,96,3.2,73.916534,94.56478,125.31,0
Camo 录像 2026-01-27 03-42-22,97,3.2333333333333334,74.13091,94.92763,123.70000000000005,0
Camo 录像 2026-01-27 03-42-22,98,3.2666666666666666,74.32799,95.33724,121.16000000000003,0
Camo 录像 2026-01-27 03-42-22,99,3.3,74.519066,95.86535,116.88999999999999,0
Camo 录像 2026-01-27 03-42-22,100,3.3333333333333335,74.577415,96.242714,113.96000000000004,0
Camo 录像 2026-01-27 03-42-22,101,3.3666666666666667,75.01724,97.2983,111.76999999999998,0
Camo 录像 2026-01-27 03-42-22,102,3.4,74.9102,97.59573,110.5,0
Camo 录像 2026-01-27 03-42-22,103,3.433333333333333,74.79046,97.97765,104.89999999999998,0
Camo 录像 2026-01-27 03-42-22,104,3.466666666666667,74.98774,99.046524,101.39999999999998,0
Camo 录像 2026-01-27 03-42-22,105,3.5,74.70585,99.38421,97.34000000000003,0
Camo 录像 2026-01-27 03-42-22,106,3.533333333333333,74.79759,100.49095,93.60000000000002,0
Camo 录像 2026-01-27 03-42-22,107,3.566666666666667,74.41282,100.81403,89.30000000000001,0
Camo 录像 2026-01-27 03-42-22,108,3.6,74.32563,101.71602,85.42000000000002,0
Camo 录像 2026-01-27 03-42-22,109,3.6333333333333333,74.07582,102.39935,81.12,0
Camo 录像 2026-01-27 03-42-22,110,3.6666666666666665,73.883675,103.22211,82.19,0
Camo 录像 2026-01-27 03-42-22,111,3.7,73.768776,104.20559,77.51999999999998,0
Camo 录像 2026-01-27 03-42-22,112,3.7333333333333334,73.23989,104.37665,71.94999999999999,0
Camo 录像 2026-01-27 03-42-22,113,3.7666666666666666,72.966675,105.141884,73.27000000000001,0
Camo 录像 2026-01-27 03-42-22,114,3.8,72.55426,105.62308,71.04000000000002,0
Camo 录像 2026-01-27 03-42-22,115,3.8333333333333335,72.152435,106.126045,63.71000000000001,0
Camo 录像 2026-01-27 03-42-22,116,3.8666666666666667,71.83383,107.00343,65.63999999999999,0
Camo 录像 2026-01-27 03-42-22,117,3.9,71.62499,108.13833,61.85000000000002,0
Camo 录像 2026-01-27 03-42-22,118,3.933333333333333,70.952736,108.0262,59.02000000000001,0
Camo 录像 2026-01-27 03-42-22,119,3.966666666666667,70.60934,108.70003,58.79000000000002,0
Camo 录像 2026-01-27 03-45-58,0,0.0,61.0,61.0,90.0,0
Camo 录像 2026-01-27 03-45-58,1,0.03333333333333333,60.977974,61.029007,89.50999999999999,0
Camo 录像 2026-01-27 03-45-58,2,0.06666666666666667,60.9304,61.019657,89.38,0
Camo 录像 2026-01-27 03-45-58,3,0.1,60.83745,61.03907,88.83000000000004,0
Camo 录像 2026-01-27 03-45-58,4,0.13333333333333333,60.73251,61.02367,88.09000000000003,0
Camo 录像 2026-01-27 03-45-58,5,0.16666666666666666,60.582153,61.013454,87.33000000000004,0
Camo 录像 2026-01-27 03-45-58,6,0.2,60.397385,60.996193,86.50999999999999,0
Camo 录像 2026-01-27 03-45-58,7,0.23333333333333334,60.184933,60.952496,85.83000000000004,0
Camo 录像 2026-01-27 03-45-58,8,0.26666666666666666,59.962986,60.91302,85.22000000000003,0
Camo 录像 2026-01-27 03-45-58,9,0.3,59.73272,60.871918,84.54000000000002,0
Camo 录像 2026-01-27 03-45-58,10,0.3333333333333333,59.509266,60.773552,84.86000000000001,0
Camo 录像 2026-01-27 03-45-58,11,0.36666666666666664,59.307796,60.70784,85.14999999999998,0
Camo 录像 2026-01-27 03-45-58,12,0.4,59.13248,60.625828,85.98000000000002,0
Camo 录像 2026-01-27 03-45-58,13,0.43333333333333335,58.957985,60.516964,86.77999999999997,0
Camo 录像 2026-01-27 03-45-58,14,0.4666666666666667,58.84465,60.42984,88.23000000000002,0
Camo 录像 2026-01-27 03-45-58,15,0.5,58.79131,60.367733,90.18,0
Camo 录像 2026-01-27 03-45-58,16,0.5333333333333333,58.809643,60.31018,92.5,0
Camo 录像 2026-01-27 03-45-58,17,0.5666666666666667,58.911938,60.305378,95.50999999999999,0
Camo 录像 2026-01-27 03-45-58,18,0.6,59.03183,60.369102,98.17000000000002,0
Camo 录像 2026-01-27 03-45-58,19,0.6333333333333333,59.28345,60.523643,101.39999999999998,0
Camo 录像 2026-01-27 03-45-58,20,0.6666666666666666,59.651634,60.76299,105.07,0
Camo 录像 2026-01-27 03-45-58,21,0.7,60.132202,61.08402,109.29000000000002,0
Camo 录像 2026-01-27 03-45-58,22,0.7333333333333333,60.679768,61.44931,113.63,0
Camo 录像 2026-01-27 03-45-58,23,0.7666666666666667,61.270782,61.81673,117.26999999999998,0
Camo 录像 2026-01-27 03-45-58,24,0.8,61.897915,62.20515,121.29000000000002,0
Camo 录像 2026-01-27 03-45-58,25,0.8333333333333334,62.532913,62.551674,124.19,0
Camo 录像 2026-01-27 03-45-58,26,0.8666666666666667,63.172493,62.898064,127.24000000000001,0
Camo 录像 2026-01-27 03-45-58,27,0.9,63.807022,63.23835,129.31,0
Camo 录像 2026-01-27 03-45-58,28,0.9333333333333333,64.443565,63.562622,130.89,0
Camo 录像 2026-01-27 03-45-58,29,0.9666666666666667,65.01011,63.8938,131.95000000000005,0
Camo 录像 2026-01-27 03-45-58,30,1.0,65.58165,64.208885,132.06,0
Camo 录像 2026-01-27 03-45-58,31,1.0333333333333334,66.11017,64.51344,132.18,0
Camo 录像 2026-01-27 03-45-58,32,1.0666666666666667,66.605774,64.80439,132.08000000000004,0
Camo 录像 2026-01-27 03-45-58,33,1.1,67.08205,65.06631,131.89,0
Camo 录像 2026-01-27 03-45-58,34,1.1333333333333333,67.49299,65.35506,131.06,0
Camo 录像 2026-01-27 03-45-58,35,1.1666666666666667,67.89614,65.685974,129.48000000000002,0
Camo 录像 2026-01-27 03-45-58,36,1.2,68.24132,66.05123,127.72000000000003,0
Camo 录像 2026-01-27 03-45-58,37,1.2333333333333334,68.54953,66.43477,125.35000000000002,0
Camo 录像 2026-01-27 03-45-58,38,1.2666666666666666,68.751945,66.82668,122.67000000000002,0
Camo 录像 2026-01-27 03-45-58,39,1.3,68.924446,67.25654,119.92000000000002,0
Camo 录像 2026-01-27 03-45-58,40,1.3333333333333333,69.03197,67.71911,117.23000000000002,0
Camo 录像 2026-01-27 03-45-58,41,1.3666666666666667,69.097984,68.22652,113.94999999999999,0
Camo 录像 2026-01-27 03-45-58,42,1.4,69.12065,68.77832,110.22000000000003,0
Camo 录像 2026-01-27 03-45-58,43,1.4333333333333333,69.07804,69.32731,106.67000000000002,0
Camo 录像 2026-01-27 03-45-58,44,1.4666666666666666,68.98,69.90789,102.51999999999998,0
Camo 录像 2026-01-27 03-45-58,45,1.5,68.91084,70.57119,98.80000000000001,0
Camo 录像 2026-01-27 03-45-58,46,1.5333333333333334,68.73451,71.19658,95.06,0
Camo 录像 2026-01-27 03-45-58,47,1.5666666666666667,68.513275,71.80545,91.38999999999999,0
Camo 录像 2026-01-27 03-45-58,48,1.6,68.28935,72.44278,87.06,0
Camo 录像 2026-01-27 03-45-58,49,1.6333333333333333,68.0101,73.00481,83.55000000000001,0
Camo 录像 2026-01-27 03-45-58,50,1.6666666666666667,67.70658,73.54514,80.04000000000002,0
Camo 录像 2026-01-27 03-45-58,51,1.7,67.40438,74.08594,76.94999999999999,0
Camo 录像 2026-01-27 03-45-58,52,1.7333333333333334,67.097404,74.64496,74.12,0
Camo 录像 2026-01-27 03-45-58,53,1.7666666666666666,66.690445,75.04864,70.74000000000001,0
Camo 录像 2026-01-27 03-45-58,54,1.8,66.30986,75.5376,68.86000000000001,0
Camo 录像 2026-01-27 03-45-58,55,1.8333333333333333,65.92321,76.023926,66.94999999999999,0
Camo 录像 2026-01-27 03-45-58,56,1.8666666666666667,65.526,76.50088,65.43,0
Camo 录像 2026-01-27 03-45-58,57,1.9,65.12079,76.95672,63.610000000000014,0
Camo 录像 2026-01-27 03-45-58,58,1.9333333333333333,64.69631,77.32385,63.08000000000001,0
Camo 录像 2026-01-27 03-45-58,59,1.9666666666666666,64.2999,77.756294,61.610000000000014,0
Camo 录像 2026-01-27 03-45-58,60,2.0,63.89469,78.12046,62.390000000000015,0
Camo 录像 2026-01-27 03-45-58,61,2.033333333333333,63.508953,78.54086,62.50999999999999,0
Camo 录像 2026-01-27 03-45-58,62,2.066666666666667,63.139187,78.91658,63.110000000000014,0
Camo 录像 2026-01-27 03-45-58,63,2.1,62.79531,79.329315,63.54000000000002,0
Camo 录像 2026-01-27 03-45-58,64,2.1333333333333333,62.466072,79.76771,63.97,0
Camo 录像 2026-01-27 03-45-58,65,2.1666666666666665,62.17836,80.160545,65.35000000000002,0
Camo 录像 2026-01-27 03-45-58,66,2.2,61.974712,80.53844,67.81,0
Camo 录像 2026-01-27 03-45-58,67,2.2333333333333334,61.80094,81.000046,69.75,0
Camo 录像 2026-01-27 03-45-58,68,2.2666666666666666,61.682938,81.38572,71.85000000000002,0
Camo 录像 2026-01-27 03-45-58,69,2.3,61.657433,81.872116,74.42000000000002,0
Camo 录像 2026-01-27 03-45-58,70,2.3333333333333335,61.62002,82.22527,77.44,0
Camo 录像 2026-01-27 03-45-58,71,2.3666666666666667,61.630123,82.70241,81.25,0
Camo 录像 2026-01-27 03-45-58,72,2.4,61.735672,83.21758,83.85000000000002,0
Camo 录像 2026-01-27 03-45-58,73,2.433333333333333,61.885273,83.72574,87.71000000000004,0
Camo 录像 2026-01-27 03-45-58,74,2.466666666666667,62.09121,84.32437,91.14999999999998,0
Camo 录像 2026-01-27 03-45-58,75,2.5,62.329453,84.79075,94.42000000000002,0
Camo 录像 2026-01-27 03-45-58,76,2.533333333333333,62.595074,85.51971,98.37,0
Camo 录像 2026-01-27 03-45-58,77,2.566666666666667,62.918133,86.190834,102.19,0
Camo 录像 2026-01-27 03-45-58,78,2.6,63.24807,86.76988,105.74000000000001,0
Camo 录像 2026-01-27 03-45-58,79,2.6333333333333333,63.59055,87.20072,110.63,0
Camo 录像 2026-01-27 03-45-58,80,2.6666666666666665,63.94723,87.76746,113.32,0
Camo 录像 2026-01-27 03-45-58,81,2.7,64.32578,88.134224,115.59000000000003,0
Camo 录像 2026-01-27 03-45-58,82,2.7333333333333334,64.749214,88.802505,119.67000000000002,0
Camo 录像 2026-01-27 03-45-58,83,2.7666666666666666,65.17818,89.32298,122.07,0
Camo 录像 2026-01-27 03-45-58,84,2.8,65.58942,89.58525,124.35000000000002,0
Camo 录像 2026-01-27 03-45-58,85,2.8333333333333335,66.05315,90.06911,126.41000000000003,0
Camo 录像 2026-01-27 03-45-58,86,2.8666666666666667,66.52226,90.538704,128.33000000000004,0
Camo 录像 2026-01-27 03-45-58,87,2.9,66.945145,90.82854,129.74,0
Camo 录像 2026-01-27 03-45-58,88,2.933333333333333,67.42646,91.304436,129.94,0
Camo 录像 2026-01-27 03-45-58,89,2.966666666666667,67.86772,91.7485,131.39999999999998,0
Camo 录像 2026-01-27 03-45-58,90,3.0,68.26175,92.16695,131.17000000000002,0
Camo 录像 2026-01-27 03-45-58,91,3.033333333333333,68.6535,92.48608,130.65999999999997,0
Camo 录像 2026-01-27 03-45-58,92,3.066666666666667,69.06257,92.85525,130.03999999999996,0
Camo 录像 2026-01-27 03-45-58,93,3.1,69.41694,93.17275,129.70000000000005,0
Camo 录像 2026-01-27 03-45-58,94,3.1333333333333333,69.829346,93.70998,128.26999999999998,0
Camo 录像 2026-01-27 03-45-58,95,3.1666666666666665,70.13435,93.952126,127.09000000000003,0
Camo 录像 2026-01-27 03-45-58,96,3.2,70.46377,94.53727,125.75,0
Camo 录像 2026-01-27 03-45-58,97,3.2333333333333334,70.681595,94.83233,122.82,0
Camo 录像 2026-01-27 03-45-58,98,3.2666666666666666,70.98141,95.60549,119.64999999999998,0
Camo 录像 2026-01-27 03-45-58,99,3.3,71.06849,95.90892,118.75,0
Camo 录像 2026-01-27 03-45-58,100,3.3333333333333335,71.25715,96.57142,113.68,0
Camo 录像 2026-01-27 03-45-58,101,3.3666666666666667,71.35665,97.176895,112.44999999999999,0
Camo 录像 2026-01-27 03-45-58,102,3.4,71.31954,97.569046,109.41000000000003,0
Camo 录像 2026-01-27 03-45-58,103,3.433333333333333,71.206055,97.90335,104.96000000000004,0
Camo 录像 2026-01-27 03-45-58,104,3.466666666666667,71.07171,98.39246,101.06,0
Camo 录像 2026-01-27 03-45-58,105,3.5,70.96545,99.19875,97.13999999999999,0
Camo 录像 2026-01-27 03-45-58,106,3.533333333333333,70.78691,99.93187,95.66000000000003,0
Camo 录像 2026-01-27 03-45-58,107,3.566666666666667,70.52593,100.51139,88.89999999999998,0
Camo 录像 2026-01-27 03-45-58,108,3.6,70.261986,101.25054,85.31,0
Camo 录像 2026-01-27 03-45-58,109,3.6333333333333333,69.99022,101.96969,81.57,0
Camo 录像 2026-01-27 03-45-58,110,3.6666666666666665,69.66181,102.577095,82.19999999999999,0
Camo 录像 2026-01-27 03-45-58,111,3.7,69.28403,103.02345,75.07,0
Camo 录像 2026-01-27 03-45-58,112,3.7333333333333334,68.90096,103.69527,72.25999999999999,0
Camo 录像 2026-01-27 03-45-58,113,3.7666666666666666,68.513565,104.40857,69.60000000000002,0
Camo 录像 2026-01-27 03-45-58,114,3.8,68.0597,104.925934,67.13,0
Camo 录像 2026-01-27 03-45-58,115,3.8333333333333335,67.57488,105.21659,64.81,0
Camo 录像 2026-01-27 03-45-58,116,3.8666666666666667,67.12851,105.88312,63.29000000000002,0
Camo 录像 2026-01-27 03-45-58,117,3.9,66.69058,106.342545,62.05000000000001,0
Camo 录像 2026-01-27 03-45-58,118,3.933333333333333,66.34715,107.409225,62.27000000000001,0
Camo 录像 2026-01-27 03-45-58,119,3.966666666666667,66.27088,107.95041,63.93000000000001,0
Camo 录像 2026-01-27 03-46-53,0,0.0,61.0,61.0,90.0,0
Camo 录像 2026-01-27 03-46-53,1,0.03333333333333333,60.986084,61.003254,89.92000000000002,0
Camo 录像 2026-01-27 03-46-53,2,0.06666666666666667,60.938343,61.001625,89.48000000000002,0
Camo 录像 2026-01-27 03-46-53,3,0.1,60.834652,61.06828,89.48000000000002,0
Camo 录像 2026-01-27 03-46-53,4,0.13333333333333333,60.75517,61.0304,88.10000000000002,0
Camo 录像 2026-01-27 03-46-53,5,0.16666666666666666,60.62866,61.050087,87.16000000000003,0
Camo 录像 2026-01-27 03-46-53,6,0.2,60.45988,61.066147,87.07,0
Camo 录像 2026-01-27 03-46-53,7,0.23333333333333334,60.25844,61.045734,85.63999999999999,0
Camo 录像 2026-01-27 03-46-53,8,0.26666666666666666,60.072437,61.00984,85.32,0
Camo 录像 2026-01-27 03-46-53,9,0.3,59.870728,60.984177,84.87,0
Camo 录像 2026-01-27 03-46-53,10,0.3333333333333333,59.65964,60.960888,84.74000000000001,0
Camo 录像 2026-01-27 03-46-53,11,0.36666666666666664,59.474644,60.91605,84.88999999999999,0
Camo 录像 2026-01-27 03-46-53,12,0.4,59.321705,60.849106,85.61000000000001,0
Camo 录像 2026-01-27 03-46-53,13,0.43333333333333335,59.165146,60.799625,86.13,0
Camo 录像 2026-01-27 03-46-53,14,0.4666666666666667,59.07395,60.746704,87.46000000000004,0
Camo 录像 2026-01-27 03-46-53,15,0.5,59.027164,60.6998,89.17000000000002,0
Camo 录像 2026-01-27 03-46-53,16,0.5333333333333333,59.04516,60.61662,91.60000000000002,0
Camo 录像 2026-01-27 03-46-53,17,0.5666666666666667,59.14647,60.621784,93.79000000000002,0
Camo 录像 2026-01-27 03-46-53,18,0.6,59.277805,60.68747,96.93,0
Camo 录像 2026-01-27 03-46-53,19,0.6333333333333333,59.502182,60.793133,99.91000000000003,0
Camo 录像 2026-01-27 03-46-53,20,0.6666666666666666,59.878555,61.026253,103.69999999999999,0
Camo 录像 2026-01-27 03-46-53,21,0.7,60.336403,61.33805,107.50999999999999,0
Camo 录像 2026-01-27 03-46-53,22,0.7333333333333333,60.885464,61.692196,111.89999999999998,0
Camo 录像 2026-01-27 03-46-53,23,0.7666666666666667,61.48982,62.048077,115.94,0
Camo 录像 2026-01-27 03-46-53,24,0.8,62.116077,62.42799,119.77999999999997,0
Camo 录像 2026-01-27 03-46-53,25,0.8333333333333334,62.737534,62.795326,123.44,0
Camo 录像 2026-01-27 03-46-53,26,0.8666666666666667,63.412796,63.11537,126.23000000000002,0
Camo 录像 2026-01-27 03-46-53,27,0.9,64.05475,63.436535,128.76,0
Camo 录像 2026-01-27 03-46-53,28,0.9333333333333333,64.69529,63.74432,130.42000000000002,0
Camo 录像 2026-01-27 03-46-53,29,0.9666666666666667,65.2789,64.04474,131.74,0
Camo 录像 2026-01-27 03-46-53,30,1.0,65.858055,64.32556,131.85000000000002,0
Camo 录像 2026-01-27 03-46-53,31,1.0333333333333334,66.38437,64.61398,132.25,0
Camo 录像 2026-01-27 03-46-53,32,1.0666666666666667,66.88952,64.87109,132.37,0
Camo 录像 2026-01-27 03-46-53,33,1.1,67.31677,65.12493,131.36,0
Camo 录像 2026-01-27 03-46-53,34,1.1333333333333333,67.84153,65.368164,130.82,0
Camo 录像 2026-01-27 03-46-53,35,1.1666666666666667,68.26585,65.66764,129.36,0
Camo 录像 2026-01-27 03-46-53,36,1.2,68.57417,66.037094,127.97000000000003,0
Camo 录像 2026-01-27 03-46-53,37,1.2333333333333334,68.92467,66.41855,125.30000000000001,0
Camo 录像 2026-01-27 03-46-53,38,1.2666666666666666,69.16222,66.79751,123.10000000000002,0
Camo 录像 2026-01-27 03-46-53,39,1.3,69.30444,67.23328,120.47000000000003,0
Camo 录像 2026-01-27 03-46-53,40,1.3333333333333333,69.5161,67.66868,117.25,0
Camo 录像 2026-01-27 03-46-53,41,1.3666666666666667,69.59452,68.145355,114.85000000000002,0
Camo 录像 2026-01-27 03-46-53,42,1.4,69.64351,68.68193,110.11000000000001,0
Camo 录像 2026-01-27 03-46-53,43,1.4333333333333333,69.69314,69.24566,107.0,0
Camo 录像 2026-01-27 03-46-53,44,1.4666666666666666,69.60661,69.83621,103.34000000000003,0
Camo 录像 2026-01-27 03-46-53,45,1.5,69.494995,70.4521,99.69999999999999,0
Camo 录像 2026-01-27 03-46-53,46,1.5333333333333334,69.361336,71.08028,95.02999999999997,0
Camo 录像 2026-01-27 03-46-53,47,1.5666666666666667,69.184944,71.70432,91.12,0
Camo 录像 2026-01-27 03-46-53,48,1.6,68.940636,72.3148,87.23000000000002,0
Camo 录像 2026-01-27 03-46-53,49,1.6333333333333333,68.72476,72.92334,83.64999999999998,0
Camo 录像 2026-01-27 03-46-53,50,1.6666666666666667,68.439354,73.482925,80.24000000000001,0
Camo 录像 2026-01-27 03-46-53,51,1.7,68.178215,74.030525,76.97000000000003,0
Camo 录像 2026-01-27 03-46-53,52,1.7333333333333334,67.91143,74.57386,73.54000000000002,0
Camo 录像 2026-01-27 03-46-53,53,1.7666666666666666,67.52044,75.046074,70.83000000000001,0
Camo 录像 2026-01-27 03-46-53,54,1.8,67.19316,75.571686,68.80000000000001,0
Camo 录像 2026-01-27 03-46-53,55,1.8333333333333333,66.7711,76.01751,65.83000000000001,0
Camo 录像 2026-01-27 03-46-53,56,1.8666666666666667,66.45357,76.56132,64.58000000000001,0
Camo 录像 2026-01-27 03-46-53,57,1.9,66.01113,76.96878,63.49000000000001,0
Camo 录像 2026-01-27 03-46-53,58,1.9333333333333333,65.62506,77.43618,62.25,0
Camo 录像 2026-01-27 03-46-53,59,1.9666666666666666,65.19528,77.828026,60.71000000000001,0
Camo 录像 2026-01-27 03-46-53,60,2.0,64.796814,78.25117,60.68000000000001,0
Camo 录像 2026-01-27 03-46-53,61,2.033333333333333,64.43132,78.686844,60.59,0
Camo 录像 2026-01-27 03-46-53,62,2.066666666666667,64.07032,79.11207,60.85000000000002,0
Camo 录像 2026-01-27 03-46-53,63,2.1,63.74212,79.53075,61.56999999999999,0
Camo 录像 2026-01-27 03-46-53,64,2.1333333333333333,63.414047,79.89982,62.05000000000001,0
Camo 录像 2026-01-27 03-46-53,65,2.1666666666666665,63.123375,80.28375,63.94999999999999,0
Camo 录像 2026-01-27 03-46-53,66,2.2,62.96415,80.7588,64.79000000000002,0
Camo 录像 2026-01-27 03-46-53,67,2.2333333333333334,62.79274,81.19225,67.98000000000002,0
Camo 录像 2026-01-27 03-46-53,68,2.2666666666666666,62.7036,81.662636,70.48000000000002,0
Camo 录像 2026-01-27 03-46-53,69,2.3,62.66176,82.045235,72.00999999999999,0
Camo 录像 2026-01-27 03-46-53,70,2.3333333333333335,62.644646,82.54525,76.31,0
Camo 录像 2026-01-27 03-46-53,71,2.3666666666666667,62.644302,82.97561,78.91000000000003,0
Camo 录像 2026-01-27 03-46-53,72,2.4,62.726845,83.44602,81.25,0
Camo 录像 2026-01-27 03-46-53,73,2.433333333333333,62.86535,83.99057,85.33000000000004,0
Camo 录像 2026-01-27 03-46-53,74,2.466666666666667,63.072136,84.646675,88.23000000000002,0
Camo 录像 2026-01-27 03-46-53,75,2.5,63.28775,85.178535,92.08000000000004,0
Camo 录像 2026-01-27 03-46-53,76,2.533333333333333,63.535057,85.74961,95.50999999999999,0
Camo 录像 2026-01-27 03-46-53,77,2.566666666666667,63.802338,86.29742,100.46000000000004,0
Camo 录像 2026-01-27 03-46-53,78,2.6,64.087326,86.806946,104.38999999999999,0
Camo 录像 2026-01-27 03-46-53,79,2.6333333333333333,64.47056,87.469406,106.46000000000004,0
Camo 录像 2026-01-27 03-46-53,80,2.6666666666666665,64.76416,87.87337,109.94,0
Camo 录像 2026-01-27 03-46-53,81,2.7,65.201324,88.54376,114.21000000000004,0
Camo 录像 2026-01-27 03-46-53,82,2.7333333333333334,65.65606,89.13965,116.12,0
Camo 录像 2026-01-27 03-46-53,83,2.7666666666666666,66.02898,89.5069,120.10000000000002,0
Camo 录像 2026-01-27 03-46-53,84,2.8,66.476654,89.9841,122.25999999999999,0
Camo 录像 2026-01-27 03-46-53,85,2.8333333333333335,66.98707,90.50761,123.92000000000002,0
Camo 录像 2026-01-27 03-46-53,86,2.8666666666666667,67.342766,90.68785,125.57,0
Camo 录像 2026-01-27 03-46-53,87,2.9,67.821205,91.17625,127.25999999999999,0
Camo 录像 2026-01-27 03-46-53,88,2.933333333333333,68.3464,91.69672,128.35000000000002,0
Camo 录像 2026-01-27 03-46-53,89,2.966666666666667,68.81196,92.1032,128.89,0
Camo 录像 2026-01-27 03-46-53,90,3.0,69.20796,92.488785,128.90999999999997,0
Camo 录像 2026-01-27 03-46-53,91,3.033333333333333,69.61041,92.885735,128.8,0
Camo 录像 2026-01-27 03-46-53,92,3.066666666666667,69.90834,93.103134,128.13,0
Camo 录像 2026-01-27 03-46-53,93,3.1,70.28883,93.473625,127.14999999999998,0
Camo 录像 2026-01-27 03-46-53,94,3.1333333333333333,70.835754,94.255356,126.63999999999999,0
Camo 录像 2026-01-27 03-46-53,95,3.1666666666666665,71.057396,94.424706,125.02999999999997,0
Camo 录像 2026-01-27 03-46-53,96,3.2,71.340126,94.84761,123.17000000000002,0
Camo 录像 2026-01-27 03-46-53,97,3.2333333333333334,71.55959,95.2444,121.27999999999997,0
Camo 录像 2026-01-27 03-46-53,98,3.2666666666666666,71.791275,95.77916,118.77999999999997,0
Camo 录像 2026-01-27 03-46-53,99,3.3,71.98775,96.41645,116.93,0
Camo 录像 2026-01-27 03-46-53,100,3.3333333333333335,72.00792,96.72884,112.88,0
Camo 录像 2026-01-27 03-46-53,101,3.3666666666666667,72.143715,97.384445,110.19,0
Camo 录像 2026-01-27 03-46-53,102,3.4,72.12101,97.84882,107.27999999999997,0
Camo 录像 2026-01-27 03-46-53,103,3.433333333333333,72.05255,98.46204,103.36000000000001,0
Camo 录像 2026-01-27 03-46-53,104,3.466666666666667,71.983536,99.159706,99.44999999999999,0
Camo 录像 2026-01-27 03-46-53,105,3.5,71.79331,99.767685,95.69,0
Camo 录像 2026-01-27 03-46-53,106,3.533333333333333,71.73027,100.80007,94.11000000000001,0
Camo 录像 2026-01-27 03-46-53,107,3.566666666666667,71.432594,101.30936,87.77999999999997,0
Camo 录像 2026-01-27 03-46-53,108,3.6,71.210075,102.11575,87.24000000000001,0
Camo 录像 2026-01-27 03-46-53,109,3.6333333333333333,70.83609,102.545586,80.13,0
Camo 录像 2026-01-27 03-46-53,110,3.6666666666666665,70.68437,103.61719,79.22000000000003,0
Camo 录像 2026-01-27 03-46-53,111,3.7,70.355804,104.23046,76.69999999999999,0
Camo 录像 2026-01-27 03-46-53,112,3.7333333333333334,69.88729,104.50723,70.82,0
Camo 录像 2026-01-27 03-46-53,113,3.7666666666666666,69.475586,105.044235,67.83000000000001,0
Camo 录像 2026-01-27 03-46-53,114,3.8,69.08962,105.71229,65.13999999999999,0
Camo 录像 2026-01-27 03-46-53,115,3.8333333333333335,68.60274,106.06184,62.98000000000002,0
Camo 录像 2026-01-27 03-46-53,116,3.8666666666666667,68.19198,106.65129,65.75,0
Camo 录像 2026-01-27 03-46-53,117,3.9,67.799835,107.27815,63.48000000000002,0
Camo 录像 2026-01-27 03-46-53,118,3.933333333333333,67.34785,107.71344,58.94,0
Camo 录像 2026-01-27 03-46-53,119,3.966666666666667,67.17829,108.65409,63.81,0
Camo 录像 2026-01-27 03-47-46,0,0.0,61.0,61.0,90.0,0
Camo 录像 2026-01-27 03-47-46,1,0.03333333333333333,61.026688,61.01088,89.87,0
Camo 录像 2026-01-27 03-47-46,2,0.06666666666666667,61.05989,61.002167,89.79000000000002,0
Camo 录像 2026-01-27 03-47-46,3,0.1,61.057655,60.997097,89.31,0
Camo 录像 2026-01-27 03-47-46,4,0.13333333333333333,60.990257,61.02409,88.57,0
Camo 录像 2026-01-27 03-47-46,5,0.16666666666666666,60.917564,61.028175,88.01999999999998,0
Camo 录像 2026-01-27 03-47-46,6,0.2,60.79296,61.03687,87.34000000000003,0
Camo 录像 2026-01-27 03-47-46,7,0.23333333333333334,60.66594,61.00981,86.50999999999999,0
Camo 录像 2026-01-27 03-47-46,8,0.26666666666666666,60.434258,61.024498,85.04000000000002,0
Camo 录像 2026-01-27 03-47-46,9,0.3,60.228767,61.00342,85.06,0
Camo 录像 2026-01-27 03-47-46,10,0.3333333333333333,60.04396,60.93943,84.19,0
Camo 录像 2026-01-27 03-47-46,11,0.36666666666666664,59.846134,60.89754,84.26999999999998,0
Camo 录像 2026-01-27 03-47-46,12,0.4,59.659817,60.82983,84.45999999999998,0
Camo 录像 2026-01-27 03-47-46,13,0.43333333333333335,59.653706,60.83522,84.32,0
Camo 录像 2026-01-27 03-47-46,14,0.4666666666666667,59.33623,60.70161,85.88999999999999,0
Camo 录像 2026-01-27 03-47-46,15,0.5,59.229446,60.608685,86.94999999999999,0
Camo 录像 2026-01-27 03-47-46,16,0.5333333333333333,59.16771,60.519726,88.44999999999999,0
Camo 录像 2026-01-27 03-47-46,17,0.5666666666666667,59.176342,60.41966,90.87,0
Camo 录像 2026-01-27 03-47-46,18,0.6,59.250908,60.35363,93.54000000000002,0
Camo 录像 2026-01-27 03-47-46,19,0.6333333333333333,59.405487,60.323837,96.5,0
Camo 录像 2026-01-27 03-47-46,20,0.6666666666666666,59.56743,60.402817,99.12,0
Camo 录像 2026-01-27 03-47-46,21,0.7,59.949448,60.490562,102.56,0
Camo 录像 2026-01-27 03-47-46,22,0.7333333333333333,60.424202,60.68211,106.48000000000002,0
Camo 录像 2026-01-27 03-47-46,23,0.7666666666666667,60.962852,60.940216,110.98000000000002,0
Camo 录像 2026-01-27 03-47-46,24,0.8,61.598083,61.226517,114.82999999999998,0
Camo 录像 2026-01-27 03-47-46,25,0.8333333333333334,62.3153,61.468903,118.69,0
Camo 录像 2026-01-27 03-47-46,26,0.8666666666666667,63.02693,61.751507,122.27999999999997,0
Camo 录像 2026-01-27 03-47-46,27,0.9,63.664917,62.032642,125.75999999999999,0
Camo 录像 2026-01-27 03-47-46,28,0.9333333333333333,64.38029,62.279694,128.10000000000002,0
Camo 录像 2026-01-27 03-47-46,29,0.9666666666666667,65.116165,62.501545,130.10000000000002,0
Camo 录像 2026-01-27 03-47-46,30,1.0,65.826546,62.710064,131.55,0
Camo 录像 2026-01-27 03-47-46,31,1.0333333333333334,66.42407,62.955524,132.51,0
Camo 录像 2026-01-27 03-47-46,32,1.0666666666666667,67.04127,63.191936,132.70999999999998,0
Camo 录像 2026-01-27 03-47-46,33,1.1,67.60553,63.402782,132.32,0
Camo 录像 2026-01-27 03-47-46,34,1.1333333333333333,68.1593,63.601067,132.10000000000002,0
Camo 录像 2026-01-27 03-47-46,35,1.1666666666666667,68.71115,63.797695,132.14,0
Camo 录像 2026-01-27 03-47-46,36,1.2,69.19516,64.026794,130.76999999999998,0
Camo 录像 2026-01-27 03-47-46,37,1.2333333333333334,69.6296,64.327896,129.39,0
Camo 录像 2026-01-27 03-47-46,38,1.2666666666666666,70.04026,64.663185,127.05000000000001,0
Camo 录像 2026-01-27 03-47-46,39,1.3,70.38672,65.02285,124.72000000000003,0
Camo 录像 2026-01-27 03-47-46,40,1.3333333333333333,70.57081,65.454704,122.85000000000002,0
Camo 录像 2026-01-27 03-47-46,41,1.3666666666666667,70.890076,65.88368,119.63999999999999,0
Camo 录像 2026-01-27 03-47-46,42,1.4,71.06402,66.37607,116.39999999999998,0
Camo 录像 2026-01-27 03-47-46,43,1.4333333333333333,71.02333,66.37472,115.84000000000003,0
Camo 录像 2026-01-27 03-47-46,44,1.4666666666666666,71.11922,67.51069,109.09000000000003,0
Camo 录像 2026-01-27 03-47-46,45,1.5,71.154945,68.112305,105.34000000000003,0
Camo 录像 2026-01-27 03-47-46,46,1.5333333333333334,71.264534,68.76485,101.81,0
Camo 录像 2026-01-27 03-47-46,47,1.5666666666666667,71.207565,69.42701,97.24000000000001,0
Camo 录像 2026-01-27 03-47-46,48,1.6,71.12008,70.10745,93.52999999999997,0
Camo 录像 2026-01-27 03-47-46,49,1.6333333333333333,70.88502,70.74029,89.61000000000001,0
Camo 录像 2026-01-27 03-47-46,50,1.6666666666666667,70.712105,71.40187,85.84000000000003,0
Camo 录像 2026-01-27 03-47-46,51,1.7,70.50133,72.00443,82.75999999999999,0
Camo 录像 2026-01-27 03-47-46,52,1.7333333333333334,70.42359,72.66887,79.19,0
Camo 录像 2026-01-27 03-47-46,53,1.7666666666666666,70.04969,73.184784,75.94,0
Camo 录像 2026-01-27 03-47-46,54,1.8,69.88271,73.781425,73.25999999999999,0
Camo 录像 2026-01-27 03-47-46,55,1.8333333333333333,69.63971,74.33953,70.47,0
Camo 录像 2026-01-27 03-47-46,56,1.8666666666666667,69.26731,74.808914,67.48000000000002,0
Camo 录像 2026-01-27 03-47-46,57,1.9,69.06663,75.38414,65.93,0
Camo 录像 2026-01-27 03-47-46,58,1.9333333333333333,68.6794,75.84845,64.30000000000001,0
Camo 录像 2026-01-27 03-47-46,59,1.9666666666666666,68.30972,76.28914,62.84,0
Camo 录像 2026-01-27 03-47-46,60,2.0,68.001305,76.75392,61.81,0
Camo 录像 2026-01-27 03-47-46,61,2.033333333333333,67.65145,77.2323,61.25999999999999,0
Camo 录像 2026-01-27 03-47-46,62,2.066666666666667,67.37844,77.73176,61.56,0
Camo 录像 2026-01-27 03-47-46,63,2.1,67.01566,78.15061,61.610000000000014,0
Camo 录像 2026-01-27 03-47-46,64,2.1333333333333333,66.749115,78.61984,62.19,0
Camo 录像 2026-01-27 03-47-46,65,2.1666666666666665,66.43647,79.029564,63.129999999999995,0
Camo 录像 2026-01-27 03-47-46,66,2.2,66.21431,79.50107,63.95999999999998,0
Camo 录像 2026-01-27 03-47-46,67,2.2333333333333334,66.004585,79.88429,66.1,0
Camo 录像 2026-01-27 03-47-46,68,2.2666666666666666,65.87324,80.27571,67.97,0
Camo 录像 2026-01-27 03-47-46,69,2.3,65.86705,80.78473,70.44,0
Camo 录像 2026-01-27 03-47-46,70,2.3333333333333335,65.94838,81.278625,73.19999999999999,0
Camo 录像 2026-01-27 03-47-46,71,2.3666666666666667,65.97072,81.63805,75.85,0
Camo 录像 2026-01-27 03-47-46,72,2.4,66.04607,82.02562,78.32999999999998,0
Camo 录像 2026-01-27 03-47-46,73,2.433333333333333,66.02701,82.008896,79.55000000000001,0
Camo 录像 2026-01-27 03-47-46,74,2.466666666666667,66.49528,83.02482,84.73000000000002,0
Camo 录像 2026-01-27 03-47-46,75,2.5,66.674545,83.43126,89.72000000000003,0
Camo 录像 2026-01-27 03-47-46,76,2.533333333333333,67.03327,84.00088,91.88999999999999,0
Camo 录像 2026-01-27 03-47-46,77,2.566666666666667,67.29907,84.45397,97.63999999999999,0
Camo 录像 2026-01-27 03-47-46,78,2.6,67.69976,85.08104,100.94,0
Camo 录像 2026-01-27 03-47-46,79,2.6333333333333333,67.98478,85.456154,103.52999999999997,0
Camo 录像 2026-01-27 03-47-46,80,2.6666666666666665,68.36897,85.981094,107.01999999999998,0
Camo 录像 2026-01-27 03-47-46,81,2.7,68.884895,86.69634,110.63,0
Camo 录像 2026-01-27 03-47-46,82,2.7333333333333334,69.28028,87.1771,114.01999999999998,0
Camo 录像 2026-01-27 03-47-46,83,2.7666666666666666,69.525314,87.388176,116.52999999999997,0
Camo 录像 2026-01-27 03-47-46,84,2.8,69.97015,87.852394,119.38999999999999,0
Camo 录像 2026-01-27 03-47-46,85,2.8333333333333335,70.501656,88.384766,122.01999999999998,0
Camo 录像 2026-01-27 03-47-46,86,2.8666666666666667,71.05589,88.88676,124.38999999999999,0
Camo 录像 2026-01-27 03-47-46,87,2.9,71.48001,89.17408,126.75999999999999,0
Camo 录像 2026-01-27 03-47-46,88,2.933333333333333,71.83182,89.38146,128.24,0
Camo 录像 2026-01-27 03-47-46,89,2.966666666666667,72.383415,89.829056,129.51999999999998,0
Camo 录像 2026-01-27 03-47-46,90,3.0,72.92499,90.18709,130.20999999999998,0
Camo 录像 2026-01-27 03-47-46,91,3.033333333333333,73.40685,90.53094,129.88,0
Camo 录像 2026-01-27 03-47-46,92,3.066666666666667,73.84234,90.83678,130.08999999999997,0
Camo 录像 2026-01-27 03-47-46,93,3.1,74.385475,91.26032,129.23000000000002,0
Camo 录像 2026-01-27 03-47-46,94,3.1333333333333333,74.893425,91.64061,129.37,0
Camo 录像 2026-01-27 03-47-46,95,3.1666666666666665,75.31275,91.95481,128.64999999999998,0
Camo 录像 2026-01-27 03-47-46,96,3.2,75.73143,92.32897,126.92000000000002,0
Camo 录像 2026-01-27 03-47-46,97,3.2333333333333334,75.9788,92.56952,125.41000000000003,0
Camo 录像 2026-01-27 03-47-46,98,3.2666666666666666,76.28879,93.00391,123.11000000000001,0
Camo 录像 2026-01-27 03-47-46,99,3.3,76.8055,93.754555,120.95999999999998,0
Camo 录像 2026-01-27 03-47-46,100,3.3333333333333335,76.83941,94.053535,118.32999999999998,0
Camo 录像 2026-01-27 03-47-46,101,3.3666666666666667,76.95154,94.49384,117.12,0
Camo 录像 2026-01-27 03-47-46,102,3.4,76.91366,94.80218,112.17000000000002,0
Camo 录像 2026-01-27 03-47-46,103,3.433333333333333,76.90477,94.78687,112.32,0
Camo 录像 2026-01-27 03-47-46,104,3.466666666666667,77.10237,96.122536,108.81,0
Camo 录像 2026-01-27 03-47-46,105,3.5,77.14221,96.89735,104.82,0
Camo 录像 2026-01-27 03-47-46,106,3.533333333333333,76.82875,97.29602,97.86000000000001,0
Camo 录像 2026-01-27 03-47-46,107,3.566666666666667,76.818954,98.20195,94.17000000000002,0
Camo 录像 2026-01-27 03-47-46,108,3.6,76.69706,98.99858,92.94,0
Camo 录像 2026-01-27 03-47-46,109,3.6333333333333333,76.51944,99.75615,85.67000000000002,0
Camo 录像 2026-01-27 03-47-46,110,3.6666666666666665,76.239044,100.379005,85.89999999999998,0
Camo 录像 2026-01-27 03-47-46,111,3.7,75.99088,101.064674,82.97000000000003,0
Camo 录像 2026-01-27 03-47-46,112,3.7333333333333334,75.7298,101.750755,80.00999999999999,0
Camo 录像 2026-01-27 03-47-46,113,3.7666666666666666,75.53813,102.565704,76.42000000000002,0
Camo 录像 2026-01-27 03-47-46,114,3.8,75.20074,103.177315,69.38,0
Camo 录像 2026-01-27 03-47-46,115,3.8333333333333335,74.9069,103.92433,71.0,0
Camo 录像 2026-01-27 03-47-46,116,3.8666666666666667,74.39278,104.2999,69.22,0
Camo 录像 2026-01-27 03-47-46,117,3.9,74.06985,105.03526,66.98000000000002,0
Camo 录像 2026-01-27 03-47-46,118,3.933333333333333,73.634895,105.5796,65.36000000000001,0
Camo 录像 2026-01-27 03-47-46,119,3.966666666666667,73.14063,105.94301,59.69,0
Camo 录像 2026-01-27 03-48-41,0,0.0,61.0,61.0,90.0,0
Camo 录像 2026-01-27 03-48-41,1,0.03333333333333333,61.017673,61.018826,90.02999999999997,0
Camo 录像 2026-01-27 03-48-41,2,0.06666666666666667,61.040398,61.03719,89.76999999999998,0
Camo 录像 2026-01-27 03-48-41,3,0.1,61.052708,61.057606,89.38999999999999,0
Camo 录像 2026-01-27 03-48-41,4,0.13333333333333333,61.030853,61.07684,88.94999999999999,0
Camo 录像 2026-01-27 03-48-41,5,0.16666666666666666,60.98793,61.119953,88.59000000000003,0
Camo 录像 2026-01-27 03-48-41,6,0.2,60.913742,61.144512,87.94999999999999,0
Camo 录像 2026-01-27 03-48-41,7,0.23333333333333334,60.79825,61.173374,87.23000000000002,0
Camo 录像 2026-01-27 03-48-41,8,0.26666666666666666,60.613052,61.203564,86.04000000000002,0
Camo 录像 2026-01-27 03-48-41,9,0.3,60.411568,61.208347,85.86000000000001,0
Camo 录像 2026-01-27 03-48-41,10,0.3333333333333333,60.199966,61.202938,85.47000000000003,0
Camo 录像 2026-01-27 03-48-41,11,0.36666666666666664,59.967358,61.19957,84.68,0
Camo 录像 2026-01-27 03-48-41,12,0.4,59.74021,61.195435,84.55000000000001,0
Camo 录像 2026-01-27 03-48-41,13,0.43333333333333335,59.541233,61.18233,85.23000000000002,0
Camo 录像 2026-01-27 03-48-41,14,0.4666666666666667,59.3884,61.15014,86.12,0
Camo 录像 2026-01-27 03-48-41,15,0.5,59.25171,61.121517,87.19,0
Camo 录像 2026-01-27 03-48-41,16,0.5333333333333333,59.16489,61.099293,88.82,0
Camo 录像 2026-01-27 03-48-41,17,0.5666666666666667,59.105865,61.077354,90.66000000000003,0
Camo 录像 2026-01-27 03-48-41,18,0.6,59.17932,61.05382,93.01999999999998,0
Camo 录像 2026-01-27 03-48-41,19,0.6333333333333333,59.290848,61.089283,95.89999999999998,0
Camo 录像 2026-01-27 03-48-41,20,0.6666666666666666,59.443226,61.198807,98.67000000000002,0
Camo 录像 2026-01-27 03-48-41,21,0.7,59.752865,61.38362,102.14999999999998,0
Camo 录像 2026-01-27 03-48-41,22,0.7333333333333333,60.148632,61.64741,105.81,0
Camo 录像 2026-01-27 03-48-41,23,0.7666666666666667,60.69451,61.95451,110.18,0
Camo 录像 2026-01-27 03-48-41,24,0.8,61.294895,62.29022,113.96000000000004,0
Camo 录像 2026-01-27 03-48-41,25,0.8333333333333334,61.902412,62.627464,117.98000000000002,0
Camo 录像 2026-01-27 03-48-41,26,0.8666666666666667,62.59867,62.95867,121.73000000000002,0
Camo 录像 2026-01-27 03-48-41,27,0.9,63.27215,63.28688,124.93,0
Camo 录像 2026-01-27 03-48-41,28,0.9333333333333333,63.9674,63.59989,127.69,0
Camo 录像 2026-01-27 03-48-41,29,0.9666666666666667,64.63461,63.91046,129.26,0
Camo 录像 2026-01-27 03-48-41,30,1.0,65.33544,64.2074,130.76999999999998,0
Camo 录像 2026-01-27 03-48-41,31,1.0333333333333334,65.945,64.50009,131.56,0
Camo 录像 2026-01-27 03-48-41,32,1.0666666666666667,66.5305,64.79142,131.77999999999997,0
Camo 录像 2026-01-27 03-48-41,33,1.1,67.05859,65.064125,132.48000000000002,0
Camo 录像 2026-01-27 03-48-41,34,1.1333333333333333,67.6278,65.32368,132.07,0
Camo 录像 2026-01-27 03-48-41,35,1.1666666666666667,68.10079,65.55914,131.25,0
Camo 录像 2026-01-27 03-48-41,36,1.2,68.55404,65.824394,130.86,0
Camo 录像 2026-01-27 03-48-41,37,1.2333333333333334,68.99679,66.16995,129.08000000000004,0
Camo 录像 2026-01-27 03-48-41,38,1.2666666666666666,69.362015,66.52718,127.04000000000002,0
Camo 录像 2026-01-27 03-48-41,39,1.3,69.62823,66.88894,125.07,0
Camo 录像 2026-01-27 03-48-41,40,1.3333333333333333,69.85286,67.2944,122.61000000000001,0
Camo 录像 2026-01-27 03-48-41,41,1.3666666666666667,70.05935,67.750206,119.75999999999999,0
Camo 录像 2026-01-27 03-48-41,42,1.4,70.22373,68.234055,115.97000000000003,0
Camo 录像 2026-01-27 03-48-41,43,1.4333333333333333,70.26937,68.757385,112.23000000000002,0
Camo 录像 2026-01-27 03-48-41,44,1.4666666666666666,70.27058,69.284706,108.67000000000002,0
Camo 录像 2026-01-27 03-48-41,45,1.5,70.356026,69.89835,105.76999999999998,0
Camo 录像 2026-01-27 03-48-41,46,1.5333333333333334,70.24518,70.49508,101.96000000000004,0
Camo 录像 2026-01-27 03-48-41,47,1.5666666666666667,70.16499,71.11384,97.61000000000001,0
Camo 录像 2026-01-27 03-48-41,48,1.6,70.07734,71.78629,94.67000000000002,0
Camo 录像 2026-01-27 03-48-41,49,1.6333333333333333,69.97145,72.440765,90.19,0
Camo 录像 2026-01-27 03-48-41,50,1.6666666666666667,69.74872,73.025925,85.99000000000001,0
Camo 录像 2026-01-27 03-48-41,51,1.7,69.646034,73.66132,83.01999999999998,0
Camo 录像 2026-01-27 03-48-41,52,1.7333333333333334,69.43179,74.23695,79.97000000000003,0
Camo 录像 2026-01-27 03-48-41,53,1.7666666666666666,69.224266,74.80949,76.48000000000002,0
Camo 录像 2026-01-27 03-48-41,54,1.8,69.00796,75.38226,73.13999999999999,0
Camo 录像 2026-01-27 03-48-41,55,1.8333333333333333,68.74949,75.90705,70.41000000000003,0
Camo 录像 2026-01-27 03-48-41,56,1.8666666666666667,68.46638,76.43159,68.07,0
Camo 录像 2026-01-27 03-48-41,57,1.9,68.05414,76.80901,66.98000000000002,0
Camo 录像 2026-01-27 03-48-41,58,1.9333333333333333,67.761665,77.31058,65.24000000000001,0
Camo 录像 2026-01-27 03-48-41,59,1.9666666666666666,67.45072,77.81381,63.10000000000002,0
Camo 录像 2026-01-27 03-48-41,60,2.0,67.02216,78.14548,62.73000000000002,0
Camo 录像 2026-01-27 03-48-41,61,2.033333333333333,66.74586,78.69052,61.44,0
Camo 录像 2026-01-27 03-48-41,62,2.066666666666667,66.33211,79.02443,61.98000000000002,0
Camo 录像 2026-01-27 03-48-41,63,2.1,66.12508,79.65678,61.55000000000001,0
Camo 录像 2026-01-27 03-48-41,64,2.1333333333333333,65.69138,79.8887,61.75999999999999,0
Camo 录像 2026-01-27 03-48-41,65,2.1666666666666665,65.44239,80.41203,63.56,0
Camo 录像 2026-01-27 03-48-41,66,2.2,65.12051,80.76826,63.59,0
Camo 录像 2026-01-27 03-48-41,67,2.2333333333333334,64.90442,81.19433,65.18,0
Camo 录像 2026-01-27 03-48-41,68,2.2666666666666666,64.79258,81.706024,66.99000000000001,0
Camo 录像 2026-01-27 03-48-41,69,2.3,64.700356,82.22839,70.79000000000002,0
Camo 录像 2026-01-27 03-48-41,70,2.3333333333333335,64.732635,82.78439,72.60000000000002,0
Camo 录像 2026-01-27 03-48-41,71,2.3666666666666667,64.6911,83.084435,76.25,0
Camo 录像 2026-01-27 03-48-41,72,2.4,64.74644,83.540886,77.62,0
Camo 录像 2026-01-27 03-48-41,73,2.433333333333333,64.89794,84.13869,81.42000000000002,0
Camo 录像 2026-01-27 03-48-41,74,2.466666666666667,65.00086,84.3779,83.66000000000003,0
Camo 录像 2026-01-27 03-48-41,75,2.5,65.26349,84.952225,87.07,0
Camo 录像 2026-01-27 03-48-41,76,2.533333333333333,65.55864,85.493286,90.86000000000001,0
Camo 录像 2026-01-27 03-48-41,77,2.566666666666667,65.942604,86.20243,97.01999999999998,0
Camo 录像 2026-01-27 03-48-41,78,2.6,66.28889,86.78456,98.63999999999999,0
Camo 录像 2026-01-27 03-48-41,79,2.6333333333333333,66.659,87.31122,102.41000000000003,0
Camo 录像 2026-01-27 03-48-41,80,2.6666666666666665,67.12608,88.05291,106.17000000000002,0
Camo 录像 2026-01-27 03-48-41,81,2.7,67.50711,88.5305,111.41000000000003,0
Camo 录像 2026-01-27 03-48-41,82,2.7333333333333334,67.93653,89.10365,113.56,0
Camo 录像 2026-01-27 03-48-41,83,2.7666666666666666,68.46095,89.77715,116.19,0
Camo 录像 2026-01-27 03-48-41,84,2.8,68.80451,90.038315,119.44999999999999,0
Camo 录像 2026-01-27 03-48-41,85,2.8333333333333335,69.341354,90.609,121.51999999999998,0
Camo 录像 2026-01-27 03-48-41,86,2.8666666666666667,69.81869,91.01149,123.55000000000001,0
Camo 录像 2026-01-27 03-48-41,87,2.9,70.40086,91.54432,126.22000000000003,0
Camo 录像 2026-01-27 03-48-41,88,2.933333333333333,70.92616,91.9772,128.13,0
Camo 录像 2026-01-27 03-48-41,89,2.966666666666667,71.44325,92.39358,128.74,0
Camo 录像 2026-01-27 03-48-41,90,3.0,71.86985,92.6372,130.14,0
Camo 录像 2026-01-27 03-48-41,91,3.033333333333333,72.31393,92.942665,130.90999999999997,0
Camo 录像 2026-01-27 03-48-41,92,3.066666666666667,72.78475,93.4284,130.51,0
Camo 录像 2026-01-27 03-48-41,93,3.1,73.11004,93.59562,129.76999999999998,0
Camo 录像 2026-01-27 03-48-41,94,3.1333333333333333,73.65476,94.191475,130.25,0
Camo 录像 2026-01-27 03-48-41,95,3.1666666666666665,73.95268,94.38386,128.37,0
Camo 录像 2026-01-27 03-48-41,96,3.2,74.482376,95.018105,128.17000000000002,0
Camo 录像 2026-01-27 03-48-41,97,3.2333333333333334,74.83271,95.40353,126.92000000000002,0
Camo 录像 2026-01-27 03-48-41,98,3.2666666666666666,75.07028,95.67998,123.70000000000005,0
Camo 录像 2026-01-27 03-48-41,99,3.3,75.44485,96.29375,123.15999999999997,0
Camo 录像 2026-01-27 03-48-41,100,3.3333333333333335,75.77296,96.96125,120.10000000000002,0
Camo 录像 2026-01-27 03-48-41,101,3.3666666666666667,75.888535,97.32318,118.01999999999998,0
Camo 录像 2026-01-27 03-48-41,102,3.4,75.94781,97.657166,112.81,0
Camo 录像 2026-01-27 03-48-41,103,3.433333333333333,76.060356,98.17629,110.01999999999998,0
Camo 录像 2026-01-27 03-48-41,104,3.466666666666667,76.103905,98.800934,106.44999999999999,0
Camo 录像 2026-01-27 03-48-41,105,3.5,76.26317,99.75342,105.68,0
Camo 录像 2026-01-27 03-48-41,106,3.533333333333333,76.05476,100.14163,99.23000000000002,0
Camo 录像 2026-01-27 03-48-41,107,3.566666666666667,75.90873,100.78089,95.13999999999999,0
Camo 录像 2026-01-27 03-48-41,108,3.6,75.78356,101.53389,91.25,0
Camo 录像 2026-01-27 03-48-41,109,3.6333333333333333,75.62754,102.34851,87.37,0
Camo 录像 2026-01-27 03-48-41,110,3.6666666666666665,75.386955,102.988976,87.13999999999999,0
Camo 录像 2026-01-27 03-48-41,111,3.7,75.15103,103.64332,84.71000000000004,0
Camo 录像 2026-01-27 03-48-41,112,3.7333333333333334,74.9503,104.41409,76.69,0
Camo 录像 2026-01-27 03-48-41,113,3.7666666666666666,74.68056,105.08667,73.60000000000002,0
Camo 录像 2026-01-27 03-48-41,114,3.8,74.409164,105.85538,75.50999999999999,0
Camo 录像 2026-01-27 03-48-41,115,3.8333333333333335,74.082115,106.48511,68.22000000000003,0
Camo 录像 2026-01-27 03-48-41,116,3.8666666666666667,73.64825,106.91566,65.66000000000003,0
Camo 录像 2026-01-27 03-48-41,117,3.9,73.33774,107.68631,63.53,0
Camo 录像 2026-01-27 03-48-41,118,3.933333333333333,72.967674,108.328995,62.160000000000025,0
Camo 录像 2026-01-27 03-48-41,119,3.966666666666667,72.549286,108.77201,60.25,0
Camo 录像 2026-01-27 03-49-35,0,0.0,61.0,61.0,90.0,0
Camo 录像 2026-01-27 03-49-35,1,0.03333333333333333,61.013172,61.000343,89.77999999999997,0
Camo 录像 2026-01-27 03-49-35,2,0.06666666666666667,61.02541,61.015812,89.38,0
Camo 录像 2026-01-27 03-49-35,3,0.1,61.005516,61.02003,89.04000000000002,0
Camo 录像 2026-01-27 03-49-35,4,0.13333333333333333,60.955433,61.043907,88.73000000000002,0
Camo 录像 2026-01-27 03-49-35,5,0.16666666666666666,60.870922,61.074944,88.04000000000002,0
Camo 录像 2026-01-27 03-49-35,6,0.2,60.740417,61.075645,87.09000000000003,0
Camo 录像 2026-01-27 03-49-35,7,0.23333333333333334,60.564217,61.105827,86.35000000000002,0
Camo 录像 2026-01-27 03-49-35,8,0.26666666666666666,60.352867,61.10013,85.68,0
Camo 录像 2026-01-27 03-49-35,9,0.3,60.125423,61.08654,85.13,0
Camo 录像 2026-01-27 03-49-35,10,0.3333333333333333,59.8909,61.084717,84.93,0
Camo 录像 2026-01-27 03-49-35,11,0.36666666666666664,59.656162,61.070023,84.46000000000004,0
Camo 录像 2026-01-27 03-49-35,12,0.4,59.46045,61.009922,84.92000000000002,0
Camo 录像 2026-01-27 03-49-35,13,0.43333333333333335,59.28265,60.949394,85.73000000000002,0
Camo 录像 2026-01-27 03-49-35,14,0.4666666666666667,59.11711,60.887344,86.57,0
Camo 录像 2026-01-27 03-49-35,15,0.5,59.014645,60.840675,88.12,0
Camo 录像 2026-01-27 03-49-35,16,0.5333333333333333,58.96111,60.80141,90.14999999999998,0
Camo 录像 2026-01-27 03-49-35,17,0.5666666666666667,58.97376,60.759853,92.54000000000002,0
Camo 录像 2026-01-27 03-49-35,18,0.6,59.06857,60.797794,94.86000000000001,0
Camo 录像 2026-01-27 03-49-35,19,0.6333333333333333,59.215233,60.85141,98.11000000000001,0
Camo 录像 2026-01-27 03-49-35,20,0.6666666666666666,59.49324,61.015,101.25999999999999,0
Camo 录像 2026-01-27 03-49-35,21,0.7,59.88515,61.268833,104.97000000000003,0
Camo 录像 2026-01-27 03-49-35,22,0.7333333333333333,60.385548,61.581467,108.79000000000002,0
Camo 录像 2026-01-27 03-49-35,23,0.7666666666666667,60.979134,61.921345,113.0,0
Camo 录像 2026-01-27 03-49-35,24,0.8,61.61681,62.27695,117.07999999999998,0
Camo 录像 2026-01-27 03-49-35,25,0.8333333333333334,62.28205,62.627827,120.59000000000003,0
Camo 录像 2026-01-27 03-49-35,26,0.8666666666666667,62.957268,62.95906,124.06,0
Camo 录像 2026-01-27 03-49-35,27,0.9,63.640945,63.26456,127.06,0
Camo 录像 2026-01-27 03-49-35,28,0.9333333333333333,64.278206,63.590706,129.12,0
Camo 录像 2026-01-27 03-49-35,29,0.9666666666666667,64.86599,63.902145,130.57,0
Camo 录像 2026-01-27 03-49-35,30,1.0,65.54059,64.187225,131.40999999999997,0
Camo 录像 2026-01-27 03-49-35,31,1.0333333333333334,66.088425,64.51106,131.69,0
Camo 录像 2026-01-27 03-49-35,32,1.0666666666666667,66.61078,64.78644,131.76,0
Camo 录像 2026-01-27 03-49-35,33,1.1,67.10487,65.074005,131.48000000000002,0
Camo 录像 2026-01-27 03-49-35,34,1.1333333333333333,67.54196,65.34244,131.23000000000002,0
Camo 录像 2026-01-27 03-49-35,35,1.1666666666666667,67.93926,65.62129,130.65999999999997,0
Camo 录像 2026-01-27 03-49-35,36,1.2,68.25466,65.96739,129.11,0
Camo 录像 2026-01-27 03-49-35,37,1.2333333333333334,68.57505,66.34097,127.22000000000003,0
Camo 录像 2026-01-27 03-49-35,38,1.2666666666666666,68.76748,66.72252,124.51999999999998,0
Camo 录像 2026-01-27 03-49-35,39,1.3,69.07261,67.15091,121.80000000000001,0
Camo 录像 2026-01-27 03-49-35,40,1.3333333333333333,69.21577,67.60368,118.85000000000002,0
Camo 录像 2026-01-27 03-49-35,41,1.3666666666666667,69.27614,68.052216,115.89999999999998,0
Camo 录像 2026-01-27 03-49-35,42,1.4,69.43177,68.58444,113.04000000000002,0
Camo 录像 2026-01-27 03-49-35,43,1.4333333333333333,69.428635,69.136154,109.44,0
Camo 录像 2026-01-27 03-49-35,44,1.4666666666666666,69.472244,69.73839,105.24000000000001,0
Camo 录像 2026-01-27 03-49-35,45,1.5,69.3783,70.343124,101.57999999999998,0
Camo 录像 2026-01-27 03-49-35,46,1.5333333333333334,69.29916,71.00043,97.89999999999998,0
Camo 录像 2026-01-27 03-49-35,47,1.5666666666666667,69.09563,71.61252,93.51999999999998,0
Camo 录像 2026-01-27 03-49-35,48,1.6,69.008644,72.31499,89.76999999999998,0
Camo 录像 2026-01-27 03-49-35,49,1.6333333333333333,68.77684,72.91562,86.63,0
Camo 录像 2026-01-27 03-49-35,50,1.6666666666666667,68.574875,73.5361,82.98000000000002,0
Camo 录像 2026-01-27 03-49-35,51,1.7,68.302536,74.123276,79.71000000000004,0
Camo 录像 2026-01-27 03-49-35,52,1.7333333333333334,68.017334,74.68991,76.31,0
Camo 录像 2026-01-27 03-49-35,53,1.7666666666666666,67.76578,75.2619,72.68,0
Camo 录像 2026-01-27 03-49-35,54,1.8,67.38397,75.74019,69.37,0
Camo 录像 2026-01-27 03-49-35,55,1.8333333333333333,67.05486,76.28755,67.36000000000001,0
Camo 录像 2026-01-27 03-49-35,56,1.8666666666666667,66.56422,76.67401,65.32,0
Camo 录像 2026-01-27 03-49-35,57,1.9,66.22572,77.20172,63.59,0
Camo 录像 2026-01-27 03-49-35,58,1.9333333333333333,65.77647,77.62053,61.73000000000002,0
Camo 录像 2026-01-27 03-49-35,59,1.9666666666666666,65.342896,78.04944,60.60000000000002,0
Camo 录像 2026-01-27 03-49-35,60,2.0,64.9201,78.46846,60.27000000000001,0
Camo 录像 2026-01-27 03-49-35,61,2.033333333333333,64.50568,78.89635,59.860000000000014,0
Camo 录像 2026-01-27 03-49-35,62,2.066666666666667,64.13657,79.39996,60.93000000000001,0
Camo 录像 2026-01-27 03-49-35,63,2.1,63.743683,79.78087,60.170000000000016,0
Camo 录像 2026-01-27 03-49-35,64,2.1333333333333333,63.44136,80.31012,61.150000000000006,0
Camo 录像 2026-01-27 03-49-35,65,2.1666666666666665,63.092583,80.70236,62.129999999999995,0
Camo 录像 2026-01-27 03-49-35,66,2.2,62.80945,81.09235,63.389999999999986,0
Camo 录像 2026-01-27 03-49-35,67,2.2333333333333334,62.60109,81.44353,65.10000000000002,0
Camo 录像 2026-01-27 03-49-35,68,2.2666666666666666,62.47931,81.93831,68.35000000000002,0
Camo 录像 2026-01-27 03-49-35,69,2.3,62.424515,82.4032,70.76999999999998,0
Camo 录像 2026-01-27 03-49-35,70,2.3333333333333335,62.389153,82.71318,72.37,0
Camo 录像 2026-01-27 03-49-35,71,2.3666666666666667,62.427208,83.26657,76.5,0
Camo 录像 2026-01-27 03-49-35,72,2.4,62.498272,83.714035,79.48000000000002,0
Camo 录像 2026-01-27 03-49-35,73,2.433333333333333,62.638077,84.14804,81.10000000000002,0
Camo 录像 2026-01-27 03-49-35,74,2.466666666666667,62.886612,84.86473,84.93,0
Camo 录像 2026-01-27 03-49-35,75,2.5,63.037605,85.17647,88.68,0
Camo 录像 2026-01-27 03-49-35,76,2.533333333333333,63.360382,85.88077,91.87,0
Camo 录像 2026-01-27 03-49-35,77,2.566666666666667,63.604897,86.370285,96.19999999999999,0
Camo 录像 2026-01-27 03-49-35,78,2.6,63.947327,87.044556,101.89999999999998,0
Camo 录像 2026-01-27 03-49-35,79,2.6333333333333333,64.288864,87.62903,103.96000000000004,0
Camo 录像 2026-01-27 03-49-35,80,2.6666666666666665,64.70036,88.35947,107.0,0
Camo 录像 2026-01-27 03-49-35,81,2.7,64.99636,88.79849,110.62,0
Camo 录像 2026-01-27 03-49-35,82,2.7333333333333334,65.3649,89.33786,113.31,0
Camo 录像 2026-01-27 03-49-35,83,2.7666666666666666,65.74848,89.83902,116.74000000000001,0
Camo 录像 2026-01-27 03-49-35,84,2.8,66.15894,90.3808,119.89999999999998,0
Camo 录像 2026-01-27 03-49-35,85,2.8333333333333335,66.62155,90.96353,122.11000000000001,0
Camo 录像 2026-01-27 03-49-35,86,2.8666666666666667,67.03913,91.34842,124.30000000000001,0
Camo 录像 2026-01-27 03-49-35,87,2.9,67.45621,91.7354,125.64999999999998,0
Camo 录像 2026-01-27 03-49-35,88,2.933333333333333,67.94429,92.25983,127.24000000000001,0
Camo 录像 2026-01-27 03-49-35,89,2.966666666666667,68.38727,92.63983,128.06,0
Camo 录像 2026-01-27 03-49-35,90,3.0,68.78536,92.94853,128.87,0
Camo 录像 2026-01-27 03-49-35,91,3.033333333333333,69.1985,93.38818,128.84000000000003,0
Camo 录像 2026-01-27 03-49-35,92,3.066666666666667,69.53692,93.648285,128.14999999999998,0
Camo 录像 2026-01-27 03-49-35,93,3.1,70.0014,94.19507,128.56,0
Camo 录像 2026-01-27 03-49-35,94,3.1333333333333333,70.343735,94.510574,127.13,0
Camo 录像 2026-01-27 03-49-35,95,3.1666666666666665,70.80173,95.08392,125.71000000000004,0
Camo 录像 2026-01-27 03-49-35,96,3.2,71.17647,95.59538,124.01999999999998,0
Camo 录像 2026-01-27 03-49-35,97,3.2333333333333334,71.38396,95.90248,123.06,0
Camo 录像 2026-01-27 03-49-35,98,3.2666666666666666,71.65265,96.399445,121.10000000000002,0
Camo 录像 2026-01-27 03-49-35,99,3.3,71.977165,97.15834,117.43,0
Camo 录像 2026-01-27 03-49-35,100,3.3333333333333335,72.142654,97.74213,114.77999999999997,0
Camo 录像 2026-01-27 03-49-35,101,3.3666666666666667,72.13995,98.049515,113.52999999999997,0
Camo 录像 2026-01-27 03-49-35,102,3.4,72.073456,98.32565,108.50999999999999,0
Camo 录像 2026-01-27 03-49-35,103,3.433333333333333,72.077446,98.97078,108.30000000000001,0
Camo 录像 2026-01-27 03-49-35,104,3.466666666666667,72.01171,99.60863,101.51999999999998,0
Camo 录像 2026-01-27 03-49-35,105,3.5,71.84093,100.16139,97.64999999999998,0
Camo 录像 2026-01-27 03-49-35,106,3.533333333333333,71.648796,100.83646,93.94,0
Camo 录像 2026-01-27 03-49-35,107,3.566666666666667,71.43015,101.523056,89.96000000000004,0
Camo 录像 2026-01-27 03-49-35,108,3.6,71.26322,102.398254,86.30000000000001,0
Camo 录像 2026-01-27 03-49-35,109,3.6333333333333333,71.13013,103.43506,82.22000000000003,0
Camo 录像 2026-01-27 03-49-35,110,3.6666666666666665,70.79572,104.022995,81.57999999999998,0
Camo 录像 2026-01-27 03-49-35,111,3.7,70.478905,104.68341,79.10000000000002,0
Camo 录像 2026-01-27 03-49-35,112,3.7333333333333334,70.09055,105.18021,72.57,0
Camo 录像 2026-01-27 03-49-35,113,3.7666666666666666,69.8198,106.14549,72.46000000000001,0
Camo 录像 2026-01-27 03-49-35,114,3.8,69.49546,107.02815,68.82999999999998,0
Camo 录像 2026-01-27 03-49-35,115,3.8333333333333335,68.91967,107.10162,68.36000000000001,0
Camo 录像 2026-01-27 03-49-35,116,3.8666666666666667,68.4594,107.552414,62.23000000000002,0
Camo 录像 2026-01-27 03-49-35,117,3.9,68.021736,108.03009,60.31999999999999,0
Camo 录像 2026-01-27 03-49-35,118,3.933333333333333,67.60803,108.63016,63.48000000000002,0
Camo 录像 2026-01-27 03-49-35,119,3.966666666666667,67.234436,109.12749,58.48000000000002,0
Camo 录像 2026-01-27 03-51-24,0,0.0,61.0,61.0,90.0,0
Camo 录像 2026-01-27 03-51-24,1,0.03333333333333333,61.000042,60.979927,89.54000000000002,0
Camo 录像 2026-01-27 03-51-24,2,0.06666666666666667,60.972137,60.99652,89.57999999999998,0
Camo 录像 2026-01-27 03-51-24,3,0.1,60.917343,60.97423,88.67000000000002,0
Camo 录像 2026-01-27 03-51-24,4,0.13333333333333333,60.842525,60.9751,88.46000000000004,0
Camo 录像 2026-01-27 03-51-24,5,0.16666666666666666,60.704918,60.992203,87.34000000000003,0
Camo 录像 2026-01-27 03-51-24,6,0.2,60.5458,60.995697,86.97000000000003,0
Camo 录像 2026-01-27 03-51-24,7,0.23333333333333334,60.33885,60.982944,85.91000000000003,0
Camo 录像 2026-01-27 03-51-24,8,0.26666666666666666,60.13134,60.962055,85.51999999999998,0
Camo 录像 2026-01-27 03-51-24,9,0.3,59.911346,60.93208,85.23000000000002,0
Camo 录像 2026-01-27 03-51-24,10,0.3333333333333333,59.704704,60.877953,84.82999999999998,0
Camo 录像 2026-01-27 03-51-24,11,0.36666666666666664,59.5103,60.83898,85.27999999999997,0
Camo 录像 2026-01-27 03-51-24,12,0.4,59.356384,60.765743,86.00999999999999,0
Camo 录像 2026-01-27 03-51-24,13,0.43333333333333335,59.219406,60.698345,86.67000000000002,0
Camo 录像 2026-01-27 03-51-24,14,0.4666666666666667,59.148827,60.61239,87.88999999999999,0
Camo 录像 2026-01-27 03-51-24,15,0.5,59.117542,60.542484,89.66000000000003,0
Camo 录像 2026-01-27 03-51-24,16,0.5333333333333333,59.14086,60.505054,91.91000000000003,0
Camo 录像 2026-01-27 03-51-24,17,0.5666666666666667,59.278984,60.4577,94.52999999999997,0
Camo 录像 2026-01-27 03-51-24,18,0.6,59.44611,60.49669,97.50999999999999,0
Camo 录像 2026-01-27 03-51-24,19,0.6333333333333333,59.684578,60.6023,100.26999999999998,0
Camo 录像 2026-01-27 03-51-24,20,0.6666666666666666,60.056297,60.837856,103.36000000000001,0
Camo 录像 2026-01-27 03-51-24,21,0.7,60.55318,61.085533,108.09000000000003,0
Camo 录像 2026-01-27 03-51-24,22,0.7333333333333333,61.12617,61.38703,112.27999999999997,0
Camo 录像 2026-01-27 03-51-24,23,0.7666666666666667,61.73156,61.740364,116.13999999999999,0
Camo 录像 2026-01-27 03-51-24,24,0.8,62.393627,62.06075,119.73000000000002,0
Camo 录像 2026-01-27 03-51-24,25,0.8333333333333334,63.090126,62.380898,123.49000000000001,0
Camo 录像 2026-01-27 03-51-24,26,0.8666666666666667,63.746475,62.695606,126.88,0
Camo 录像 2026-01-27 03-51-24,27,0.9,64.43225,62.9882,129.16000000000003,0
Camo 录像 2026-01-27 03-51-24,28,0.9333333333333333,65.113815,63.258938,130.85000000000002,0
Camo 录像 2026-01-27 03-51-24,29,0.9666666666666667,65.71879,63.549694,131.87,0
Camo 录像 2026-01-27 03-51-24,30,1.0,66.36646,63.82104,132.17000000000002,0
Camo 录像 2026-01-27 03-51-24,31,1.0333333333333334,66.89973,64.11624,132.34000000000003,0
Camo 录像 2026-01-27 03-51-24,32,1.0666666666666667,67.45801,64.37227,132.8,0
Camo 录像 2026-01-27 03-51-24,33,1.1,67.954216,64.61519,132.64,0
Camo 录像 2026-01-27 03-51-24,34,1.1333333333333333,68.419235,64.86131,131.87,0
Camo 录像 2026-01-27 03-51-24,35,1.1666666666666667,68.78359,65.16345,130.59000000000003,0
Camo 录像 2026-01-27 03-51-24,36,1.2,69.183624,65.494,128.51999999999998,0
Camo 录像 2026-01-27 03-51-24,37,1.2333333333333334,69.48877,65.86427,126.73000000000002,0
Camo 录像 2026-01-27 03-51-24,38,1.2666666666666666,69.79139,66.2466,123.82999999999998,0
Camo 录像 2026-01-27 03-51-24,39,1.3,70.06564,66.68326,121.44,0
Camo 录像 2026-01-27 03-51-24,40,1.3333333333333333,70.30326,67.14984,118.91000000000003,0
Camo 录像 2026-01-27 03-51-24,41,1.3666666666666667,70.470955,67.6622,115.59000000000003,0
Camo 录像 2026-01-27 03-51-24,42,1.4,70.50793,68.22453,112.0,0
Camo 录像 2026-01-27 03-51-24,43,1.4333333333333333,70.588524,68.81148,108.69,0
Camo 录像 2026-01-27 03-51-24,44,1.4666666666666666,70.538506,69.41295,104.68,0
Camo 录像 2026-01-27 03-51-24,45,1.5,70.54394,70.07207,100.84000000000003,0
Camo 录像 2026-01-27 03-51-24,46,1.5333333333333334,70.53257,70.74837,96.52999999999997,0
Camo 录像 2026-01-27 03-51-24,47,1.5666666666666667,70.39027,71.39053,93.32,0
Camo 录像 2026-01-27 03-51-24,48,1.6,70.2118,72.03226,89.50999999999999,0
Camo 录像 2026-01-27 03-51-24,49,1.6333333333333333,70.064644,72.65817,85.63999999999999,0
Camo 录像 2026-01-27 03-51-24,50,1.6666666666666667,69.87078,73.257645,82.38,0
Camo 录像 2026-01-27 03-51-24,51,1.7,69.710014,73.86638,78.87,0
Camo 录像 2026-01-27 03-51-24,52,1.7333333333333334,69.483345,74.436386,75.88999999999999,0
Camo 录像 2026-01-27 03-51-24,53,1.7666666666666666,69.132835,74.924225,73.13999999999999,0
Camo 录像 2026-01-27 03-51-24,54,1.8,68.85922,75.453354,70.99000000000001,0
Camo 录像 2026-01-27 03-51-24,55,1.8333333333333333,68.53702,75.958664,68.15,0
Camo 录像 2026-01-27 03-51-24,56,1.8666666666666667,68.275826,76.53624,66.66000000000003,0
Camo 录像 2026-01-27 03-51-24,57,1.9,67.79341,76.896576,64.99000000000001,0
Camo 录像 2026-01-27 03-51-24,58,1.9333333333333333,67.5302,77.464066,63.93000000000001,0
Camo 录像 2026-01-27 03-51-24,59,1.9666666666666666,67.152435,77.886856,63.28,0
Camo 录像 2026-01-27 03-51-24,60,2.0,66.81352,78.36948,62.85000000000002,0
Camo 录像 2026-01-27 03-51-24,61,2.033333333333333,66.43501,78.74832,62.0,0
Camo 录像 2026-01-27 03-51-24,62,2.066666666666667,66.14616,79.230515,62.420000000000016,0
Camo 录像 2026-01-27 03-51-24,63,2.1,65.85212,79.655396,64.02000000000001,0
Camo 录像 2026-01-27 03-51-24,64,2.1333333333333333,65.59906,80.11458,64.80000000000001,0
Camo 录像 2026-01-27 03-51-24,65,2.1666666666666665,65.37827,80.5697,65.47,0
Camo 录像 2026-01-27 03-51-24,66,2.2,65.20683,80.93611,66.91000000000003,0
Camo 录像 2026-01-27 03-51-24,67,2.2333333333333334,65.13522,81.455246,69.78,0
Camo 录像 2026-01-27 03-51-24,68,2.2666666666666666,65.07205,81.871704,72.29000000000002,0
Camo 录像 2026-01-27 03-51-24,69,2.3,65.105385,82.29718,74.31,0
Camo 录像 2026-01-27 03-51-24,70,2.3333333333333335,65.134186,82.66319,77.26999999999998,0
Camo 录像 2026-01-27 03-51-24,71,2.3666666666666667,65.21271,83.09767,80.06,0
Camo 录像 2026-01-27 03-51-24,72,2.4,65.43578,83.690384,84.18,0
Camo 录像 2026-01-27 03-51-24,73,2.433333333333333,65.65471,84.16922,86.5,0
Camo 录像 2026-01-27 03-51-24,74,2.466666666666667,65.86576,84.59689,92.13,0
Camo 录像 2026-01-27 03-51-24,75,2.5,66.213066,85.24068,95.27999999999997,0
Camo 录像 2026-01-27 03-51-24,76,2.533333333333333,66.55057,85.800644,97.62,0
Camo 录像 2026-01-27 03-51-24,77,2.566666666666667,66.94734,86.44168,101.39999999999998,0
Camo 录像 2026-01-27 03-51-24,78,2.6,67.26651,86.82527,105.16000000000003,0
Camo 录像 2026-01-27 03-51-24,79,2.6333333333333333,67.7744,87.603455,109.75,0
Camo 录像 2026-01-27 03-51-24,80,2.6666666666666665,68.21685,88.155716,113.30000000000001,0
Camo 录像 2026-01-27 03-51-24,81,2.7,68.7059,88.745636,115.48000000000002,0
Camo 录像 2026-01-27 03-51-24,82,2.7333333333333334,69.15248,89.17067,119.32999999999998,0
Camo 录像 2026-01-27 03-51-24,83,2.7666666666666666,69.58936,89.53932,122.19999999999999,0
Camo 录像 2026-01-27 03-51-24,84,2.8,70.06195,89.894455,124.13999999999999,0
Camo 录像 2026-01-27 03-51-24,85,2.8333333333333335,70.5358,90.21977,126.18,0
Camo 录像 2026-01-27 03-51-24,86,2.8666666666666667,71.16459,90.81406,128.73000000000002,0
Camo 录像 2026-01-27 03-51-24,87,2.9,71.583046,91.02429,129.51,0
Camo 录像 2026-01-27 03-51-24,88,2.933333333333333,72.1949,91.55812,130.18,0
Camo 录像 2026-01-27 03-51-24,89,2.966666666666667,72.70647,91.944214,131.07,0
Camo 录像 2026-01-27 03-51-24,90,3.0,73.17699,92.3336,131.95,0
Camo 录像 2026-01-27 03-51-24,91,3.033333333333333,73.65896,92.74432,131.22000000000003,0
Camo 录像 2026-01-27 03-51-24,92,3.066666666666667,74.05994,93.04759,131.53000000000003,0
Camo 录像 2026-01-27 03-51-24,93,3.1,74.53971,93.505585,130.31,0
Camo 录像 2026-01-27 03-51-24,94,3.1333333333333333,74.86146,93.73273,129.18,0
Camo 录像 2026-01-27 03-51-24,95,3.1666666666666665,75.29788,94.18616,127.85000000000002,0
Camo 录像 2026-01-27 03-51-24,96,3.2,75.744865,94.75461,126.19999999999999,0
Camo 录像 2026-01-27 03-51-24,97,3.2333333333333334,76.20165,95.44618,124.37,0
Camo 录像 2026-01-27 03-51-24,98,3.2666666666666666,76.39484,95.81299,121.57999999999998,0
Camo 录像 2026-01-27 03-51-24,99,3.3,76.519295,96.21297,118.54000000000002,0
Camo 录像 2026-01-27 03-51-24,100,3.3333333333333335,76.71296,96.7879,117.47000000000003,0
Camo 录像 2026-01-27 03-51-24,101,3.3666666666666667,77.00758,97.61394,113.30000000000001,0
Camo 录像 2026-01-27 03-51-24,102,3.4,76.80834,97.74861,109.57,0
Camo 录像 2026-01-27 03-51-24,103,3.433333333333333,76.791534,98.37619,106.14999999999998,0
Camo 录像 2026-01-27 03-51-24,104,3.466666666666667,76.80308,99.19159,105.24000000000001,0
Camo 录像 2026-01-27 03-51-24,105,3.5,76.68517,99.88959,101.51999999999998,0
Camo 录像 2026-01-27 03-51-24,106,3.533333333333333,76.51431,100.58508,94.64999999999998,0
Camo 录像 2026-01-27 03-51-24,107,3.566666666666667,76.321686,101.308,90.38999999999999,0
Camo 录像 2026-01-27 03-51-24,108,3.6,76.17218,102.19983,86.52999999999997,0
Camo 录像 2026-01-27 03-51-24,109,3.6333333333333333,75.861336,102.76926,82.63999999999999,0
Camo 录像 2026-01-27 03-51-24,110,3.6666666666666665,75.6686,103.617676,79.37,0
Camo 录像 2026-01-27 03-51-24,111,3.7,75.273315,104.03145,76.30000000000001,0
Camo 录像 2026-01-27 03-51-24,112,3.7333333333333334,75.10788,105.0307,73.19,0
Camo 录像 2026-01-27 03-51-24,113,3.7666666666666666,74.72778,105.61592,74.63999999999999,0
Camo 录像 2026-01-27 03-51-24,114,3.8,74.59505,106.77734,69.42000000000002,0
Camo 录像 2026-01-27 03-51-24,115,3.8333333333333335,73.93216,106.71533,65.37,0
Camo 录像 2026-01-27 03-51-24,116,3.8666666666666667,73.55387,107.381516,63.59,0
Camo 录像 2026-01-27 03-51-24,117,3.9,73.13421,107.89432,61.620000000000005,0
Camo 录像 2026-01-27 03-51-24,118,3.933333333333333,73.01557,109.20561,61.610000000000014,0
Camo 录像 2026-01-27 03-51-24,119,3.966666666666667,72.51201,109.15814,61.44,0
Camo 录像 2026-01-27 03-52-16,0,0.0,61.0,61.0,90.0,0
Camo 录像 2026-01-27 03-52-16,1,0.03333333333333333,61.00924,61.03211,89.76999999999998,0
Camo 录像 2026-01-27 03-52-16,2,0.06666666666666667,61.018475,61.064835,89.43,0
Camo 录像 2026-01-27 03-52-16,3,0.1,61.000153,61.123215,88.98000000000002,0
Camo 录像 2026-01-27 03-52-16,4,0.13333333333333333,60.9639,61.17029,88.62,0
Camo 录像 2026-01-27 03-52-16,5,0.16666666666666666,60.900173,61.217293,87.99000000000001,0
Camo 录像 2026-01-27 03-52-16,6,0.2,60.817844,61.26039,87.71000000000004,0
Camo 录像 2026-01-27 03-52-16,7,0.23333333333333334,60.682568,61.296562,86.64999999999998,0
Camo 录像 2026-01-27 03-52-16,8,0.26666666666666666,60.499363,61.34335,85.97000000000003,0
Camo 录像 2026-01-27 03-52-16,9,0.3,60.306004,61.341858,85.49000000000001,0
Camo 录像 2026-01-27 03-52-16,10,0.3333333333333333,60.071014,61.363094,84.46000000000004,0
Camo 录像 2026-01-27 03-52-16,11,0.36666666666666664,59.881317,61.325306,84.55000000000001,0
Camo 录像 2026-01-27 03-52-16,12,0.4,59.676933,61.25535,84.49000000000001,0
Camo 录像 2026-01-27 03-52-16,13,0.43333333333333335,59.46974,61.275845,84.84000000000003,0
Camo 录像 2026-01-27 03-52-16,14,0.4666666666666667,59.328995,61.2154,86.23000000000002,0
Camo 录像 2026-01-27 03-52-16,15,0.5,59.21352,61.14627,86.92000000000002,0
Camo 录像 2026-01-27 03-52-16,16,0.5333333333333333,59.149765,61.126152,88.99000000000001,0
Camo 录像 2026-01-27 03-52-16,17,0.5666666666666667,59.145535,61.056526,90.44,0
Camo 录像 2026-01-27 03-52-16,18,0.6,59.244766,60.994255,93.38999999999999,0
Camo 录像 2026-01-27 03-52-16,19,0.6333333333333333,59.40537,61.0408,95.92000000000002,0
Camo 录像 2026-01-27 03-52-16,20,0.6666666666666666,59.599876,61.123924,98.85000000000002,0
Camo 录像 2026-01-27 03-52-16,21,0.7,59.950565,61.268997,102.23000000000002,0
Camo 录像 2026-01-27 03-52-16,22,0.7333333333333333,60.394432,61.496258,105.92000000000002,0
Camo 录像 2026-01-27 03-52-16,23,0.7666666666666667,60.940247,61.776577,110.10000000000002,0
Camo 录像 2026-01-27 03-52-16,24,0.8,61.550602,62.074368,114.17000000000002,0
Camo 录像 2026-01-27 03-52-16,25,0.8333333333333334,62.15015,62.437237,118.00999999999999,0
Camo 录像 2026-01-27 03-52-16,26,0.8666666666666667,62.859276,62.725185,121.74000000000001,0
Camo 录像 2026-01-27 03-52-16,27,0.9,63.505676,63.0402,125.28999999999996,0
Camo 录像 2026-01-27 03-52-16,28,0.9333333333333333,64.18158,63.30962,127.80000000000001,0
Camo 录像 2026-01-27 03-52-16,29,0.9666666666666667,64.79869,63.615517,130.36,0
Camo 录像 2026-01-27 03-52-16,30,1.0,65.490654,63.86856,131.02999999999997,0
Camo 录像 2026-01-27 03-52-16,31,1.0333333333333334,66.106865,64.15451,131.72000000000003,0
Camo 录像 2026-01-27 03-52-16,32,1.0666666666666667,66.675865,64.439255,132.03999999999996,0
Camo 录像 2026-01-27 03-52-16,33,1.1,67.233215,64.6858,131.94,0
Camo 录像 2026-01-27 03-52-16,34,1.1333333333333333,67.74994,64.930695,131.68,0
Camo 录像 2026-01-27 03-52-16,35,1.1666666666666667,68.25302,65.17174,131.68,0
Camo 录像 2026-01-27 03-52-16,36,1.2,68.616455,65.44853,130.33000000000004,0
Camo 录像 2026-01-27 03-52-16,37,1.2333333333333334,69.05927,65.7612,128.71000000000004,0
Camo 录像 2026-01-27 03-52-16,38,1.2666666666666666,69.40295,66.11981,126.80000000000001,0
Camo 录像 2026-01-27 03-52-16,39,1.3,69.637024,66.49894,124.31,0
Camo 录像 2026-01-27 03-52-16,40,1.3333333333333333,69.933464,66.92046,121.69999999999999,0
Camo 录像 2026-01-27 03-52-16,41,1.3666666666666667,70.08895,67.35126,118.89999999999998,0
Camo 录像 2026-01-27 03-52-16,42,1.4,70.22634,67.82516,116.02999999999997,0
Camo 录像 2026-01-27 03-52-16,43,1.4333333333333333,70.4552,68.36364,112.48000000000002,0
Camo 录像 2026-01-27 03-52-16,44,1.4666666666666666,70.45463,68.92447,108.17000000000002,0
Camo 录像 2026-01-27 03-52-16,45,1.5,70.543526,69.50823,104.57,0
Camo 录像 2026-01-27 03-52-16,46,1.5333333333333334,70.51411,70.13212,101.32999999999998,0
Camo 录像 2026-01-27 03-52-16,47,1.5666666666666667,70.43465,70.76665,97.57999999999998,0
Camo 录像 2026-01-27 03-52-16,48,1.6,70.27625,71.40214,93.35000000000002,0
Camo 录像 2026-01-27 03-52-16,49,1.6333333333333333,70.11596,72.027336,89.22000000000003,0
Camo 录像 2026-01-27 03-52-16,50,1.6666666666666667,69.98194,72.66677,85.67000000000002,0
Camo 录像 2026-01-27 03-52-16,51,1.7,69.79103,73.275536,82.16000000000003,0
Camo 录像 2026-01-27 03-52-16,52,1.7333333333333334,69.52426,73.85414,78.80000000000001,0
Camo 录像 2026-01-27 03-52-16,53,1.7666666666666666,69.23311,74.40879,76.16000000000003,0
Camo 录像 2026-01-27 03-52-16,54,1.8,68.923134,74.95687,72.84,0
Camo 录像 2026-01-27 03-52-16,55,1.8333333333333333,68.62999,75.49763,69.88999999999999,0
Camo 录像 2026-01-27 03-52-16,56,1.8666666666666667,68.28681,76.01415,67.5,0
Camo 录像 2026-01-27 03-52-16,57,1.9,67.92054,76.49919,66.05000000000001,0
Camo 录像 2026-01-27 03-52-16,58,1.9333333333333333,67.63943,77.037674,64.32,0
Camo 录像 2026-01-27 03-52-16,59,1.9666666666666666,67.2556,77.49296,62.900000000000006,0
Camo 录像 2026-01-27 03-52-16,60,2.0,66.92984,77.970245,61.900000000000006,0
Camo 录像 2026-01-27 03-52-16,61,2.033333333333333,66.57452,78.41256,61.25,0
Camo 录像 2026-01-27 03-52-16,62,2.066666666666667,66.23154,78.87257,61.29000000000002,0
Camo 录像 2026-01-27 03-52-16,63,2.1,65.911316,79.33304,61.46000000000001,0
Camo 录像 2026-01-27 03-52-16,64,2.1333333333333333,65.57925,79.76163,61.99000000000001,0
Camo 录像 2026-01-27 03-52-16,65,2.1666666666666665,65.24505,80.121895,61.94999999999999,0
Camo 录像 2026-01-27 03-52-16,66,2.2,64.957825,80.575134,64.25999999999999,0
Camo 录像 2026-01-27 03-52-16,67,2.2333333333333334,64.80846,81.0911,65.24000000000001,0
Camo 录像 2026-01-27 03-52-16,68,2.2666666666666666,64.675385,81.559494,67.07,0
Camo 录像 2026-01-27 03-52-16,69,2.3,64.49716,81.89397,69.30000000000001,0
Camo 录像 2026-01-27 03-52-16,70,2.3333333333333335,64.53011,82.436874,72.13999999999999,0
Camo 录像 2026-01-27 03-52-16,71,2.3666666666666667,64.53453,82.902824,75.93,0
Camo 录像 2026-01-27 03-52-16,72,2.4,64.56045,83.35974,78.86000000000001,0
Camo 录像 2026-01-27 03-52-16,73,2.433333333333333,64.67114,83.82515,79.98000000000002,0
Camo 录像 2026-01-27 03-52-16,74,2.466666666666667,64.8984,84.458916,83.62,0
Camo 录像 2026-01-27 03-52-16,75,2.5,65.094574,84.93752,88.50999999999999,0
Camo 录像 2026-01-27 03-52-16,76,2.533333333333333,65.34488,85.46271,92.41000000000003,0
Camo 录像 2026-01-27 03-52-16,77,2.566666666666667,65.647644,86.03767,94.60000000000002,0
Camo 录像 2026-01-27 03-52-16,78,2.6,66.03923,86.79159,98.85000000000002,0
Camo 录像 2026-01-27 03-52-16,79,2.6333333333333333,66.3824,87.34698,103.82999999999998,0
Camo 录像 2026-01-27 03-52-16,80,2.6666666666666665,66.72662,87.8736,106.82,0
Camo 录像 2026-01-27 03-52-16,81,2.7,67.14696,88.539215,109.94999999999999,0
Camo 录像 2026-01-27 03-52-16,82,2.7333333333333334,67.43726,88.90409,112.26999999999998,0
Camo 录像 2026-01-27 03-52-16,83,2.7666666666666666,67.883,89.54438,116.57,0
Camo 录像 2026-01-27 03-52-16,84,2.8,68.17631,89.80676,118.50999999999999,0
Camo 录像 2026-01-27 03-52-16,85,2.8333333333333335,68.73777,90.519936,121.22000000000003,0
Camo 录像 2026-01-27 03-52-16,86,2.8666666666666667,69.06914,90.709946,123.96000000000004,0
Camo 录像 2026-01-27 03-52-16,87,2.9,69.6065,91.21319,126.07,0
Camo 录像 2026-01-27 03-52-16,88,2.933333333333333,70.18562,91.758705,127.70000000000005,0
Camo 录像 2026-01-27 03-52-16,89,2.966666666666667,70.66861,92.11985,128.78999999999996,0
Camo 录像 2026-01-27 03-52-16,90,3.0,71.19804,92.5019,129.78999999999996,0
Camo 录像 2026-01-27 03-52-16,91,3.033333333333333,71.57798,92.678894,130.37,0
Camo 录像 2026-01-27 03-52-16,92,3.066666666666667,72.13469,93.223885,129.35000000000002,0
Camo 录像 2026-01-27 03-52-16,93,3.1,72.62122,93.63427,129.64,0
Camo 录像 2026-01-27 03-52-16,94,3.1333333333333333,73.04257,93.964355,128.61,0
Camo 录像 2026-01-27 03-52-16,95,3.1666666666666665,73.39105,94.22126,127.74000000000001,0
Camo 录像 2026-01-27 03-52-16,96,3.2,73.83031,94.68112,127.01999999999998,0
Camo 录像 2026-01-27 03-52-16,97,3.2333333333333334,74.14678,95.01183,124.94,0
Camo 录像 2026-01-27 03-52-16,98,3.2666666666666666,74.448944,95.48726,123.59000000000003,0
Camo 录像 2026-01-27 03-52-16,99,3.3,74.71469,95.94741,122.46000000000004,0
Camo 录像 2026-01-27 03-52-16,100,3.3333333333333335,74.94753,96.491196,119.61000000000001,0
Camo 录像 2026-01-27 03-52-16,101,3.3666666666666667,75.04796,96.93568,114.84000000000003,0
Camo 录像 2026-01-27 03-52-16,102,3.4,75.12486,97.36326,112.0,0
Camo 录像 2026-01-27 03-52-16,103,3.433333333333333,75.24865,98.036224,111.31,0
Camo 录像 2026-01-27 03-52-16,104,3.466666666666667,75.26216,98.68243,107.88999999999999,0
Camo 录像 2026-01-27 03-52-16,105,3.5,75.32729,99.54341,101.60000000000002,0
Camo 录像 2026-01-27 03-52-16,106,3.533333333333333,75.07463,99.99797,98.48000000000002,0
Camo 录像 2026-01-27 03-52-16,107,3.566666666666667,74.89453,100.649956,97.38,0
Camo 录像 2026-01-27 03-52-16,108,3.6,74.65598,101.23675,90.25,0
Camo 录像 2026-01-27 03-52-16,109,3.6333333333333333,74.60127,102.23909,86.34000000000003,0
Camo 录像 2026-01-27 03-52-16,110,3.6666666666666665,74.30534,102.75143,82.54000000000002,0
Camo 录像 2026-01-27 03-52-16,111,3.7,74.10819,103.49634,83.04000000000002,0
Camo 录像 2026-01-27 03-52-16,112,3.7333333333333334,73.87087,104.19085,79.75,0
Camo 录像 2026-01-27 03-52-16,113,3.7666666666666666,73.563515,104.79019,72.31,0
Camo 录像 2026-01-27 03-52-16,114,3.8,73.18444,105.232735,69.79000000000002,0
Camo 录像 2026-01-27 03-52-16,115,3.8333333333333335,72.840866,105.7903,67.11000000000001,0
Camo 录像 2026-01-27 03-52-16,116,3.8666666666666667,72.4625,106.39324,69.53,0
Camo 录像 2026-01-27 03-52-16,117,3.9,72.150536,107.13562,62.85000000000002,0
Camo 录像 2026-01-27 03-52-16,118,3.933333333333333,71.80175,107.82088,60.81,0
Camo 录像 2026-01-27 03-52-16,119,3.966666666666667,71.34526,108.26324,59.370000000000005,0
Camo 录像 2026-01-27 03-53-10,0,0.0,61.0,61.0,90.0,0
Camo 录像 2026-01-27 03-53-10,1,0.03333333333333333,60.99862,61.00575,89.87,0
Camo 录像 2026-01-27 03-53-10,2,0.06666666666666667,61.00413,61.012394,89.69999999999999,0
Camo 录像 2026-01-27 03-53-10,3,0.1,60.995445,61.018066,89.82999999999998,0
Camo 录像 2026-01-27 03-53-10,4,0.13333333333333333,60.940483,61.047863,89.40999999999997,0
Camo 录像 2026-01-27 03-53-10,5,0.16666666666666666,60.862453,61.065994,88.5,0
Camo 录像 2026-01-27 03-53-10,6,0.2,60.74397,61.08556,88.11000000000001,0
Camo 录像 2026-01-27 03-53-10,7,0.23333333333333334,60.742825,61.087193,88.10000000000002,0
Camo 录像 2026-01-27 03-53-10,8,0.26666666666666666,60.367603,61.104404,86.76999999999998,0
Camo 录像 2026-01-27 03-53-10,9,0.3,60.120747,61.10267,85.73000000000002,0
Camo 录像 2026-01-27 03-53-10,10,0.3333333333333333,59.89432,61.06471,85.27999999999997,0
Camo 录像 2026-01-27 03-53-10,11,0.36666666666666664,59.6841,61.005817,85.48000000000002,0
Camo 录像 2026-01-27 03-53-10,12,0.4,59.477356,60.950974,85.48000000000002,0
Camo 录像 2026-01-27 03-53-10,13,0.43333333333333335,59.31513,60.887432,86.51999999999998,0
Camo 录像 2026-01-27 03-53-10,14,0.4666666666666667,59.18677,60.82239,87.54000000000002,0
Camo 录像 2026-01-27 03-53-10,15,0.5,59.127422,60.73357,89.19999999999999,0
Camo 录像 2026-01-27 03-53-10,16,0.5333333333333333,59.11071,60.682655,90.79000000000002,0
Camo 录像 2026-01-27 03-53-10,17,0.5666666666666667,59.17805,60.61882,93.44999999999999,0
Camo 录像 2026-01-27 03-53-10,18,0.6,59.32325,60.617752,96.67000000000002,0
Camo 录像 2026-01-27 03-53-10,19,0.6333333333333333,59.472492,60.697517,99.35000000000002,0
Camo 录像 2026-01-27 03-53-10,20,0.6666666666666666,59.79453,60.817677,102.72000000000003,0
Camo 录像 2026-01-27 03-53-10,21,0.7,60.19506,61.057327,106.63999999999999,0
Camo 录像 2026-01-27 03-53-10,22,0.7333333333333333,60.7255,61.309044,110.63999999999999,0
Camo 录像 2026-01-27 03-53-10,23,0.7666666666666667,61.314682,61.626446,114.71000000000004,0
Camo 录像 2026-01-27 03-53-10,24,0.8,61.944416,61.920406,118.69999999999999,0
Camo 录像 2026-01-27 03-53-10,25,0.8333333333333334,62.621338,62.21395,122.10000000000002,0
Camo 录像 2026-01-27 03-53-10,26,0.8666666666666667,63.286537,62.498642,125.69999999999999,0
Camo 录像 2026-01-27 03-53-10,27,0.9,63.944237,62.77236,128.33000000000004,0
Camo 录像 2026-01-27 03-53-10,28,0.9333333333333333,64.579666,63.043602,130.35000000000002,0
Camo 录像 2026-01-27 03-53-10,29,0.9666666666666667,65.20526,63.298904,132.05,0
Camo 录像 2026-01-27 03-53-10,30,1.0,65.7614,63.570175,133.10000000000002,0
Camo 录像 2026-01-27 03-53-10,31,1.0333333333333334,66.27341,63.855732,133.52999999999997,0
Camo 录像 2026-01-27 03-53-10,32,1.0666666666666667,66.84026,64.089874,133.2,0
Camo 录像 2026-01-27 03-53-10,33,1.1,67.34843,64.3302,132.8,0
Camo 录像 2026-01-27 03-53-10,34,1.1333333333333333,67.78579,64.56734,132.01999999999998,0
Camo 录像 2026-01-27 03-53-10,35,1.1666666666666667,68.28045,64.817345,131.49,0
Camo 录像 2026-01-27 03-53-10,36,1.2,68.66352,65.12666,130.08000000000004,0
Camo 录像 2026-01-27 03-53-10,37,1.2333333333333334,68.70976,65.12694,129.90999999999997,0
Camo 录像 2026-01-27 03-53-10,38,1.2666666666666666,69.4075,65.83772,125.39999999999998,0
Camo 录像 2026-01-27 03-53-10,39,1.3,69.66169,66.24278,122.78999999999996,0
Camo 录像 2026-01-27 03-53-10,40,1.3333333333333333,69.8996,66.66646,120.15999999999997,0
Camo 录像 2026-01-27 03-53-10,41,1.3666666666666667,70.05505,67.115036,117.12,0
Camo 录像 2026-01-27 03-53-10,42,1.4,70.16854,67.620605,113.87,0
Camo 录像 2026-01-27 03-53-10,43,1.4333333333333333,70.15223,68.174805,110.44999999999999,0
Camo 录像 2026-01-27 03-53-10,44,1.4666666666666666,70.241,68.75932,106.57,0
Camo 录像 2026-01-27 03-53-10,45,1.5,70.10907,69.36627,103.13,0
Camo 录像 2026-01-27 03-53-10,46,1.5333333333333334,70.053505,70.015305,99.22000000000003,0
Camo 录像 2026-01-27 03-53-10,47,1.5666666666666667,69.92864,70.67386,95.26999999999998,0
Camo 录像 2026-01-27 03-53-10,48,1.6,69.825424,71.32979,90.89999999999998,0
Camo 录像 2026-01-27 03-53-10,49,1.6333333333333333,69.67975,71.970276,87.11000000000001,0
Camo 录像 2026-01-27 03-53-10,50,1.6666666666666667,69.474846,72.560165,84.13,0
Camo 录像 2026-01-27 03-53-10,51,1.7,69.21969,73.12892,80.50999999999999,0
Camo 录像 2026-01-27 03-53-10,52,1.7333333333333334,69.01341,73.70494,78.07999999999998,0
Camo 录像 2026-01-27 03-53-10,53,1.7666666666666666,68.86598,74.308334,74.23000000000002,0
Camo 录像 2026-01-27 03-53-10,54,1.8,68.52062,74.800125,71.49000000000001,0
Camo 录像 2026-01-27 03-53-10,55,1.8333333333333333,68.15801,75.265945,69.26999999999998,0
Camo 录像 2026-01-27 03-53-10,56,1.8666666666666667,67.94663,75.85823,67.04000000000002,0
Camo 录像 2026-01-27 03-53-10,57,1.9,67.57613,76.32866,65.55000000000001,0
Camo 录像 2026-01-27 03-53-10,58,1.9333333333333333,67.238014,76.79358,64.32,0
Camo 录像 2026-01-27 03-53-10,59,1.9666666666666666,66.8031,77.185776,62.639999999999986,0
Camo 录像 2026-01-27 03-53-10,60,2.0,66.49784,77.664474,62.04000000000002,0
Camo 录像 2026-01-27 03-53-10,61,2.033333333333333,66.17032,78.12729,62.19999999999999,0
Camo 录像 2026-01-27 03-53-10,62,2.066666666666667,65.87014,78.62694,62.329999999999984,0
Camo 录像 2026-01-27 03-53-10,63,2.1,65.56578,79.074036,62.72,0
Camo 录像 2026-01-27 03-53-10,64,2.1333333333333333,65.266945,79.48047,63.96000000000001,0
Camo 录像 2026-01-27 03-53-10,65,2.1666666666666665,64.95836,79.8802,64.43,0
Camo 录像 2026-01-27 03-53-10,66,2.2,64.72164,80.28621,65.44,0
Camo 录像 2026-01-27 03-53-10,67,2.2333333333333334,64.720245,80.29495,66.34,0
Camo 录像 2026-01-27 03-53-10,68,2.2666666666666666,64.49107,81.21947,70.56,0
Camo 录像 2026-01-27 03-53-10,69,2.3,64.45669,81.6331,73.42000000000002,0
Camo 录像 2026-01-27 03-53-10,70,2.3333333333333335,64.53139,82.12845,75.22,0
Camo 录像 2026-01-27 03-53-10,71,2.3666666666666667,64.5548,82.51511,77.71000000000004,0
Camo 录像 2026-01-27 03-53-10,72,2.4,64.71227,83.054565,81.50999999999999,0
Camo 录像 2026-01-27 03-53-10,73,2.433333333333333,64.88456,83.48099,85.15999999999997,0
Camo 录像 2026-01-27 03-53-10,74,2.466666666666667,65.10239,83.94098,87.73000000000002,0
Camo 录像 2026-01-27 03-53-10,75,2.5,65.45765,84.61032,91.34000000000003,0
Camo 录像 2026-01-27 03-53-10,76,2.533333333333333,65.78793,85.19913,95.14999999999998,0
Camo 录像 2026-01-27 03-53-10,77,2.566666666666667,66.04476,85.67784,100.24000000000001,0
Camo 录像 2026-01-27 03-53-10,78,2.6,66.387436,86.20999,103.25,0
Camo 录像 2026-01-27 03-53-10,79,2.6333333333333333,66.79001,86.83888,107.37,0
Camo 录像 2026-01-27 03-53-10,80,2.6666666666666665,67.181725,87.41722,110.29000000000002,0
Camo 录像 2026-01-27 03-53-10,81,2.7,67.54233,87.84209,112.74000000000001,0
Camo 录像 2026-01-27 03-53-10,82,2.7333333333333334,68.01082,88.42189,116.46000000000004,0
Camo 录像 2026-01-27 03-53-10,83,2.7666666666666666,68.41003,88.80522,119.32,0
Camo 录像 2026-01-27 03-53-10,84,2.8,68.85438,89.21066,122.09000000000003,0
Camo 录像 2026-01-27 03-53-10,85,2.8333333333333335,69.355194,89.64653,124.43,0
Camo 录像 2026-01-27 03-53-10,86,2.8666666666666667,69.83274,89.97183,126.89999999999998,0
Camo 录像 2026-01-27 03-53-10,87,2.9,70.31942,90.32391,128.77999999999997,0
Camo 录像 2026-01-27 03-53-10,88,2.933333333333333,70.805435,90.67302,130.63,0
Camo 录像 2026-01-27 03-53-10,89,2.966666666666667,71.28801,90.97075,130.17000000000002,0
Camo 录像 2026-01-27 03-53-10,90,3.0,71.795715,91.37387,131.48000000000002,0
Camo 录像 2026-01-27 03-53-10,91,3.033333333333333,72.27339,91.81648,131.12,0
Camo 录像 2026-01-27 03-53-10,92,3.066666666666667,72.67629,92.132706,130.64999999999998,0
Camo 录像 2026-01-27 03-53-10,93,3.1,73.17011,92.6109,130.27999999999997,0
Camo 录像 2026-01-27 03-53-10,94,3.1333333333333333,73.449646,92.81653,130.0,0
Camo 录像 2026-01-27 03-53-10,95,3.1666666666666665,73.98961,93.400116,128.27999999999997,0
Camo 录像 2026-01-27 03-53-10,96,3.2,74.14704,93.518295,127.24000000000001,0
Camo 录像 2026-01-27 03-53-10,97,3.2333333333333334,74.15021,93.52339,127.10000000000002,0
Camo 录像 2026-01-27 03-53-10,98,3.2666666666666666,74.81498,94.50493,122.29000000000002,0
Camo 录像 2026-01-27 03-53-10,99,3.3,74.96753,94.87895,119.61000000000001,0
Camo 录像 2026-01-27 03-53-10,100,3.3333333333333335,75.18706,95.453415,118.63999999999999,0
Camo 录像 2026-01-27 03-53-10,101,3.3666666666666667,75.35366,95.96083,113.85000000000002,0
Camo 录像 2026-01-27 03-53-10,102,3.4,75.49571,96.533554,113.39999999999998,0
Camo 录像 2026-01-27 03-53-10,103,3.433333333333333,75.47288,96.983765,108.21000000000004,0
Camo 录像 2026-01-27 03-53-10,104,3.466666666666667,75.44189,97.567,104.02999999999997,0
Camo 录像 2026-01-27 03-53-10,105,3.5,75.469986,98.37323,103.13999999999999,0
Camo 录像 2026-01-27 03-53-10,106,3.533333333333333,75.3379,99.028015,99.97000000000003,0
Camo 录像 2026-01-27 03-53-10,107,3.566666666666667,75.13503,99.59328,92.36000000000001,0
Camo 录像 2026-01-27 03-53-10,108,3.6,75.16988,100.68852,91.99000000000001,0
Camo 录像 2026-01-27 03-53-10,109,3.6333333333333333,75.061134,101.552444,87.12,0
Camo 录像 2026-01-27 03-53-10,110,3.6666666666666665,74.70937,101.94975,81.09000000000003,0
Camo 录像 2026-01-27 03-53-10,111,3.7,74.39441,102.471054,78.13999999999999,0
Camo 录像 2026-01-27 03-53-10,112,3.7333333333333334,74.131004,103.09656,75.09,0
Camo 录像 2026-01-27 03-53-10,113,3.7666666666666666,74.0496,104.15021,71.38,0
Camo 录像 2026-01-27 03-53-10,114,3.8,73.537346,104.3495,69.25999999999999,0
Camo 录像 2026-01-27 03-53-10,115,3.8333333333333335,73.18341,104.91641,66.57,0
Camo 录像 2026-01-27 03-53-10,116,3.8666666666666667,72.85893,105.57301,64.63,0
Camo 录像 2026-01-27 03-53-10,117,3.9,72.65718,106.57242,66.13999999999999,0
Camo 录像 2026-01-27 03-53-10,118,3.933333333333333,72.05852,106.57019,61.47,0
Camo 录像 2026-01-27 03-53-10,119,3.966666666666667,71.68399,107.11812,60.44,0
Camo 录像 2026-01-27 03-54-04,0,0.0,61.0,61.0,90.0,0
Camo 录像 2026-01-27 03-54-04,1,0.03333333333333333,60.98916,61.03396,89.42000000000002,0
Camo 录像 2026-01-27 03-54-04,2,0.06666666666666667,60.949448,61.089645,89.36000000000001,0
Camo 录像 2026-01-27 03-54-04,3,0.1,60.85578,61.135612,88.43,0
Camo 录像 2026-01-27 03-54-04,4,0.13333333333333333,60.760334,61.15737,87.69999999999999,0
Camo 录像 2026-01-27 03-54-04,5,0.16666666666666666,60.625767,61.181297,87.26999999999998,0
Camo 录像 2026-01-27 03-54-04,6,0.2,60.44079,61.218185,86.67000000000002,0
Camo 录像 2026-01-27 03-54-04,7,0.23333333333333334,60.224854,61.22387,85.84000000000003,0
Camo 录像 2026-01-27 03-54-04,8,0.26666666666666666,59.99176,61.212288,84.95999999999998,0
Camo 录像 2026-01-27 03-54-04,9,0.3,59.769238,61.204933,84.97000000000003,0
Camo 录像 2026-01-27 03-54-04,10,0.3333333333333333,59.559155,61.15705,84.35000000000002,0
Camo 录像 2026-01-27 03-54-04,11,0.36666666666666664,59.366596,61.119537,84.48000000000002,0
Camo 录像 2026-01-27 03-54-04,12,0.4,59.178936,61.11615,84.84000000000003,0
Camo 录像 2026-01-27 03-54-04,13,0.43333333333333335,59.06284,61.049686,85.77999999999997,0
Camo 录像 2026-01-27 03-54-04,14,0.4666666666666667,58.991608,60.954975,87.57,0
Camo 录像 2026-01-27 03-54-04,15,0.5,58.950493,60.934578,89.87,0
Camo 录像 2026-01-27 03-54-04,16,0.5333333333333333,58.967964,60.88134,91.59000000000003,0
Camo 录像 2026-01-27 03-54-04,17,0.5666666666666667,59.093872,60.87194,94.53999999999996,0
Camo 录像 2026-01-27 03-54-04,18,0.6,59.21995,60.93789,97.11000000000001,0
Camo 录像 2026-01-27 03-54-04,19,0.6333333333333333,59.486855,61.052853,100.62,0
Camo 录像 2026-01-27 03-54-04,20,0.6666666666666666,59.845264,61.30701,103.75999999999999,0
Camo 录像 2026-01-27 03-54-04,21,0.7,60.328304,61.60489,108.09000000000003,0
Camo 录像 2026-01-27 03-54-04,22,0.7333333333333333,60.90822,61.902454,112.13999999999999,0
Camo 录像 2026-01-27 03-54-04,23,0.7666666666666667,61.543327,62.200817,116.44999999999999,0
Camo 录像 2026-01-27 03-54-04,24,0.8,62.19035,62.538864,120.17000000000002,0
Camo 录像 2026-01-27 03-54-04,25,0.8333333333333334,62.83692,62.874153,123.85000000000002,0
Camo 录像 2026-01-27 03-54-04,26,0.8666666666666667,63.477776,63.19602,126.89999999999998,0
Camo 录像 2026-01-27 03-54-04,27,0.9,64.1698,63.463867,129.01999999999998,0
Camo 录像 2026-01-27 03-54-04,28,0.9333333333333333,64.812904,63.756866,130.48000000000002,0
Camo 录像 2026-01-27 03-54-04,29,0.9666666666666667,65.42305,64.02832,131.79000000000002,0
Camo 录像 2026-01-27 03-54-04,30,1.0,65.972626,64.32594,131.73000000000002,0
Camo 录像 2026-01-27 03-54-04,31,1.0333333333333334,66.50681,64.59056,131.95,0
Camo 录像 2026-01-27 03-54-04,32,1.0666666666666667,67.02502,64.84865,131.82999999999998,0
Camo 录像 2026-01-27 03-54-04,33,1.1,67.493805,65.079346,131.24,0
Camo 录像 2026-01-27 03-54-04,34,1.1333333333333333,67.95677,65.3376,130.67000000000002,0
Camo 录像 2026-01-27 03-54-04,35,1.1666666666666667,68.29913,65.64838,129.62,0
Camo 录像 2026-01-27 03-54-04,36,1.2,68.72633,65.97943,127.69,0
Camo 录像 2026-01-27 03-54-04,37,1.2333333333333334,69.03477,66.348404,125.19999999999999,0
Camo 录像 2026-01-27 03-54-04,38,1.2666666666666666,69.287384,66.736176,123.07,0
Camo 录像 2026-01-27 03-54-04,39,1.3,69.52278,67.17551,119.90999999999997,0
Camo 录像 2026-01-27 03-54-04,40,1.3333333333333333,69.68497,67.62904,117.0,0
Camo 录像 2026-01-27 03-54-04,41,1.3666666666666667,69.758484,68.14453,113.90999999999997,0
Camo 录像 2026-01-27 03-54-04,42,1.4,69.786736,68.68225,110.27999999999997,0
Camo 录像 2026-01-27 03-54-04,43,1.4333333333333333,69.73634,69.22792,106.38999999999999,0
Camo 录像 2026-01-27 03-54-04,44,1.4666666666666666,69.75983,69.84903,102.77999999999997,0
Camo 录像 2026-01-27 03-54-04,45,1.5,69.68877,70.48062,98.84000000000003,0
Camo 录像 2026-01-27 03-54-04,46,1.5333333333333334,69.57517,71.11067,94.60000000000002,0
Camo 录像 2026-01-27 03-54-04,47,1.5666666666666667,69.464874,71.78575,91.23000000000002,0
Camo 录像 2026-01-27 03-54-04,48,1.6,69.28816,72.40779,87.52999999999997,0
Camo 录像 2026-01-27 03-54-04,49,1.6333333333333333,69.14341,73.040115,83.39999999999998,0
Camo 录像 2026-01-27 03-54-04,50,1.6666666666666667,68.90364,73.62868,80.13999999999999,0
Camo 录像 2026-01-27 03-54-04,51,1.7,68.6593,74.20473,77.01999999999998,0
Camo 录像 2026-01-27 03-54-04,52,1.7333333333333334,68.418465,74.76518,73.89999999999998,0
Camo 录像 2026-01-27 03-54-04,53,1.7666666666666666,68.084236,75.28247,71.32999999999998,0
Camo 录像 2026-01-27 03-54-04,54,1.8,67.738686,75.76616,68.81,0
Camo 录像 2026-01-27 03-54-04,55,1.8333333333333333,67.42289,76.311646,66.28999999999999,0
Camo 录像 2026-01-27 03-54-04,56,1.8666666666666667,66.96706,76.72011,64.13999999999999,0
Camo 录像 2026-01-27 03-54-04,57,1.9,66.608025,77.209564,63.44999999999999,0
Camo 录像 2026-01-27 03-54-04,58,1.9333333333333333,66.22417,77.652145,61.849999999999994,0
Camo 录像 2026-01-27 03-54-04,59,1.9666666666666666,65.87865,78.13623,61.31,0
Camo 录像 2026-01-27 03-54-04,60,2.0,65.532455,78.62732,61.05000000000001,0
Camo 录像 2026-01-27 03-54-04,61,2.033333333333333,65.14455,79.024414,60.420000000000016,0
Camo 录像 2026-01-27 03-54-04,62,2.066666666666667,64.7988,79.50647,61.98000000000002,0
Camo 录像 2026-01-27 03-54-04,63,2.1,64.48378,79.9828,62.45999999999998,0
Camo 录像 2026-01-27 03-54-04,64,2.1333333333333333,64.16541,80.42186,62.81999999999999,0
Camo 录像 2026-01-27 03-54-04,65,2.1666666666666665,63.85624,80.85515,64.69999999999999,0
Camo 录像 2026-01-27 03-54-04,66,2.2,63.65577,81.28934,66.74000000000001,0
Camo 录像 2026-01-27 03-54-04,67,2.2333333333333334,63.530228,81.80754,67.94,0
Camo 录像 2026-01-27 03-54-04,68,2.2666666666666666,63.456493,82.28589,71.20999999999998,0
Camo 录像 2026-01-27 03-54-04,69,2.3,63.42957,82.64238,73.36000000000001,0
Camo 录像 2026-01-27 03-54-04,70,2.3333333333333335,63.47551,83.14551,76.64999999999998,0
Camo 录像 2026-01-27 03-54-04,71,2.3666666666666667,63.546104,83.5571,79.55000000000001,0
Camo 录像 2026-01-27 03-54-04,72,2.4,63.72277,84.054504,82.53999999999996,0
Camo 录像 2026-01-27 03-54-04,73,2.433333333333333,63.965034,84.62186,85.98000000000002,0
Camo 录像 2026-01-27 03-54-04,74,2.466666666666667,64.23952,85.15274,89.80000000000001,0
Camo 录像 2026-01-27 03-54-04,75,2.5,64.523094,85.580414,92.49000000000001,0
Camo 录像 2026-01-27 03-54-04,76,2.533333333333333,64.9402,86.37741,96.88,0
Camo 录像 2026-01-27 03-54-04,77,2.566666666666667,65.30795,86.95346,100.36000000000001,0
Camo 录像 2026-01-27 03-54-04,78,2.6,65.66988,87.49698,105.15999999999997,0
Camo 录像 2026-01-27 03-54-04,79,2.6333333333333333,66.116035,88.16737,108.06,0
Camo 录像 2026-01-27 03-54-04,80,2.6666666666666665,66.45714,88.53961,111.31,0
Camo 录像 2026-01-27 03-54-04,81,2.7,66.87492,89.08646,114.5,0
Camo 录像 2026-01-27 03-54-04,82,2.7333333333333334,67.394905,89.7594,117.49000000000001,0
Camo 录像 2026-01-27 03-54-04,83,2.7666666666666666,67.78463,90.09096,119.98000000000002,0
Camo 录像 2026-01-27 03-54-04,84,2.8,68.28316,90.59483,122.15999999999997,0
Camo 录像 2026-01-27 03-54-04,85,2.8333333333333335,68.742805,90.93559,124.69999999999999,0
Camo 录像 2026-01-27 03-54-04,86,2.8666666666666667,69.15188,91.16327,126.82999999999998,0
Camo 录像 2026-01-27 03-54-04,87,2.9,69.70436,91.698044,127.44,0
Camo 录像 2026-01-27 03-54-04,88,2.933333333333333,70.1935,92.02443,129.21999999999997,0
Camo 录像 2026-01-27 03-54-04,89,2.966666666666667,70.73817,92.50595,129.89,0
Camo 录像 2026-01-27 03-54-04,90,3.0,71.1727,92.896164,129.95999999999998,0
Camo 录像 2026-01-27 03-54-04,91,3.033333333333333,71.5034,93.106094,130.14,0
Camo 录像 2026-01-27 03-54-04,92,3.066666666666667,71.98531,93.59529,129.91000000000003,0
Camo 录像 2026-01-27 03-54-04,93,3.1,72.34449,93.876495,127.76999999999998,0
Camo 录像 2026-01-27 03-54-04,94,3.1333333333333333,72.63634,94.090164,127.06,0
Camo 录像 2026-01-27 03-54-04,95,3.1666666666666665,72.99938,94.49611,125.64999999999998,0
Camo 录像 2026-01-27 03-54-04,96,3.2,73.41253,95.107666,124.92000000000002,0
Camo 录像 2026-01-27 03-54-04,97,3.2333333333333334,73.70068,95.59926,122.73000000000002,0
Camo 录像 2026-01-27 03-54-04,98,3.2666666666666666,73.84812,95.942154,118.98000000000002,0
Camo 录像 2026-01-27 03-54-04,99,3.3,74.0876,96.62839,117.69,0
Camo 录像 2026-01-27 03-54-04,100,3.3333333333333335,74.284996,97.2652,113.07999999999998,0
Camo 录像 2026-01-27 03-54-04,101,3.3666666666666667,74.19018,97.45502,110.15999999999997,0
Camo 录像 2026-01-27 03-54-04,102,3.4,74.36358,98.26506,107.25999999999999,0
Camo 录像 2026-01-27 03-54-04,103,3.433333333333333,74.24492,98.71301,105.34000000000003,0
Camo 录像 2026-01-27 03-54-04,104,3.466666666666667,74.11223,99.240585,99.93,0
Camo 录像 2026-01-27 03-54-04,105,3.5,74.07279,100.08301,96.49000000000001,0
Camo 录像 2026-01-27 03-54-04,106,3.533333333333333,73.950066,100.80899,94.93,0
Camo 录像 2026-01-27 03-54-04,107,3.566666666666667,73.69579,101.345215,91.62,0
Camo 录像 2026-01-27 03-54-04,108,3.6,73.66534,102.409805,83.97000000000003,0
Camo 录像 2026-01-27 03-54-04,109,3.6333333333333333,73.35215,102.87288,80.64999999999998,0
Camo 录像 2026-01-27 03-54-04,110,3.6666666666666665,73.04591,103.34401,77.48000000000002,0
Camo 录像 2026-01-27 03-54-04,111,3.7,72.83429,104.07843,74.69999999999999,0
Camo 录像 2026-01-27 03-54-04,112,3.7333333333333334,72.51913,104.647934,71.37,0
Camo 录像 2026-01-27 03-54-04,113,3.7666666666666666,72.20362,105.26933,68.57,0
Camo 录像 2026-01-27 03-54-04,114,3.8,71.90518,105.993866,66.13,0
Camo 录像 2026-01-27 03-54-04,115,3.8333333333333335,71.495964,106.47656,63.78,0
Camo 录像 2026-01-27 03-54-04,116,3.8666666666666667,71.0966,107.02916,62.01999999999998,0
Camo 录像 2026-01-27 03-54-04,117,3.9,70.74276,107.76973,65.42000000000002,0
Camo 录像 2026-01-27 03-54-04,118,3.933333333333333,70.263405,108.09241,59.74000000000001,0
Camo 录像 2026-01-27 03-54-04,119,3.966666666666667,70.197525,109.015884,62.24000000000001,0
